Item_ID,Effect_1,Effect_2,Effect_3,Effect_4,Effect_5,Effect_6,Effect_7,Effect_8,Effect_9,Effect_10,Effect_11,Effect_12,Effect_13,Effect_14,Effect_15,Effect_16,Effect_17,Effect_18,Effect_19,Effect_20,Effect_21,Effect_22,Effect_23,Effect_24,Effect_25,Effect_26,Effect_27,Effect_28,Effect_29,Effect_30,Effect_31,Effect_32,Effect_33,Effect_34,Effect_35,Effect_36,Effect_37,Effect_38,Effect_39,Effect_40
2,945_9_9,983_64_64,,,,,,,,,,,,,,,,,,,,,,,,,,,,,,,,,,,,,,
4,853_0_0,983_64_64,,,,,,,,,,,,,,,,,,,,,,,,,,,,,,,,,,,,,,
39,126_2_2,,,,,,,,,,,,,,,,,,,,,,,,,,,,,,,,,,,,,,,
40,100_1_7,118_1_1,,,,,,,,,,,,,,,,,,,,,,,,,,,,,,,,,,,,,,
42,100_2_8,118_1_1,,,,,,,,,,,,,,,,,,,,,,,,,,,,,,,,,,,,,,
43,100_3_9,118_1_1,,,,,,,,,,,,,,,,,,,,,,,,,,,,,,,,,,,,,,
44,100_4_10,118_1_1,,,,,,,,,,,,,,,,,,,,,,,,,,,,,,,,,,,,,,
46,100_11_15,125_11_11,154_15_15,,,,,,,,,,,,,,,,,,,,,,,,,,,,,,,,,,,,,
47,100_12_16,125_12_12,154_16_16,,,,,,,,,,,,,,,,,,,,,,,,,,,,,,,,,,,,,
48,100_13_17,125_13_13,154_17_17,,,,,,,,,,,,,,,,,,,,,,,,,,,,,,,,,,,,,
49,100_14_18,125_14_14,154_18_18,,,,,,,,,,,,,,,,,,,,,,,,,,,,,,,,,,,,,
51,100_11_15,118_6_10,126_6_10,153_4_8,,,,,,,,,,,,,,,,,,,,,,,,,,,,,,,,,,,,
53,100_11_15,118_7_11,126_7_11,153_4_8,,,,,,,,,,,,,,,,,,,,,,,,,,,,,,,,,,,,
54,100_11_15,118_9_13,126_9_13,153_4_8,,,,,,,,,,,,,,,,,,,,,,,,,,,,,,,,,,,,
55,100_11_15,118_12_16,126_12_16,153_4_8,,,,,,,,,,,,,,,,,,,,,,,,,,,,,,,,,,,,
58,100_6_10,115_4_6,795_1_1,,,,,,,,,,,,,,,,,,,,,,,,,,,,,,,,,,,,,
59,100_6_10,125_11_15,155_6_10,,,,,,,,,,,,,,,,,,,,,,,,,,,,,,,,,,,,,
60,100_6_10,125_12_16,155_6_10,,,,,,,,,,,,,,,,,,,,,,,,,,,,,,,,,,,,,
61,100_6_10,125_13_17,155_6_10,,,,,,,,,,,,,,,,,,,,,,,,,,,,,,,,,,,,,
62,100_6_10,125_14_18,155_6_10,,,,,,,,,,,,,,,,,,,,,,,,,,,,,,,,,,,,,
65,125_30_30,100_26_30,118_30_30,119_30_30,155_30_30,,,,,,,,,,,,,,,,,,,,,,,,,,,,,,,,,,,
66,100_6_10,128_1_1,,,,,,,,,,,,,,,,,,,,,,,,,,,,,,,,,,,,,,
67,100_11_15,119_16_25,155_5_9,,,,,,,,,,,,,,,,,,,,,,,,,,,,,,,,,,,,,
68,126_4_4,,,,,,,,,,,,,,,,,,,,,,,,,,,,,,,,,,,,,,,
69,126_6_6,,,,,,,,,,,,,,,,,,,,,,,,,,,,,,,,,,,,,,,
70,126_8_8,,,,,,,,,,,,,,,,,,,,,,,,,,,,,,,,,,,,,,,
74,118_2_2,,,,,,,,,,,,,,,,,,,,,,,,,,,,,,,,,,,,,,,
75,118_4_4,,,,,,,,,,,,,,,,,,,,,,,,,,,,,,,,,,,,,,,
76,118_6_6,,,,,,,,,,,,,,,,,,,,,,,,,,,,,,,,,,,,,,,
77,118_8_8,,,,,,,,,,,,,,,,,,,,,,,,,,,,,,,,,,,,,,,
81,125_2_2,,,,,,,,,,,,,,,,,,,,,,,,,,,,,,,,,,,,,,,
82,125_4_4,,,,,,,,,,,,,,,,,,,,,,,,,,,,,,,,,,,,,,,
83,125_6_6,,,,,,,,,,,,,,,,,,,,,,,,,,,,,,,,,,,,,,,
84,125_8_8,,,,,,,,,,,,,,,,,,,,,,,,,,,,,,,,,,,,,,,
88,100_1_4,125_1_1,,,,,,,,,,,,,,,,,,,,,,,,,,,,,,,,,,,,,,
89,100_2_4,125_1_1,,,,,,,,,,,,,,,,,,,,,,,,,,,,,,,,,,,,,,
90,100_2_5,125_1_1,,,,,,,,,,,,,,,,,,,,,,,,,,,,,,,,,,,,,,
91,100_3_5,125_1_1,,,,,,,,,,,,,,,,,,,,,,,,,,,,,,,,,,,,,,
94,100_1_3,119_1_1,,,,,,,,,,,,,,,,,,,,,,,,,,,,,,,,,,,,,,
95,100_2_3,119_1_1,,,,,,,,,,,,,,,,,,,,,,,,,,,,,,,,,,,,,,
96,100_2_4,119_1_1,,,,,,,,,,,,,,,,,,,,,,,,,,,,,,,,,,,,,,
97,100_3_4,119_1_1,,,,,,,,,,,,,,,,,,,,,,,,,,,,,,,,,,,,,,
100,124_1_1,,,,,,,,,,,,,,,,,,,,,,,,,,,,,,,,,,,,,,,
101,124_2_2,,,,,,,,,,,,,,,,,,,,,,,,,,,,,,,,,,,,,,,
102,124_3_3,,,,,,,,,,,,,,,,,,,,,,,,,,,,,,,,,,,,,,,
103,124_4_4,,,,,,,,,,,,,,,,,,,,,,,,,,,,,,,,,,,,,,,
109,123_2_2,,,,,,,,,,,,,,,,,,,,,,,,,,,,,,,,,,,,,,,
110,123_4_4,,,,,,,,,,,,,,,,,,,,,,,,,,,,,,,,,,,,,,,
111,123_6_6,,,,,,,,,,,,,,,,,,,,,,,,,,,,,,,,,,,,,,,
112,123_8_8,,,,,,,,,,,,,,,,,,,,,,,,,,,,,,,,,,,,,,,
118,119_2_2,,,,,,,,,,,,,,,,,,,,,,,,,,,,,,,,,,,,,,,
119,119_4_4,,,,,,,,,,,,,,,,,,,,,,,,,,,,,,,,,,,,,,,
120,119_6_6,,,,,,,,,,,,,,,,,,,,,,,,,,,,,,,,,,,,,,,
121,119_8_8,,,,,,,,,,,,,,,,,,,,,,,,,,,,,,,,,,,,,,,
127,128_1_1,123_11_30,153_54_54,176_2_5,,,,,,,,,,,,,,,,,,,,,,,,,,,,,,,,,,,,
128,115_2_2,126_5_5,,,,,,,,,,,,,,,,,,,,,,,,,,,,,,,,,,,,,,
129,115_2_2,126_10_10,,,,,,,,,,,,,,,,,,,,,,,,,,,,,,,,,,,,,,
130,118_25_25,119_25_25,155_10_10,,,,,,,,,,,,,,,,,,,,,,,,,,,,,,,,,,,,,
132,100_2_6,126_1_1,,,,,,,,,,,,,,,,,,,,,,,,,,,,,,,,,,,,,,
133,100_3_7,126_1_1,,,,,,,,,,,,,,,,,,,,,,,,,,,,,,,,,,,,,,
134,100_4_8,126_1_1,,,,,,,,,,,,,,,,,,,,,,,,,,,,,,,,,,,,,,
138,100_3_7,118_1_1,,,,,,,,,,,,,,,,,,,,,,,,,,,,,,,,,,,,,,
139,100_5_9,118_1_1,,,,,,,,,,,,,,,,,,,,,,,,,,,,,,,,,,,,,,
140,100_7_11,118_1_1,,,,,,,,,,,,,,,,,,,,,,,,,,,,,,,,,,,,,,
144,100_1_5,125_1_1,,,,,,,,,,,,,,,,,,,,,,,,,,,,,,,,,,,,,,
145,100_2_6,125_1_1,,,,,,,,,,,,,,,,,,,,,,,,,,,,,,,,,,,,,,
146,100_3_7,125_1_1,,,,,,,,,,,,,,,,,,,,,,,,,,,,,,,,,,,,,,
147,100_4_8,125_1_1,,,,,,,,,,,,,,,,,,,,,,,,,,,,,,,,,,,,,,
150,100_1_5,125_1_1,,,,,,,,,,,,,,,,,,,,,,,,,,,,,,,,,,,,,,
151,100_2_6,125_1_1,,,,,,,,,,,,,,,,,,,,,,,,,,,,,,,,,,,,,,
152,100_3_7,125_1_1,,,,,,,,,,,,,,,,,,,,,,,,,,,,,,,,,,,,,,
153,100_4_8,125_1_1,,,,,,,,,,,,,,,,,,,,,,,,,,,,,,,,,,,,,,
156,123_21_35,115_2_2,112_1_1,154_11_20,,,,,,,,,,,,,,,,,,,,,,,,,,,,,,,,,,,,
157,124_4_4,126_4_4,125_4_4,,,,,,,,,,,,,,,,,,,,,,,,,,,,,,,,,,,,,
158,125_6_6,119_6_6,,,,,,,,,,,,,,,,,,,,,,,,,,,,,,,,,,,,,,
159,115_5_5,112_2_2,111_1_1,157_20_20,156_20_20,,,,,,,,,,,,,,,,,,,,,,,,,,,,,,,,,,,
160,124_16_25,125_16_25,126_16_25,111_1_1,,,,,,,,,,,,,,,,,,,,,,,,,,,,,,,,,,,,
161,117_1_1,125_4_4,,,,,,,,,,,,,,,,,,,,,,,,,,,,,,,,,,,,,,
162,100_11_15,124_1_1,,,,,,,,,,,,,,,,,,,,,,,,,,,,,,,,,,,,,,
163,100_12_16,124_1_1,,,,,,,,,,,,,,,,,,,,,,,,,,,,,,,,,,,,,,
164,100_13_17,124_1_1,,,,,,,,,,,,,,,,,,,,,,,,,,,,,,,,,,,,,,
165,100_14_18,126_1_1,,,,,,,,,,,,,,,,,,,,,,,,,,,,,,,,,,,,,,
168,100_6_10,126_11_15,157_1_5,,,,,,,,,,,,,,,,,,,,,,,,,,,,,,,,,,,,,
174,124_10_10,100_10_14,157_10_10,,,,,,,,,,,,,,,,,,,,,,,,,,,,,,,,,,,,,
180,111_1_1,128_1_1,100_16_20,117_1_1,157_11_40,124_21_40,126_21_40,,,,,,,,,,,,,,,,,,,,,,,,,,,,,,,,,
181,100_11_15,119_31_45,125_31_45,117_1_1,152_1_10,157_1_10,,,,,,,,,,,,,,,,,,,,,,,,,,,,,,,,,,
182,100_12_16,126_1_1,,,,,,,,,,,,,,,,,,,,,,,,,,,,,,,,,,,,,,
183,100_13_17,126_1_1,,,,,,,,,,,,,,,,,,,,,,,,,,,,,,,,,,,,,,
184,100_14_18,126_1_1,,,,,,,,,,,,,,,,,,,,,,,,,,,,,,,,,,,,,,
185,100_15_19,126_1_1,,,,,,,,,,,,,,,,,,,,,,,,,,,,,,,,,,,,,,
188,100_2_4,124_6_10,,,,,,,,,,,,,,,,,,,,,,,,,,,,,,,,,,,,,,
194,100_7_11,125_5_5,,,,,,,,,,,,,,,,,,,,,,,,,,,,,,,,,,,,,,
200,100_11_15,111_1_1,125_40_40,124_25_25,154_40_40,115_1_1,,,,,,,,,,,,,,,,,,,,,,,,,,,,,,,,,,
201,100_9_13,124_26_30,123_31_40,117_1_1,157_1_20,,,,,,,,,,,,,,,,,,,,,,,,,,,,,,,,,,,
202,118_30_30,100_26_40,119_40_40,125_40_40,155_10_10,156_10_10,,,,,,,,,,,,,,,,,,,,,,,,,,,,,,,,,,
203,125_31_50,115_4_4,155_11_30,,,,,,,,,,,,,,,,,,,,,,,,,,,,,,,,,,,,,
204,100_16_20,124_21_30,126_21_30,115_3_5,153_11_20,119_21_30,,,,,,,,,,,,,,,,,,,,,,,,,,,,,,,,,,
205,100_4_6,118_1_1,,,,,,,,,,,,,,,,,,,,,,,,,,,,,,,,,,,,,,
206,100_4_7,118_1_1,,,,,,,,,,,,,,,,,,,,,,,,,,,,,,,,,,,,,,
207,100_5_7,118_1_1,,,,,,,,,,,,,,,,,,,,,,,,,,,,,,,,,,,,,,
208,100_5_8,118_1_1,,,,,,,,,,,,,,,,,,,,,,,,,,,,,,,,,,,,,,
211,100_1_3,119_2_2,,,,,,,,,,,,,,,,,,,,,,,,,,,,,,,,,,,,,,
212,100_1_4,119_4_4,,,,,,,,,,,,,,,,,,,,,,,,,,,,,,,,,,,,,,
213,100_2_4,119_6_6,,,,,,,,,,,,,,,,,,,,,,,,,,,,,,,,,,,,,,
214,100_2_5,119_8_8,,,,,,,,,,,,,,,,,,,,,,,,,,,,,,,,,,,,,,
218,100_10_14,119_31_40,155_1_10,,,,,,,,,,,,,,,,,,,,,,,,,,,,,,,,,,,,,
219,100_12_18,123_31_40,125_31_40,115_2_6,157_11_20,119_31_40,,,,,,,,,,,,,,,,,,,,,,,,,,,,,,,,,,
220,100_10_14,125_30_30,111_1_1,123_30_30,156_10_10,112_3_3,,,,,,,,,,,,,,,,,,,,,,,,,,,,,,,,,,
221,100_11_15,118_1_1,,,,,,,,,,,,,,,,,,,,,,,,,,,,,,,,,,,,,,
222,100_12_16,118_1_1,,,,,,,,,,,,,,,,,,,,,,,,,,,,,,,,,,,,,,
223,100_13_17,118_1_1,,,,,,,,,,,,,,,,,,,,,,,,,,,,,,,,,,,,,,
224,100_14_18,118_1_1,,,,,,,,,,,,,,,,,,,,,,,,,,,,,,,,,,,,,,
227,100_6_10,126_5_5,154_3_3,,,,,,,,,,,,,,,,,,,,,,,,,,,,,,,,,,,,,
228,100_7_11,126_7_7,154_3_3,,,,,,,,,,,,,,,,,,,,,,,,,,,,,,,,,,,,,
229,100_8_12,126_9_9,154_3_3,,,,,,,,,,,,,,,,,,,,,,,,,,,,,,,,,,,,,
230,100_9_13,126_11_11,154_3_3,,,,,,,,,,,,,,,,,,,,,,,,,,,,,,,,,,,,,
233,100_16_25,119_21_30,125_51_70,126_21_30,118_21_30,,,,,,,,,,,,,,,,,,,,,,,,,,,,,,,,,,,
234,182_1_1,126_36_45,100_16_23,124_36_45,125_11_20,,,,,,,,,,,,,,,,,,,,,,,,,,,,,,,,,,,
235,100_16_20,119_1_1,,,,,,,,,,,,,,,,,,,,,,,,,,,,,,,,,,,,,,
236,119_21_30,100_6_10,157_1_10,,,,,,,,,,,,,,,,,,,,,,,,,,,,,,,,,,,,,
237,100_16_20,123_21_40,157_1_20,,,,,,,,,,,,,,,,,,,,,,,,,,,,,,,,,,,,,
238,100_6_10,125_5_5,154_3_3,,,,,,,,,,,,,,,,,,,,,,,,,,,,,,,,,,,,,
239,100_6_10,125_7_7,154_3_3,,,,,,,,,,,,,,,,,,,,,,,,,,,,,,,,,,,,,
240,100_6_10,125_9_9,154_3_3,,,,,,,,,,,,,,,,,,,,,,,,,,,,,,,,,,,,,
241,100_6_10,125_11_11,154_3_3,,,,,,,,,,,,,,,,,,,,,,,,,,,,,,,,,,,,,
244,100_6_10,118_5_5,155_3_3,,,,,,,,,,,,,,,,,,,,,,,,,,,,,,,,,,,,,
245,100_7_11,118_7_7,155_3_3,,,,,,,,,,,,,,,,,,,,,,,,,,,,,,,,,,,,,
246,100_8_12,118_9_9,155_3_3,,,,,,,,,,,,,,,,,,,,,,,,,,,,,,,,,,,,,
247,100_9_13,118_11_11,155_3_3,,,,,,,,,,,,,,,,,,,,,,,,,,,,,,,,,,,,,
250,125_31_50,115_3_5,96_7_13,111_1_1,123_16_30,182_1_1,112_2_3,,,,,,,,,,,,,,,,,,,,,,,,,,,,,,,,,
251,100_16_20,125_10_10,156_2_2,795_1_1,,,,,,,,,,,,,,,,,,,,,,,,,,,,,,,,,,,,
252,125_2_2,,,,,,,,,,,,,,,,,,,,,,,,,,,,,,,,,,,,,,,
253,125_4_4,,,,,,,,,,,,,,,,,,,,,,,,,,,,,,,,,,,,,,,
254,125_6_6,,,,,,,,,,,,,,,,,,,,,,,,,,,,,,,,,,,,,,,
255,125_8_8,,,,,,,,,,,,,,,,,,,,,,,,,,,,,,,,,,,,,,,
256,118_2_2,,,,,,,,,,,,,,,,,,,,,,,,,,,,,,,,,,,,,,,
257,118_4_4,,,,,,,,,,,,,,,,,,,,,,,,,,,,,,,,,,,,,,,
258,118_6_6,,,,,,,,,,,,,,,,,,,,,,,,,,,,,,,,,,,,,,,
259,118_8_8,,,,,,,,,,,,,,,,,,,,,,,,,,,,,,,,,,,,,,,
260,119_2_2,,,,,,,,,,,,,,,,,,,,,,,,,,,,,,,,,,,,,,,
261,119_4_4,,,,,,,,,,,,,,,,,,,,,,,,,,,,,,,,,,,,,,,
262,119_6_6,,,,,,,,,,,,,,,,,,,,,,,,,,,,,,,,,,,,,,,
263,119_8_8,,,,,,,,,,,,,,,,,,,,,,,,,,,,,,,,,,,,,,,
264,100_3_7,119_1_1,,,,,,,,,,,,,,,,,,,,,,,,,,,,,,,,,,,,,,
265,100_3_7,119_4_4,,,,,,,,,,,,,,,,,,,,,,,,,,,,,,,,,,,,,,
266,100_3_7,119_7_7,,,,,,,,,,,,,,,,,,,,,,,,,,,,,,,,,,,,,,
267,100_3_7,123_10_10,,,,,,,,,,,,,,,,,,,,,,,,,,,,,,,,,,,,,,
270,100_16_25,125_31_40,138_11_15,119_21_30,157_1_10,,,,,,,,,,,,,,,,,,,,,,,,,,,,,,,,,,,
271,100_6_10,115_1_1,795_1_1,,,,,,,,,,,,,,,,,,,,,,,,,,,,,,,,,,,,,
272,100_4_8,125_20_20,115_1_1,157_10_10,,,,,,,,,,,,,,,,,,,,,,,,,,,,,,,,,,,,
273,100_1_15,118_20_20,117_1_1,155_14_14,,,,,,,,,,,,,,,,,,,,,,,,,,,,,,,,,,,,
278,119_4_4,125_4_4,,,,,,,,,,,,,,,,,,,,,,,,,,,,,,,,,,,,,,
279,125_4_4,,,,,,,,,,,,,,,,,,,,,,,,,,,,,,,,,,,,,,,
280,123_6_6,,,,,,,,,,,,,,,,,,,,,,,,,,,,,,,,,,,,,,,
281,110_30_30,,,,,,,,,,,,,,,,,,,,,,,,,,,,,,,,,,,,,,,
282,110_51_100,,,,,,,,,,,,,,,,,,,,,,,,,,,,,,,,,,,,,,,
283,110_31_60,,,,,,,,,,,,,,,,,,,,,,,,,,,,,,,,,,,,,,,
293,100_6_10,124_5_5,119_5_5,155_9_9,,,,,,,,,,,,,,,,,,,,,,,,,,,,,,,,,,,,
294,100_7_11,124_7_7,119_7_7,155_9_9,,,,,,,,,,,,,,,,,,,,,,,,,,,,,,,,,,,,
295,100_8_12,124_9_9,119_9_9,155_9_9,,,,,,,,,,,,,,,,,,,,,,,,,,,,,,,,,,,,
296,100_9_13,124_11_11,119_11_11,155_9_9,,,,,,,,,,,,,,,,,,,,,,,,,,,,,,,,,,,,
297,119_2_2,,,,,,,,,,,,,,,,,,,,,,,,,,,,,,,,,,,,,,,
298,123_2_2,,,,,,,,,,,,,,,,,,,,,,,,,,,,,,,,,,,,,,,
299,115_3_6,,,,,,,,,,,,,,,,,,,,,,,,,,,,,,,,,,,,,,,
317,100_6_10,125_6_10,119_21_30,,,,,,,,,,,,,,,,,,,,,,,,,,,,,,,,,,,,,
318,100_7_11,125_10_10,119_26_35,,,,,,,,,,,,,,,,,,,,,,,,,,,,,,,,,,,,,
319,100_8_12,125_16_20,119_26_40,,,,,,,,,,,,,,,,,,,,,,,,,,,,,,,,,,,,,
320,100_9_13,125_11_15,119_26_45,,,,,,,,,,,,,,,,,,,,,,,,,,,,,,,,,,,,,
323,111_1_1,,,,,,,,,,,,,,,,,,,,,,,,,,,,,,,,,,,,,,,
324,123_6_6,,,,,,,,,,,,,,,,,,,,,,,,,,,,,,,,,,,,,,,
325,119_4_4,,,,,,,,,,,,,,,,,,,,,,,,,,,,,,,,,,,,,,,
326,182_2_2,241_2_2,242_2_2,243_2_2,,,,,,,,,,,,,,,,,,,,,,,,,,,,,,,,,,,,
327,100_16_20,118_16_16,153_20_20,,,,,,,,,,,,,,,,,,,,,,,,,,,,,,,,,,,,,
328,100_11_15,115_1_2,119_11_30,155_11_30,,,,,,,,,,,,,,,,,,,,,,,,,,,,,,,,,,,,
329,100_6_10,123_10_10,115_1_1,119_10_10,155_4_4,157_4_4,,,,,,,,,,,,,,,,,,,,,,,,,,,,,,,,,,
331,100_2_6,123_21_30,,,,,,,,,,,,,,,,,,,,,,,,,,,,,,,,,,,,,,
332,100_2_16,117_1_1,795_1_1,,,,,,,,,,,,,,,,,,,,,,,,,,,,,,,,,,,,,
333,100_6_10,117_1_1,124_26_30,123_16_20,157_1_20,,,,,,,,,,,,,,,,,,,,,,,,,,,,,,,,,,,
334,100_16_20,115_1_1,795_1_1,,,,,,,,,,,,,,,,,,,,,,,,,,,,,,,,,,,,,
335,100_16_20,117_1_1,115_2_5,123_11_30,176_2_5,157_20_20,,,,,,,,,,,,,,,,,,,,,,,,,,,,,,,,,,
336,100_2_6,115_5_5,,,,,,,,,,,,,,,,,,,,,,,,,,,,,,,,,,,,,,
337,100_6_10,118_10_10,155_2_2,,,,,,,,,,,,,,,,,,,,,,,,,,,,,,,,,,,,,
338,100_16_20,119_10_10,153_4_4,,,,,,,,,,,,,,,,,,,,,,,,,,,,,,,,,,,,,
339,100_16_20,123_16_20,115_2_3,155_16_20,,,,,,,,,,,,,,,,,,,,,,,,,,,,,,,,,,,,
340,100_1_3,119_5_5,,,,,,,,,,,,,,,,,,,,,,,,,,,,,,,,,,,,,,
341,100_5_7,128_1_1,,,,,,,,,,,,,,,,,,,,,,,,,,,,,,,,,,,,,,
342,100_6_10,118_21_25,152_1_10,,,,,,,,,,,,,,,,,,,,,,,,,,,,,,,,,,,,,
345,100_11_15,118_6_10,115_1_1,153_1_5,,,,,,,,,,,,,,,,,,,,,,,,,,,,,,,,,,,,
346,125_8_8,123_8_8,,,,,,,,,,,,,,,,,,,,,,,,,,,,,,,,,,,,,,
347,100_16_20,123_31_40,125_31_40,155_1_20,,,,,,,,,,,,,,,,,,,,,,,,,,,,,,,,,,,,
348,128_1_1,123_11_30,157_20_20,176_2_5,,,,,,,,,,,,,,,,,,,,,,,,,,,,,,,,,,,,
351,110_1_1,,,,,,,,,,,,,,,,,,,,,,,,,,,,,,,,,,,,,,,
352,100_6_10,125_8_12,,,,,,,,,,,,,,,,,,,,,,,,,,,,,,,,,,,,,,
353,100_11_25,123_10_10,153_4_4,,,,,,,,,,,,,,,,,,,,,,,,,,,,,,,,,,,,,
354,100_11_15,124_16_20,152_16_20,,,,,,,,,,,,,,,,,,,,,,,,,,,,,,,,,,,,,
355,118_4_4,123_4_4,,,,,,,,,,,,,,,,,,,,,,,,,,,,,,,,,,,,,,
356,118_21_30,125_21_30,154_1_20,,,,,,,,,,,,,,,,,,,,,,,,,,,,,,,,,,,,,
357,100_1_25,119_1_1,,,,,,,,,,,,,,,,,,,,,,,,,,,,,,,,,,,,,,
358,119_11_15,100_1_35,152_11_15,,,,,,,,,,,,,,,,,,,,,,,,,,,,,,,,,,,,,
359,123_4_4,125_4_4,112_2_2,,,,,,,,,,,,,,,,,,,,,,,,,,,,,,,,,,,,,
436,100_2_4,115_3_3,123_10_10,,,,,,,,,,,,,,,,,,,,,,,,,,,,,,,,,,,,,
454,100_2_4,125_1_1,,,,,,,,,,,,,,,,,,,,,,,,,,,,,,,,,,,,,,
455,100_3_7,123_10_10,118_10_10,125_10_10,154_15_15,,,,,,,,,,,,,,,,,,,,,,,,,,,,,,,,,,,
456,100_11_15,118_26_35,119_26_35,153_6_15,,,,,,,,,,,,,,,,,,,,,,,,,,,,,,,,,,,,
458,123_4_4,124_4_4,115_1_1,,,,,,,,,,,,,,,,,,,,,,,,,,,,,,,,,,,,,
462,100_3_7,124_15_15,111_1_1,153_66_66,,,,,,,,,,,,,,,,,,,,,,,,,,,,,,,,,,,,
468,110_10_10,,,,,,,,,,,,,,,,,,,,,,,,,,,,,,,,,,,,,,,
469,100_16_20,124_26_30,152_1_20,,,,,,,,,,,,,,,,,,,,,,,,,,,,,,,,,,,,,
478,100_16_20,124_20_20,126_26_35,123_26_35,157_16_25,,,,,,,,,,,,,,,,,,,,,,,,,,,,,,,,,,,
482,100_12_16,118_16_20,115_1_1,153_1_5,,,,,,,,,,,,,,,,,,,,,,,,,,,,,,,,,,,,
483,100_13_17,118_21_25,115_1_1,153_1_5,,,,,,,,,,,,,,,,,,,,,,,,,,,,,,,,,,,,
484,100_14_18,118_26_30,115_1_1,153_1_5,,,,,,,,,,,,,,,,,,,,,,,,,,,,,,,,,,,,
489,100_1_1,,,,,,,,,,,,,,,,,,,,,,,,,,,,,,,,,,,,,,,
490,100_1_1,,,,,,,,,,,,,,,,,,,,,,,,,,,,,,,,,,,,,,,
491,100_2_4,174_10_10,,,,,,,,,,,,,,,,,,,,,,,,,,,,,,,,,,,,,,
492,100_1_1,,,,,,,,,,,,,,,,,,,,,,,,,,,,,,,,,,,,,,,
493,100_2_4,,,,,,,,,,,,,,,,,,,,,,,,,,,,,,,,,,,,,,,
494,100_2_4,,,,,,,,,,,,,,,,,,,,,,,,,,,,,,,,,,,,,,,
495,100_2_4,,,,,,,,,,,,,,,,,,,,,,,,,,,,,,,,,,,,,,,
496,100_2_4,,,,,,,,,,,,,,,,,,,,,,,,,,,,,,,,,,,,,,,
497,100_2_4,,,,,,,,,,,,,,,,,,,,,,,,,,,,,,,,,,,,,,,
498,100_2_4,,,,,,,,,,,,,,,,,,,,,,,,,,,,,,,,,,,,,,,
499,100_2_4,,,,,,,,,,,,,,,,,,,,,,,,,,,,,,,,,,,,,,,
500,100_2_4,,,,,,,,,,,,,,,,,,,,,,,,,,,,,,,,,,,,,,,
502,100_11_15,126_21_35,153_1_5,,,,,,,,,,,,,,,,,,,,,,,,,,,,,,,,,,,,,
515,100_31_45,115_4_5,126_21_30,123_21_30,154_1_30,125_21_30,,,,,,,,,,,,,,,,,,,,,,,,,,,,,,,,,,
520,110_51_100,,,,,,,,,,,,,,,,,,,,,,,,,,,,,,,,,,,,,,,
521,110_30_30,,,,,,,,,,,,,,,,,,,,,,,,,,,,,,,,,,,,,,,
522,110_40_40,,,,,,,,,,,,,,,,,,,,,,,,,,,,,,,,,,,,,,,
524,110_45_45,,,,,,,,,,,,,,,,,,,,,,,,,,,,,,,,,,,,,,,
526,110_100_100,,,,,,,,,,,,,,,,,,,,,,,,,,,,,,,,,,,,,,,
527,110_50_50,,,,,,,,,,,,,,,,,,,,,,,,,,,,,,,,,,,,,,,
528,110_50_50,,,,,,,,,,,,,,,,,,,,,,,,,,,,,,,,,,,,,,,
536,110_30_30,,,,,,,,,,,,,,,,,,,,,,,,,,,,,,,,,,,,,,,
539,110_50_50,,,,,,,,,,,,,,,,,,,,,,,,,,,,,,,,,,,,,,,
548,600_1_1,,,,,,,,,,,,,,,,,,,,,,,,,,,,,,,,,,,,,,,
577,100_2_4,125_1_1,,,,,,,,,,,,,,,,,,,,,,,,,,,,,,,,,,,,,,
579,100_2_4,,,,,,,,,,,,,,,,,,,,,,,,,,,,,,,,,,,,,,,
580,139_101_200,,,,,,,,,,,,,,,,,,,,,,,,,,,,,,,,,,,,,,,
592,100_4_8,118_10_10,123_15_15,126_15_15,153_10_10,,,,,,,,,,,,,,,,,,,,,,,,,,,,,,,,,,,
596,96_1_4,,,,,,,,,,,,,,,,,,,,,,,,,,,,,,,,,,,,,,,
597,706_?_?,,,,,,,,,,,,,,,,,,,,,,,,,,,,,,,,,,,,,,,
610,117_1_1,,,,,,,,,,,,,,,,,,,,,,,,,,,,,,,,,,,,,,,
616,123_21_30,,,,,,,,,,,,,,,,,,,,,,,,,,,,,,,,,,,,,,,
617,115_2_2,125_16_25,118_16_25,,,,,,,,,,,,,,,,,,,,,,,,,,,,,,,,,,,,,
619,100_11_15,115_2_6,182_3_4,112_3_7,119_31_50,157_1_10,,,,,,,,,,,,,,,,,,,,,,,,,,,,,,,,,,
620,100_31_45,112_4_6,118_21_30,115_1_2,155_1_20,,,,,,,,,,,,,,,,,,,,,,,,,,,,,,,,,,,
629,125_21_35,,,,,,,,,,,,,,,,,,,,,,,,,,,,,,,,,,,,,,,
638,123_12_41,,,,,,,,,,,,,,,,,,,,,,,,,,,,,,,,,,,,,,,
639,115_5_5,124_2_21,123_20_20,,,,,,,,,,,,,,,,,,,,,,,,,,,,,,,,,,,,,
640,100_1_15,138_6_10,119_11_30,,,,,,,,,,,,,,,,,,,,,,,,,,,,,,,,,,,,,
657,100_7_11,182_2_2,124_16_25,152_11_20,,,,,,,,,,,,,,,,,,,,,,,,,,,,,,,,,,,,
658,100_6_10,182_1_1,125_11_20,157_1_20,,,,,,,,,,,,,,,,,,,,,,,,,,,,,,,,,,,,
673,100_6_10,119_3_3,155_5_5,,,,,,,,,,,,,,,,,,,,,,,,,,,,,,,,,,,,,
674,100_16_20,115_1_1,125_21_30,157_1_10,,,,,,,,,,,,,,,,,,,,,,,,,,,,,,,,,,,,
675,100_11_15,125_20_20,155_5_5,157_5_5,,,,,,,,,,,,,,,,,,,,,,,,,,,,,,,,,,,,
676,100_11_15,119_21_30,153_1_10,,,,,,,,,,,,,,,,,,,,,,,,,,,,,,,,,,,,,
677,127_1_1,,,,,,,,,,,,,,,,,,,,,,,,,,,,,,,,,,,,,,,
678,605_1_1000,,,,,,,,,,,,,,,,,,,,,,,,,,,,,,,,,,,,,,,
679,605_1_100,,,,,,,,,,,,,,,,,,,,,,,,,,,,,,,,,,,,,,,
680,605_2_10000,,,,,,,,,,,,,,,,,,,,,,,,,,,,,,,,,,,,,,,
683,607_1_1,,,,,,,,,,,,,,,,,,,,,,,,,,,,,,,,,,,,,,,
684,613_1_1,,,,,,,,,,,,,,,,,,,,,,,,,,,,,,,,,,,,,,,
686,611_1_1,,,,,,,,,,,,,,,,,,,,,,,,,,,,,,,,,,,,,,,
692,110_20_20,,,,,,,,,,,,,,,,,,,,,,,,,,,,,,,,,,,,,,,
694,138_26_50,,,,,,,,,,,,,,,,,,,,,,,,,,,,,,,,,,,,,,,
695,614_64_64,,,,,,,,,,,,,,,,,,,,,,,,,,,,,,,,,,,,,,,
696,138_6_20,,,,,,,,,,,,,,,,,,,,,,,,,,,,,,,,,,,,,,,
697,118_6_20,124_1_5,,,,,,,,,,,,,,,,,,,,,,,,,,,,,,,,,,,,,,
698,117_1_2,,,,,,,,,,,,,,,,,,,,,,,,,,,,,,,,,,,,,,,
699,125_11_50,,,,,,,,,,,,,,,,,,,,,,,,,,,,,,,,,,,,,,,
700,182_1_1,,,,,,,,,,,,,,,,,,,,,,,,,,,,,,,,,,,,,,,
701,123_11_50,,,,,,,,,,,,,,,,,,,,,,,,,,,,,,,,,,,,,,,
702,115_3_10,,,,,,,,,,,,,,,,,,,,,,,,,,,,,,,,,,,,,,,
703,126_11_60,118_11_60,,,,,,,,,,,,,,,,,,,,,,,,,,,,,,,,,,,,,,
704,119_11_60,125_11_60,,,,,,,,,,,,,,,,,,,,,,,,,,,,,,,,,,,,,,
705,118_21_60,112_3_5,,,,,,,,,,,,,,,,,,,,,,,,,,,,,,,,,,,,,,
706,125_21_50,,,,,,,,,,,,,,,,,,,,,,,,,,,,,,,,,,,,,,,
707,118_11_50,138_11_20,,,,,,,,,,,,,,,,,,,,,,,,,,,,,,,,,,,,,,
708,123_11_50,115_1_2,,,,,,,,,,,,,,,,,,,,,,,,,,,,,,,,,,,,,,
709,118_11_40,126_11_40,125_11_40,,,,,,,,,,,,,,,,,,,,,,,,,,,,,,,,,,,,,
710,182_1_1,,,,,,,,,,,,,,,,,,,,,,,,,,,,,,,,,,,,,,,
711,182_1_1,126_11_50,,,,,,,,,,,,,,,,,,,,,,,,,,,,,,,,,,,,,,
712,124_16_25,,,,,,,,,,,,,,,,,,,,,,,,,,,,,,,,,,,,,,,
713,614_64_64,,,,,,,,,,,,,,,,,,,,,,,,,,,,,,,,,,,,,,,
714,614_64_64,,,,,,,,,,,,,,,,,,,,,,,,,,,,,,,,,,,,,,,
715,614_64_64,,,,,,,,,,,,,,,,,,,,,,,,,,,,,,,,,,,,,,,
716,614_64_64,,,,,,,,,,,,,,,,,,,,,,,,,,,,,,,,,,,,,,,
717,614_64_64,,,,,,,,,,,,,,,,,,,,,,,,,,,,,,,,,,,,,,,
718,604_?_?,,,,,,,,,,,,,,,,,,,,,,,,,,,,,,,,,,,,,,,
719,604_?_?,,,,,,,,,,,,,,,,,,,,,,,,,,,,,,,,,,,,,,,
720,604_733_733,,,,,,,,,,,,,,,,,,,,,,,,,,,,,,,,,,,,,,,
721,604_738_738,,,,,,,,,,,,,,,,,,,,,,,,,,,,,,,,,,,,,,,
724,604_?_?,,,,,,,,,,,,,,,,,,,,,,,,,,,,,,,,,,,,,,,
725,604_?_?,,,,,,,,,,,,,,,,,,,,,,,,,,,,,,,,,,,,,,,
726,604_?_?,,,,,,,,,,,,,,,,,,,,,,,,,,,,,,,,,,,,,,,
727,604_?_?,,,,,,,,,,,,,,,,,,,,,,,,,,,,,,,,,,,,,,,
728,604_?_?,,,,,,,,,,,,,,,,,,,,,,,,,,,,,,,,,,,,,,,
729,604_?_?,,,,,,,,,,,,,,,,,,,,,,,,,,,,,,,,,,,,,,,
730,604_?_?,,,,,,,,,,,,,,,,,,,,,,,,,,,,,,,,,,,,,,,
731,604_800_800,,,,,,,,,,,,,,,,,,,,,,,,,,,,,,,,,,,,,,,
732,124_25_25,157_5_5,155_5_5,,,,,,,,,,,,,,,,,,,,,,,,,,,,,,,,,,,,,
733,118_11_20,119_11_20,126_11_20,123_11_30,176_2_5,125_21_30,,,,,,,,,,,,,,,,,,,,,,,,,,,,,,,,,,
734,118_25_25,153_5_5,,,,,,,,,,,,,,,,,,,,,,,,,,,,,,,,,,,,,,
737,125_51_100,,,,,,,,,,,,,,,,,,,,,,,,,,,,,,,,,,,,,,,
739,115_11_20,,,,,,,,,,,,,,,,,,,,,,,,,,,,,,,,,,,,,,,
742,100_11_15,123_26_40,154_1_10,795_1_1,,,,,,,,,,,,,,,,,,,,,,,,,,,,,,,,,,,,
743,110_200_200,139_1000_1000,,,,,,,,,,,,,,,,,,,,,,,,,,,,,,,,,,,,,,
744,123_11_40,,,,,,,,,,,,,,,,,,,,,,,,,,,,,,,,,,,,,,,
754,241_3_7,242_3_7,243_3_7,,,,,,,,,,,,,,,,,,,,,,,,,,,,,,,,,,,,,
758,138_21_30,125_6_10,,,,,,,,,,,,,,,,,,,,,,,,,,,,,,,,,,,,,,
759,240_4_12,244_4_12,127_1_1,241_4_12,242_4_12,243_4_12,,,,,,,,,,,,,,,,,,,,,,,,,,,,,,,,,,
760,110_1_10,,,,,,,,,,,,,,,,,,,,,,,,,,,,,,,,,,,,,,,
764,126_1_1,,,,,,,,,,,,,,,,,,,,,,,,,,,,,,,,,,,,,,,
765,100_6_10,123_11_11,157_10_10,,,,,,,,,,,,,,,,,,,,,,,,,,,,,,,,,,,,,
766,112_1_1,,,,,,,,,,,,,,,,,,,,,,,,,,,,,,,,,,,,,,,
767,118_2_6,155_2_6,,,,,,,,,,,,,,,,,,,,,,,,,,,,,,,,,,,,,,
768,125_2_6,152_2_6,,,,,,,,,,,,,,,,,,,,,,,,,,,,,,,,,,,,,,
769,123_6_10,153_6_10,,,,,,,,,,,,,,,,,,,,,,,,,,,,,,,,,,,,,,
770,126_6_10,157_6_10,,,,,,,,,,,,,,,,,,,,,,,,,,,,,,,,,,,,,,
771,100_6_10,123_10_10,156_7_7,,,,,,,,,,,,,,,,,,,,,,,,,,,,,,,,,,,,,
772,240_2_4,244_2_4,,,,,,,,,,,,,,,,,,,,,,,,,,,,,,,,,,,,,,
773,119_11_20,,,,,,,,,,,,,,,,,,,,,,,,,,,,,,,,,,,,,,,
774,125_11_20,,,,,,,,,,,,,,,,,,,,,,,,,,,,,,,,,,,,,,,
775,115_2_3,,,,,,,,,,,,,,,,,,,,,,,,,,,,,,,,,,,,,,,
776,118_11_20,,,,,,,,,,,,,,,,,,,,,,,,,,,,,,,,,,,,,,,
777,123_11_20,128_1_1,,,,,,,,,,,,,,,,,,,,,,,,,,,,,,,,,,,,,,
778,152_10_10,126_10_10,,,,,,,,,,,,,,,,,,,,,,,,,,,,,,,,,,,,,,
779,241_3_7,242_3_7,243_3_7,138_6_10,,,,,,,,,,,,,,,,,,,,,,,,,,,,,,,,,,,,
781,126_21_35,,,,,,,,,,,,,,,,,,,,,,,,,,,,,,,,,,,,,,,
782,100_8_12,124_11_20,,,,,,,,,,,,,,,,,,,,,,,,,,,,,,,,,,,,,,
783,119_15_15,123_15_15,,,,,,,,,,,,,,,,,,,,,,,,,,,,,,,,,,,,,,
784,123_6_10,155_6_10,,,,,,,,,,,,,,,,,,,,,,,,,,,,,,,,,,,,,,
785,118_6_15,,,,,,,,,,,,,,,,,,,,,,,,,,,,,,,,,,,,,,,
786,126_6_10,153_6_10,,,,,,,,,,,,,,,,,,,,,,,,,,,,,,,,,,,,,,
787,119_2_6,152_2_6,,,,,,,,,,,,,,,,,,,,,,,,,,,,,,,,,,,,,,
789,118_2_2,154_2_2,,,,,,,,,,,,,,,,,,,,,,,,,,,,,,,,,,,,,,
790,123_11_30,112_1_2,,,,,,,,,,,,,,,,,,,,,,,,,,,,,,,,,,,,,,
791,100_6_10,123_15_15,124_15_15,126_15_15,157_30_30,,,,,,,,,,,,,,,,,,,,,,,,,,,,,,,,,,,
795,607_1_1,,,,,,,,,,,,,,,,,,,,,,,,,,,,,,,,,,,,,,,
796,607_1_1,,,,,,,,,,,,,,,,,,,,,,,,,,,,,,,,,,,,,,,
797,607_2_2,,,,,,,,,,,,,,,,,,,,,,,,,,,,,,,,,,,,,,,
798,609_1_1,,,,,,,,,,,,,,,,,,,,,,,,,,,,,,,,,,,,,,,
799,609_1_1,,,,,,,,,,,,,,,,,,,,,,,,,,,,,,,,,,,,,,,
800,609_1_1,,,,,,,,,,,,,,,,,,,,,,,,,,,,,,,,,,,,,,,
801,609_2_2,,,,,,,,,,,,,,,,,,,,,,,,,,,,,,,,,,,,,,,
802,606_1_1,,,,,,,,,,,,,,,,,,,,,,,,,,,,,,,,,,,,,,,
803,606_1_1,,,,,,,,,,,,,,,,,,,,,,,,,,,,,,,,,,,,,,,
804,606_1_1,,,,,,,,,,,,,,,,,,,,,,,,,,,,,,,,,,,,,,,
805,606_2_2,,,,,,,,,,,,,,,,,,,,,,,,,,,,,,,,,,,,,,,
806,610_1_1,,,,,,,,,,,,,,,,,,,,,,,,,,,,,,,,,,,,,,,
807,610_1_1,,,,,,,,,,,,,,,,,,,,,,,,,,,,,,,,,,,,,,,
808,610_1_1,,,,,,,,,,,,,,,,,,,,,,,,,,,,,,,,,,,,,,,
809,608_1_1,,,,,,,,,,,,,,,,,,,,,,,,,,,,,,,,,,,,,,,
810,610_2_2,,,,,,,,,,,,,,,,,,,,,,,,,,,,,,,,,,,,,,,
811,608_1_1,,,,,,,,,,,,,,,,,,,,,,,,,,,,,,,,,,,,,,,
812,608_1_1,,,,,,,,,,,,,,,,,,,,,,,,,,,,,,,,,,,,,,,
814,608_2_2,,,,,,,,,,,,,,,,,,,,,,,,,,,,,,,,,,,,,,,
815,611_1_1,,,,,,,,,,,,,,,,,,,,,,,,,,,,,,,,,,,,,,,
816,611_1_1,,,,,,,,,,,,,,,,,,,,,,,,,,,,,,,,,,,,,,,
817,611_2_2,,,,,,,,,,,,,,,,,,,,,,,,,,,,,,,,,,,,,,,
819,100_7_11,125_9_13,,,,,,,,,,,,,,,,,,,,,,,,,,,,,,,,,,,,,,
820,100_8_12,125_10_14,,,,,,,,,,,,,,,,,,,,,,,,,,,,,,,,,,,,,,
821,100_9_13,125_11_15,,,,,,,,,,,,,,,,,,,,,,,,,,,,,,,,,,,,,,
822,100_13_27,123_12_12,153_4_4,,,,,,,,,,,,,,,,,,,,,,,,,,,,,,,,,,,,,
823,100_15_29,123_14_14,153_4_4,,,,,,,,,,,,,,,,,,,,,,,,,,,,,,,,,,,,,
824,100_17_31,123_16_16,153_4_4,,,,,,,,,,,,,,,,,,,,,,,,,,,,,,,,,,,,,
825,100_18_22,119_15_15,153_9_9,,,,,,,,,,,,,,,,,,,,,,,,,,,,,,,,,,,,,
826,100_20_24,119_20_20,153_14_14,,,,,,,,,,,,,,,,,,,,,,,,,,,,,,,,,,,,,
827,100_22_26,119_25_25,153_19_19,,,,,,,,,,,,,,,,,,,,,,,,,,,,,,,,,,,,,
828,100_3_5,174_10_10,,,,,,,,,,,,,,,,,,,,,,,,,,,,,,,,,,,,,,
829,100_3_5,126_1_1,,,,,,,,,,,,,,,,,,,,,,,,,,,,,,,,,,,,,,
830,100_8_12,126_16_20,157_1_5,,,,,,,,,,,,,,,,,,,,,,,,,,,,,,,,,,,,,
831,100_10_14,126_21_25,157_1_5,,,,,,,,,,,,,,,,,,,,,,,,,,,,,,,,,,,,,
832,100_12_16,126_26_30,157_1_5,,,,,,,,,,,,,,,,,,,,,,,,,,,,,,,,,,,,,
833,100_12_16,124_12_12,157_10_10,,,,,,,,,,,,,,,,,,,,,,,,,,,,,,,,,,,,,
834,100_14_18,124_14_14,157_10_10,,,,,,,,,,,,,,,,,,,,,,,,,,,,,,,,,,,,,
835,100_16_20,124_16_16,157_10_10,,,,,,,,,,,,,,,,,,,,,,,,,,,,,,,,,,,,,
836,111_1_1,116_1_1,157_100_100,155_100_100,154_100_100,152_100_100,,,,,,,,,,,,,,,,,,,,,,,,,,,,,,,,,,
837,118_11_20,155_11_20,,,,,,,,,,,,,,,,,,,,,,,,,,,,,,,,,,,,,,
841,111_1_1,155_200_200,157_200_200,154_150_150,152_150_150,,,,,,,,,,,,,,,,,,,,,,,,,,,,,,,,,,,
849,118_2_2,,,,,,,,,,,,,,,,,,,,,,,,,,,,,,,,,,,,,,,
850,119_1_1,,,,,,,,,,,,,,,,,,,,,,,,,,,,,,,,,,,,,,,
851,125_1_1,,,,,,,,,,,,,,,,,,,,,,,,,,,,,,,,,,,,,,,
852,126_1_1,,,,,,,,,,,,,,,,,,,,,,,,,,,,,,,,,,,,,,,
853,123_1_1,,,,,,,,,,,,,,,,,,,,,,,,,,,,,,,,,,,,,,,
854,118_1_1,,,,,,,,,,,,,,,,,,,,,,,,,,,,,,,,,,,,,,,
856,119_1_1,,,,,,,,,,,,,,,,,,,,,,,,,,,,,,,,,,,,,,,
859,119_1_1,,,,,,,,,,,,,,,,,,,,,,,,,,,,,,,,,,,,,,,
860,123_1_1,,,,,,,,,,,,,,,,,,,,,,,,,,,,,,,,,,,,,,,
861,118_6_10,154_6_10,,,,,,,,,,,,,,,,,,,,,,,,,,,,,,,,,,,,,,
862,126_6_10,,,,,,,,,,,,,,,,,,,,,,,,,,,,,,,,,,,,,,,
863,119_6_10,,,,,,,,,,,,,,,,,,,,,,,,,,,,,,,,,,,,,,,
864,123_6_10,,,,,,,,,,,,,,,,,,,,,,,,,,,,,,,,,,,,,,,
867,111_1_1,157_35_35,155_35_35,182_1_1,152_35_35,154_35_35,,,,,,,,,,,,,,,,,,,,,,,,,,,,,,,,,,
878,614_64_64,,,,,,,,,,,,,,,,,,,,,,,,,,,,,,,,,,,,,,,
879,614_64_64,,,,,,,,,,,,,,,,,,,,,,,,,,,,,,,,,,,,,,,
888,115_2_2,126_15_15,,,,,,,,,,,,,,,,,,,,,,,,,,,,,,,,,,,,,,
889,115_2_2,126_20_20,,,,,,,,,,,,,,,,,,,,,,,,,,,,,,,,,,,,,,
890,119_3_3,,,,,,,,,,,,,,,,,,,,,,,,,,,,,,,,,,,,,,,
891,119_4_4,,,,,,,,,,,,,,,,,,,,,,,,,,,,,,,,,,,,,,,
892,119_5_5,,,,,,,,,,,,,,,,,,,,,,,,,,,,,,,,,,,,,,,
893,100_6_10,126_11_15,119_11_15,156_1_5,152_1_20,,,,,,,,,,,,,,,,,,,,,,,,,,,,,,,,,,,
894,100_7_11,126_13_17,119_13_17,156_1_5,152_1_20,,,,,,,,,,,,,,,,,,,,,,,,,,,,,,,,,,,
895,100_8_12,126_15_19,119_15_19,156_1_5,152_1_20,,,,,,,,,,,,,,,,,,,,,,,,,,,,,,,,,,,
896,100_9_13,126_17_21,119_17_21,156_1_5,152_1_20,,,,,,,,,,,,,,,,,,,,,,,,,,,,,,,,,,,
897,100_8_12,124_15_15,115_1_1,155_18_18,,,,,,,,,,,,,,,,,,,,,,,,,,,,,,,,,,,,
898,100_8_12,124_15_15,115_2_2,155_18_18,,,,,,,,,,,,,,,,,,,,,,,,,,,,,,,,,,,,
899,100_8_12,124_15_15,115_3_3,155_18_18,,,,,,,,,,,,,,,,,,,,,,,,,,,,,,,,,,,,
900,100_8_12,124_15_15,115_4_4,155_18_18,,,,,,,,,,,,,,,,,,,,,,,,,,,,,,,,,,,,
902,125_6_10,119_6_10,157_1_10,,,,,,,,,,,,,,,,,,,,,,,,,,,,,,,,,,,,,
903,125_11_15,119_11_15,157_1_10,,,,,,,,,,,,,,,,,,,,,,,,,,,,,,,,,,,,,
904,125_16_20,119_16_20,157_1_10,,,,,,,,,,,,,,,,,,,,,,,,,,,,,,,,,,,,,
905,125_21_25,119_21_25,118_21_30,,,,,,,,,,,,,,,,,,,,,,,,,,,,,,,,,,,,,
906,128_1_1,123_6_10,2100_1_1,,,,,,,,,,,,,,,,,,,,,,,,,,,,,,,,,,,,,
907,128_1_1,123_16_20,2100_1_1,,,,,,,,,,,,,,,,,,,,,,,,,,,,,,,,,,,,,
908,128_1_1,123_26_30,2100_1_1,,,,,,,,,,,,,,,,,,,,,,,,,,,,,,,,,,,,,
909,128_1_1,123_26_35,2100_1_1,,,,,,,,,,,,,,,,,,,,,,,,,,,,,,,,,,,,,
910,124_31_40,119_31_40,115_5_6,112_3_4,182_1_1,125_31_40,,,,,,,,,,,,,,,,,,,,,,,,,,,,,,,,,,
911,127_1_1,2100_1_1,,,,,,,,,,,,,,,,,,,,,,,,,,,,,,,,,,,,,,
912,124_31_40,119_36_50,115_7_8,112_5_6,125_51_70,241_10_12,242_10_12,243_10_12,182_1_2,,,,,,,,,,,,,,,,,,,,,,,,,,,,,,,
916,115_10_10,241_1_1,242_1_1,243_1_1,240_1_1,244_1_1,154_30_30,153_20_20,,,,,,,,,,,,,,,,,,,,,,,,,,,,,,,,
917,117_1_2,115_6_10,123_21_50,119_21_50,176_11_15,157_50_50,155_50_50,,,,,,,,,,,,,,,,,,,,,,,,,,,,,,,,,
919,100_6_10,112_1_1,126_41_50,157_1_30,,,,,,,,,,,,,,,,,,,,,,,,,,,,,,,,,,,,
922,100_2_4,,,,,,,,,,,,,,,,,,,,,,,,,,,,,,,,,,,,,,,
923,100_21_35,138_6_10,124_26_30,125_31_50,118_21_30,155_1_20,,,,,,,,,,,,,,,,,,,,,,,,,,,,,,,,,,
924,125_21_25,119_21_25,157_1_10,,,,,,,,,,,,,,,,,,,,,,,,,,,,,,,,,,,,,
927,100_21_35,126_26_35,118_26_35,115_10_10,153_11_20,138_10_10,156_6_15,,,,,,,,,,,,,,,,,,,,,,,,,,,,,,,,,
928,100_11_28,118_1_5,,,,,,,,,,,,,,,,,,,,,,,,,,,,,,,,,,,,,,
932,125_6_10,,,,,,,,,,,,,,,,,,,,,,,,,,,,,,,,,,,,,,,
933,125_11_15,,,,,,,,,,,,,,,,,,,,,,,,,,,,,,,,,,,,,,,
934,125_16_20,,,,,,,,,,,,,,,,,,,,,,,,,,,,,,,,,,,,,,,
935,123_1_5,,,,,,,,,,,,,,,,,,,,,,,,,,,,,,,,,,,,,,,
936,123_1_10,,,,,,,,,,,,,,,,,,,,,,,,,,,,,,,,,,,,,,,
937,123_1_15,,,,,,,,,,,,,,,,,,,,,,,,,,,,,,,,,,,,,,,
940,240_1_3,244_1_3,,,,,,,,,,,,,,,,,,,,,,,,,,,,,,,,,,,,,,
941,124_1_5,,,,,,,,,,,,,,,,,,,,,,,,,,,,,,,,,,,,,,,
942,241_1_3,242_1_3,243_1_3,,,,,,,,,,,,,,,,,,,,,,,,,,,,,,,,,,,,,
943,125_1_5,,,,,,,,,,,,,,,,,,,,,,,,,,,,,,,,,,,,,,,
944,125_1_10,,,,,,,,,,,,,,,,,,,,,,,,,,,,,,,,,,,,,,,
945,124_2_3,,,,,,,,,,,,,,,,,,,,,,,,,,,,,,,,,,,,,,,
946,124_3_5,,,,,,,,,,,,,,,,,,,,,,,,,,,,,,,,,,,,,,,
947,124_6_10,,,,,,,,,,,,,,,,,,,,,,,,,,,,,,,,,,,,,,,
948,111_1_1,155_1_300,157_1_300,125_1_30,152_1_300,154_1_300,,,,,,,,,,,,,,,,,,,,,,,,,,,,,,,,,,
949,125_1_15,,,,,,,,,,,,,,,,,,,,,,,,,,,,,,,,,,,,,,,
951,100_1_1,,,,,,,,,,,,,,,,,,,,,,,,,,,,,,,,,,,,,,,
952,125_21_60,138_6_15,,,,,,,,,,,,,,,,,,,,,,,,,,,,,,,,,,,,,,
953,128_1_1,119_1_100,157_100_100,155_100_100,152_100_100,,,,,,,,,,,,,,,,,,,,,,,,,,,,,,,,,,,
954,112_1_2,,,,,,,,,,,,,,,,,,,,,,,,,,,,,,,,,,,,,,,
955,125_31_100,,,,,,,,,,,,,,,,,,,,,,,,,,,,,,,,,,,,,,,
956,117_1_2,,,,,,,,,,,,,,,,,,,,,,,,,,,,,,,,,,,,,,,
957,138_6_15,125_11_20,,,,,,,,,,,,,,,,,,,,,,,,,,,,,,,,,,,,,,
958,124_1_20,119_1_50,123_1_50,125_1_50,118_1_50,126_1_50,521_0_0,,,,,,,,,,,,,,,,,,,,,,,,,,,,,,,,,
966,603_?_?,,,,,,,,,,,,,,,,,,,,,,,,,,,,,,,,,,,,,,,
967,124_1_20,111_1_1,125_1_30,112_1_3,,,,,,,,,,,,,,,,,,,,,,,,,,,,,,,,,,,,
968,111_1_1,125_1_30,124_1_30,112_1_3,,,,,,,,,,,,,,,,,,,,,,,,,,,,,,,,,,,,
969,125_1_100,,,,,,,,,,,,,,,,,,,,,,,,,,,,,,,,,,,,,,,
970,100_11_30,125_1_100,,,,,,,,,,,,,,,,,,,,,,,,,,,,,,,,,,,,,,
971,125_1_100,,,,,,,,,,,,,,,,,,,,,,,,,,,,,,,,,,,,,,,
972,124_6_50,,,,,,,,,,,,,,,,,,,,,,,,,,,,,,,,,,,,,,,
976,241_1_10,242_1_10,243_1_10,240_1_10,244_1_10,,,,,,,,,,,,,,,,,,,,,,,,,,,,,,,,,,,
989,139_100_100,,,,,,,,,,,,,,,,,,,,,,,,,,,,,,,,,,,,,,,
990,139_70_70,,,,,,,,,,,,,,,,,,,,,,,,,,,,,,,,,,,,,,,
991,139_200_200,,,,,,,,,,,,,,,,,,,,,,,,,,,,,,,,,,,,,,,
992,139_50_50,,,,,,,,,,,,,,,,,,,,,,,,,,,,,,,,,,,,,,,
993,110_51_100,,,,,,,,,,,,,,,,,,,,,,,,,,,,,,,,,,,,,,,
994,110_101_200,,,,,,,,,,,,,,,,,,,,,,,,,,,,,,,,,,,,,,,
995,110_11_20,,,,,,,,,,,,,,,,,,,,,,,,,,,,,,,,,,,,,,,
996,601_?_?,,,,,,,,,,,,,,,,,,,,,,,,,,,,,,,,,,,,,,,
1019,125_11_15,124_1_5,,,,,,,,,,,,,,,,,,,,,,,,,,,,,,,,,,,,,,
1021,158_31_50,174_51_100,,,,,,,,,,,,,,,,,,,,,,,,,,,,,,,,,,,,,,
1026,100_4_7,119_21_30,125_11_15,152_1_10,,,,,,,,,,,,,,,,,,,,,,,,,,,,,,,,,,,,
1027,100_5_8,119_25_34,125_13_17,152_1_10,,,,,,,,,,,,,,,,,,,,,,,,,,,,,,,,,,,,
1028,100_6_9,119_29_38,125_16_20,152_1_10,,,,,,,,,,,,,,,,,,,,,,,,,,,,,,,,,,,,
1029,100_7_10,119_31_40,125_18_22,152_1_10,,,,,,,,,,,,,,,,,,,,,,,,,,,,,,,,,,,,
1030,98_1_7,119_6_20,123_6_20,153_6_45,96_1_7,,,,,,,,,,,,,,,,,,,,,,,,,,,,,,,,,,,
1031,100_16_20,119_21_40,125_21_40,112_4_5,127_1_1,,,,,,,,,,,,,,,,,,,,,,,,,,,,,,,,,,,
1032,100_5_11,119_16_25,123_9_13,115_1_1,156_1_5,,,,,,,,,,,,,,,,,,,,,,,,,,,,,,,,,,,
1033,100_6_12,119_18_27,123_12_16,115_2_2,156_1_5,,,,,,,,,,,,,,,,,,,,,,,,,,,,,,,,,,,
1034,100_7_13,119_18_27,123_15_19,115_2_2,156_1_5,,,,,,,,,,,,,,,,,,,,,,,,,,,,,,,,,,,
1035,100_8_14,119_18_27,123_20_24,115_2_2,156_1_5,,,,,,,,,,,,,,,,,,,,,,,,,,,,,,,,,,,
1036,100_6_11,119_27_36,124_6_10,115_3_3,157_1_15,155_1_15,,,,,,,,,,,,,,,,,,,,,,,,,,,,,,,,,,
1037,100_7_12,119_32_46,124_6_10,115_3_3,155_1_15,157_1_15,,,,,,,,,,,,,,,,,,,,,,,,,,,,,,,,,,
1038,100_8_13,119_33_52,124_11_15,115_4_4,157_1_15,155_1_15,,,,,,,,,,,,,,,,,,,,,,,,,,,,,,,,,,
1039,100_9_14,119_41_60,124_11_15,115_4_4,157_1_15,155_1_15,,,,,,,,,,,,,,,,,,,,,,,,,,,,,,,,,,
1040,100_11_18,128_1_1,119_31_50,124_11_20,115_3_5,2100_1_1,,,,,,,,,,,,,,,,,,,,,,,,,,,,,,,,,,
1041,100_12_26,118_20_20,154_20_20,125_15_15,,,,,,,,,,,,,,,,,,,,,,,,,,,,,,,,,,,,
1042,100_14_20,124_10_10,125_20_20,154_15_15,,,,,,,,,,,,,,,,,,,,,,,,,,,,,,,,,,,,
1043,100_14_21,124_11_11,125_22_22,154_20_20,,,,,,,,,,,,,,,,,,,,,,,,,,,,,,,,,,,,
1044,100_14_22,124_13_13,125_24_24,154_20_20,,,,,,,,,,,,,,,,,,,,,,,,,,,,,,,,,,,,
1045,100_14_23,124_15_15,125_26_26,154_20_20,,,,,,,,,,,,,,,,,,,,,,,,,,,,,,,,,,,,
1046,100_14_20,118_21_30,123_16_20,155_1_30,112_1_1,,,,,,,,,,,,,,,,,,,,,,,,,,,,,,,,,,,
1047,100_15_21,118_23_32,123_13_22,155_1_30,112_1_1,,,,,,,,,,,,,,,,,,,,,,,,,,,,,,,,,,,
1048,100_16_22,118_25_34,123_15_24,155_1_30,112_1_1,,,,,,,,,,,,,,,,,,,,,,,,,,,,,,,,,,,
1049,100_17_23,118_27_36,123_17_26,155_1_30,112_1_1,,,,,,,,,,,,,,,,,,,,,,,,,,,,,,,,,,,
1050,100_16_25,126_26_35,118_26_35,115_2_2,153_1_35,,,,,,,,,,,,,,,,,,,,,,,,,,,,,,,,,,,
1051,100_16_27,126_28_37,118_28_37,115_2_2,153_1_35,,,,,,,,,,,,,,,,,,,,,,,,,,,,,,,,,,,
1052,100_16_29,126_30_39,118_30_39,115_2_2,153_1_35,,,,,,,,,,,,,,,,,,,,,,,,,,,,,,,,,,,
1053,100_16_31,126_32_41,118_32_41,115_2_2,153_1_35,,,,,,,,,,,,,,,,,,,,,,,,,,,,,,,,,,,
1054,100_6_10,128_1_1,157_41_60,155_41_60,119_11_40,112_1_2,,,,,,,,,,,,,,,,,,,,,,,,,,,,,,,,,,
1055,100_7_11,126_15_15,124_7_7,157_15_15,,,,,,,,,,,,,,,,,,,,,,,,,,,,,,,,,,,,
1056,100_6_11,126_18_18,124_9_9,157_15_15,,,,,,,,,,,,,,,,,,,,,,,,,,,,,,,,,,,,
1057,100_6_12,126_21_21,124_11_11,157_15_15,,,,,,,,,,,,,,,,,,,,,,,,,,,,,,,,,,,,
1058,100_6_13,126_24_24,124_13_13,157_15_15,,,,,,,,,,,,,,,,,,,,,,,,,,,,,,,,,,,,
1059,100_5_9,126_10_10,124_7_7,153_10_10,,,,,,,,,,,,,,,,,,,,,,,,,,,,,,,,,,,,
1060,100_11_14,118_10_10,123_5_5,,,,,,,,,,,,,,,,,,,,,,,,,,,,,,,,,,,,,
1061,100_12_15,118_12_12,123_5_5,,,,,,,,,,,,,,,,,,,,,,,,,,,,,,,,,,,,,
1062,100_14_17,118_14_14,123_5_5,,,,,,,,,,,,,,,,,,,,,,,,,,,,,,,,,,,,,
1063,100_16_19,118_16_16,123_5_5,,,,,,,,,,,,,,,,,,,,,,,,,,,,,,,,,,,,,
1064,100_9_13,126_14_14,125_12_12,,,,,,,,,,,,,,,,,,,,,,,,,,,,,,,,,,,,,
1065,100_9_14,126_16_16,125_12_12,,,,,,,,,,,,,,,,,,,,,,,,,,,,,,,,,,,,,
1066,100_9_15,126_18_18,125_14_14,,,,,,,,,,,,,,,,,,,,,,,,,,,,,,,,,,,,,
1067,100_9_16,126_20_20,125_15_15,,,,,,,,,,,,,,,,,,,,,,,,,,,,,,,,,,,,,
1068,100_13_17,124_8_8,125_15_15,240_1_1,244_1_1,152_15_15,,,,,,,,,,,,,,,,,,,,,,,,,,,,,,,,,,
1069,100_14_18,124_8_8,125_17_17,240_1_1,244_1_1,152_15_15,,,,,,,,,,,,,,,,,,,,,,,,,,,,,,,,,,
1070,100_15_19,124_9_9,125_19_19,240_1_1,244_1_1,152_15_15,,,,,,,,,,,,,,,,,,,,,,,,,,,,,,,,,,
1071,100_16_20,124_10_10,125_21_21,240_1_2,244_1_2,152_15_15,,,,,,,,,,,,,,,,,,,,,,,,,,,,,,,,,,
1072,100_17_24,118_16_25,123_6_10,112_1_1,153_1_20,,,,,,,,,,,,,,,,,,,,,,,,,,,,,,,,,,,
1073,100_18_25,118_21_30,123_11_15,112_1_2,153_1_20,,,,,,,,,,,,,,,,,,,,,,,,,,,,,,,,,,,
1074,100_19_27,118_21_30,123_11_15,112_1_2,153_1_20,,,,,,,,,,,,,,,,,,,,,,,,,,,,,,,,,,,
1075,100_21_30,118_21_30,123_11_15,112_2_2,153_1_20,,,,,,,,,,,,,,,,,,,,,,,,,,,,,,,,,,,
1076,100_11_18,126_21_30,124_6_10,115_1_1,153_1_20,,,,,,,,,,,,,,,,,,,,,,,,,,,,,,,,,,,
1077,100_11_19,126_23_32,124_6_10,115_1_2,153_1_20,,,,,,,,,,,,,,,,,,,,,,,,,,,,,,,,,,,
1078,100_11_20,126_25_34,124_6_10,115_1_2,153_1_20,,,,,,,,,,,,,,,,,,,,,,,,,,,,,,,,,,,
1079,100_11_21,126_27_36,124_6_10,115_2_2,153_1_20,,,,,,,,,,,,,,,,,,,,,,,,,,,,,,,,,,,
1080,100_21_25,126_16_30,118_16_30,125_25_25,152_5_5,156_15_15,,,,,,,,,,,,,,,,,,,,,,,,,,,,,,,,,,
1081,100_22_27,126_17_33,118_17_33,125_26_26,152_5_5,156_15_15,,,,,,,,,,,,,,,,,,,,,,,,,,,,,,,,,,
1082,100_23_29,126_19_36,118_19_36,125_28_28,152_5_5,156_15_15,,,,,,,,,,,,,,,,,,,,,,,,,,,,,,,,,,
1083,100_24_31,126_21_40,118_21_40,125_30_30,156_15_15,152_5_5,,,,,,,,,,,,,,,,,,,,,,,,,,,,,,,,,,
1084,126_21_50,100_11_20,124_21_30,123_21_40,153_11_40,,,,,,,,,,,,,,,,,,,,,,,,,,,,,,,,,,,
1085,100_31_50,118_41_80,124_16_25,125_31_50,116_1_2,,,,,,,,,,,,,,,,,,,,,,,,,,,,,,,,,,,
1087,126_11_20,,,,,,,,,,,,,,,,,,,,,,,,,,,,,,,,,,,,,,,
1088,112_3_7,,,,,,,,,,,,,,,,,,,,,,,,,,,,,,,,,,,,,,,
1090,138_6_20,983_?_?,,,,,,,,,,,,,,,,,,,,,,,,,,,,,,,,,,,,,,
1091,710_1_1,616_66_66,,,,,,,,,,,,,,,,,,,,,,,,,,,,,,,,,,,,,,
1092,100_4_7,118_10_10,119_7_7,152_5_5,,,,,,,,,,,,,,,,,,,,,,,,,,,,,,,,,,,,
1093,100_5_8,118_12_12,119_10_10,152_5_5,,,,,,,,,,,,,,,,,,,,,,,,,,,,,,,,,,,,
1094,100_6_9,118_14_14,119_12_12,152_5_5,,,,,,,,,,,,,,,,,,,,,,,,,,,,,,,,,,,,
1095,100_6_10,118_16_16,119_14_14,152_5_5,,,,,,,,,,,,,,,,,,,,,,,,,,,,,,,,,,,,
1096,118_16_25,124_6_10,153_1_10,100_7_10,,,,,,,,,,,,,,,,,,,,,,,,,,,,,,,,,,,,
1097,118_19_28,124_6_10,153_1_10,100_7_11,,,,,,,,,,,,,,,,,,,,,,,,,,,,,,,,,,,,
1098,118_21_30,124_6_10,153_1_10,100_8_12,,,,,,,,,,,,,,,,,,,,,,,,,,,,,,,,,,,,
1099,123_1_1,,,,,,,,,,,,,,,,,,,,,,,,,,,,,,,,,,,,,,,
1101,100_6_7,126_7_7,118_7_7,,,,,,,,,,,,,,,,,,,,,,,,,,,,,,,,,,,,,
1102,100_6_8,126_8_8,118_8_8,,,,,,,,,,,,,,,,,,,,,,,,,,,,,,,,,,,,,
1103,100_6_9,118_9_9,126_9_9,,,,,,,,,,,,,,,,,,,,,,,,,,,,,,,,,,,,,
1104,100_6_10,126_10_10,118_10_10,,,,,,,,,,,,,,,,,,,,,,,,,,,,,,,,,,,,,
1105,100_5_8,126_16_20,118_21_25,156_1_5,,,,,,,,,,,,,,,,,,,,,,,,,,,,,,,,,,,,
1107,100_5_9,118_21_25,126_21_25,156_1_5,,,,,,,,,,,,,,,,,,,,,,,,,,,,,,,,,,,,
1108,100_5_10,118_21_30,126_21_30,156_1_5,,,,,,,,,,,,,,,,,,,,,,,,,,,,,,,,,,,,
1109,100_6_10,126_21_25,119_6_10,153_1_10,,,,,,,,,,,,,,,,,,,,,,,,,,,,,,,,,,,,
1110,100_7_11,126_26_30,119_11_15,153_1_10,,,,,,,,,,,,,,,,,,,,,,,,,,,,,,,,,,,,
1111,100_7_12,126_26_35,119_16_20,153_1_10,,,,,,,,,,,,,,,,,,,,,,,,,,,,,,,,,,,,
1112,118_26_35,124_6_10,153_1_10,100_8_13,,,,,,,,,,,,,,,,,,,,,,,,,,,,,,,,,,,,
1113,100_3_12,119_21_40,126_1_20,118_1_20,156_1_15,,,,,,,,,,,,,,,,,,,,,,,,,,,,,,,,,,,
1114,100_3_14,119_21_42,118_1_22,126_1_22,156_2_16,,,,,,,,,,,,,,,,,,,,,,,,,,,,,,,,,,,
1115,100_3_16,119_21_45,118_1_25,126_1_25,156_3_17,,,,,,,,,,,,,,,,,,,,,,,,,,,,,,,,,,,
1116,100_4_19,119_21_50,118_1_30,126_1_30,156_3_19,,,,,,,,,,,,,,,,,,,,,,,,,,,,,,,,,,,
1117,100_4_6,126_15_15,119_10_10,152_5_5,,,,,,,,,,,,,,,,,,,,,,,,,,,,,,,,,,,,
1118,100_5_8,126_20_20,119_15_15,152_7_7,,,,,,,,,,,,,,,,,,,,,,,,,,,,,,,,,,,,
1119,100_7_12,126_25_25,119_20_20,152_9_9,,,,,,,,,,,,,,,,,,,,,,,,,,,,,,,,,,,,
1120,100_8_14,126_26_26,119_25_25,152_10_10,,,,,,,,,,,,,,,,,,,,,,,,,,,,,,,,,,,,
1121,100_8_12,126_15_15,153_20_20,240_1_1,244_1_1,241_1_1,242_1_1,243_1_1,,,,,,,,,,,,,,,,,,,,,,,,,,,,,,,,
1122,100_9_14,126_20_20,153_25_25,240_1_2,244_1_2,241_1_2,242_1_2,243_1_2,,,,,,,,,,,,,,,,,,,,,,,,,,,,,,,,
1123,100_10_16,126_25_25,153_27_27,240_2_2,244_2_2,241_2_2,242_2_2,243_2_2,,,,,,,,,,,,,,,,,,,,,,,,,,,,,,,,
1124,100_11_18,126_21_30,153_1_30,240_2_3,244_2_3,241_2_3,242_2_3,243_2_3,,,,,,,,,,,,,,,,,,,,,,,,,,,,,,,,
1125,100_11_18,118_25_25,119_25_25,152_10_10,156_5_5,112_3_3,115_3_3,,,,,,,,,,,,,,,,,,,,,,,,,,,,,,,,,
1126,100_12_21,118_21_30,119_21_30,152_1_10,156_1_5,112_3_4,115_3_4,,,,,,,,,,,,,,,,,,,,,,,,,,,,,,,,,
1127,100_13_23,118_26_35,119_26_35,152_1_10,156_1_5,112_4_4,115_4_4,,,,,,,,,,,,,,,,,,,,,,,,,,,,,,,,,
1128,100_14_25,118_26_45,119_26_45,152_1_10,156_1_5,112_4_5,115_4_5,,,,,,,,,,,,,,,,,,,,,,,,,,,,,,,,,
1130,710_1_1,616_71_71,,,,,,,,,,,,,,,,,,,,,,,,,,,,,,,,,,,,,,
1131,100_5_11,118_21_40,126_21_40,156_1_5,,,,,,,,,,,,,,,,,,,,,,,,,,,,,,,,,,,,
1132,94_1_10,124_11_20,125_21_40,111_1_1,155_61_90,,,,,,,,,,,,,,,,,,,,,,,,,,,,,,,,,,,
1133,100_7_10,125_11_15,126_26_35,152_1_5,,,,,,,,,,,,,,,,,,,,,,,,,,,,,,,,,,,,
1134,100_8_12,125_11_15,126_26_40,152_1_5,,,,,,,,,,,,,,,,,,,,,,,,,,,,,,,,,,,,
1135,100_9_14,125_11_20,126_26_40,152_1_5,,,,,,,,,,,,,,,,,,,,,,,,,,,,,,,,,,,,
1136,100_10_16,125_11_20,126_26_45,152_1_5,,,,,,,,,,,,,,,,,,,,,,,,,,,,,,,,,,,,
1137,100_5_8,124_18_18,126_10_10,153_25_25,123_5_5,,,,,,,,,,,,,,,,,,,,,,,,,,,,,,,,,,,
1138,100_5_8,126_15_15,124_20_20,123_7_7,153_29_29,,,,,,,,,,,,,,,,,,,,,,,,,,,,,,,,,,,
1139,100_5_9,126_20_20,124_22_22,123_10_10,153_33_33,,,,,,,,,,,,,,,,,,,,,,,,,,,,,,,,,,,
1140,100_5_10,126_25_25,124_23_23,123_12_12,153_40_40,,,,,,,,,,,,,,,,,,,,,,,,,,,,,,,,,,,
1143,100_9_18,126_41_50,118_16_20,241_2_2,242_2_2,243_2_2,154_1_20,153_1_30,,,,,,,,,,,,,,,,,,,,,,,,,,,,,,,,
1144,100_11_20,126_46_55,118_21_25,241_2_3,242_2_3,243_2_3,154_1_20,153_1_30,,,,,,,,,,,,,,,,,,,,,,,,,,,,,,,,
1145,100_12_21,126_51_60,118_21_30,241_3_3,242_3_3,243_3_3,154_1_20,153_1_30,,,,,,,,,,,,,,,,,,,,,,,,,,,,,,,,
1146,100_13_23,126_56_65,118_26_35,241_4_6,242_4_6,243_4_6,154_1_20,153_1_30,,,,,,,,,,,,,,,,,,,,,,,,,,,,,,,,
1147,100_8_14,126_26_35,119_21_25,153_1_10,,,,,,,,,,,,,,,,,,,,,,,,,,,,,,,,,,,,
1148,100_11_15,118_21_25,152_1_10,,,,,,,,,,,,,,,,,,,,,,,,,,,,,,,,,,,,,
1149,100_13_17,118_28_28,152_12_12,,,,,,,,,,,,,,,,,,,,,,,,,,,,,,,,,,,,,
1150,100_15_19,118_33_33,152_15_15,,,,,,,,,,,,,,,,,,,,,,,,,,,,,,,,,,,,,
1151,100_17_21,118_26_40,152_1_10,,,,,,,,,,,,,,,,,,,,,,,,,,,,,,,,,,,,,
1152,100_8_12,123_10_10,124_10_10,153_25_25,,,,,,,,,,,,,,,,,,,,,,,,,,,,,,,,,,,,
1153,100_9_13,124_13_13,123_15_15,153_35_35,,,,,,,,,,,,,,,,,,,,,,,,,,,,,,,,,,,,
1154,100_9_14,124_16_16,123_20_20,153_45_45,,,,,,,,,,,,,,,,,,,,,,,,,,,,,,,,,,,,
1157,100_10_16,124_20_20,123_25_25,153_50_50,,,,,,,,,,,,,,,,,,,,,,,,,,,,,,,,,,,,
1161,100_7_13,126_26_40,125_11_15,157_1_60,240_1_2,244_1_2,241_1_2,242_1_2,243_1_2,,,,,,,,,,,,,,,,,,,,,,,,,,,,,,,
1162,100_10_18,157_1_60,126_56_75,125_21_30,240_3_4,244_3_4,241_3_4,242_3_4,243_3_4,,,,,,,,,,,,,,,,,,,,,,,,,,,,,,,
1163,100_8_14,157_1_60,126_31_45,125_16_20,240_2_2,244_2_2,241_2_2,242_2_2,243_2_2,,,,,,,,,,,,,,,,,,,,,,,,,,,,,,,
1164,100_9_16,157_1_60,126_31_50,125_21_25,240_2_2,244_2_2,241_2_2,242_2_2,243_2_2,,,,,,,,,,,,,,,,,,,,,,,,,,,,,,,
1165,710_1_1,616_65_65,,,,,,,,,,,,,,,,,,,,,,,,,,,,,,,,,,,,,,
1166,710_1_1,616_67_67,,,,,,,,,,,,,,,,,,,,,,,,,,,,,,,,,,,,,,
1167,710_1_1,616_?_?,,,,,,,,,,,,,,,,,,,,,,,,,,,,,,,,,,,,,,
1168,710_1_1,616_68_68,,,,,,,,,,,,,,,,,,,,,,,,,,,,,,,,,,,,,,
1169,710_1_1,616_77_77,,,,,,,,,,,,,,,,,,,,,,,,,,,,,,,,,,,,,,
1170,710_1_1,616_69_69,,,,,,,,,,,,,,,,,,,,,,,,,,,,,,,,,,,,,,
1171,710_1_1,616_?_?,,,,,,,,,,,,,,,,,,,,,,,,,,,,,,,,,,,,,,
1172,710_1_1,616_74_74,,,,,,,,,,,,,,,,,,,,,,,,,,,,,,,,,,,,,,
1173,710_1_1,616_?_?,,,,,,,,,,,,,,,,,,,,,,,,,,,,,,,,,,,,,,
1174,710_1_1,616_75_75,,,,,,,,,,,,,,,,,,,,,,,,,,,,,,,,,,,,,,
1175,710_1_1,616_?_?,,,,,,,,,,,,,,,,,,,,,,,,,,,,,,,,,,,,,,
1176,710_1_1,616_73_73,,,,,,,,,,,,,,,,,,,,,,,,,,,,,,,,,,,,,,
1177,710_1_1,616_76_76,,,,,,,,,,,,,,,,,,,,,,,,,,,,,,,,,,,,,,
1178,710_1_1,616_?_?,,,,,,,,,,,,,,,,,,,,,,,,,,,,,,,,,,,,,,
1179,710_1_1,616_70_70,,,,,,,,,,,,,,,,,,,,,,,,,,,,,,,,,,,,,,
1180,710_1_1,616_72_72,,,,,,,,,,,,,,,,,,,,,,,,,,,,,,,,,,,,,,
1181,710_1_1,616_78_78,,,,,,,,,,,,,,,,,,,,,,,,,,,,,,,,,,,,,,
1182,110_11_20,,,,,,,,,,,,,,,,,,,,,,,,,,,,,,,,,,,,,,,
1183,110_21_40,,,,,,,,,,,,,,,,,,,,,,,,,,,,,,,,,,,,,,,
1184,710_1_1,616_1_1,,,,,,,,,,,,,,,,,,,,,,,,,,,,,,,,,,,,,,
1185,710_1_1,616_2_2,,,,,,,,,,,,,,,,,,,,,,,,,,,,,,,,,,,,,,
1186,710_1_1,616_3_3,,,,,,,,,,,,,,,,,,,,,,,,,,,,,,,,,,,,,,
1187,710_1_1,616_4_4,,,,,,,,,,,,,,,,,,,,,,,,,,,,,,,,,,,,,,
1188,710_1_1,616_11_11,,,,,,,,,,,,,,,,,,,,,,,,,,,,,,,,,,,,,,
1189,710_1_1,616_6_6,,,,,,,,,,,,,,,,,,,,,,,,,,,,,,,,,,,,,,
1190,710_1_1,616_9_9,,,,,,,,,,,,,,,,,,,,,,,,,,,,,,,,,,,,,,
1191,710_1_1,616_?_?,,,,,,,,,,,,,,,,,,,,,,,,,,,,,,,,,,,,,,
1192,710_1_1,616_14_14,,,,,,,,,,,,,,,,,,,,,,,,,,,,,,,,,,,,,,
1193,710_1_1,616_12_12,,,,,,,,,,,,,,,,,,,,,,,,,,,,,,,,,,,,,,
1194,710_1_1,616_13_13,,,,,,,,,,,,,,,,,,,,,,,,,,,,,,,,,,,,,,
1195,710_1_1,616_5_5,,,,,,,,,,,,,,,,,,,,,,,,,,,,,,,,,,,,,,
1196,710_1_1,616_10_10,,,,,,,,,,,,,,,,,,,,,,,,,,,,,,,,,,,,,,
1197,710_1_1,616_8_8,,,,,,,,,,,,,,,,,,,,,,,,,,,,,,,,,,,,,,
1198,710_1_1,616_?_?,,,,,,,,,,,,,,,,,,,,,,,,,,,,,,,,,,,,,,
1199,710_1_1,616_?_?,,,,,,,,,,,,,,,,,,,,,,,,,,,,,,,,,,,,,,
1200,710_1_1,616_?_?,,,,,,,,,,,,,,,,,,,,,,,,,,,,,,,,,,,,,,
1201,710_1_1,616_7_7,,,,,,,,,,,,,,,,,,,,,,,,,,,,,,,,,,,,,,
1202,710_1_1,616_?_?,,,,,,,,,,,,,,,,,,,,,,,,,,,,,,,,,,,,,,
1203,710_1_1,616_?_?,,,,,,,,,,,,,,,,,,,,,,,,,,,,,,,,,,,,,,
1204,710_1_1,616_?_?,,,,,,,,,,,,,,,,,,,,,,,,,,,,,,,,,,,,,,
1205,710_1_1,616_?_?,,,,,,,,,,,,,,,,,,,,,,,,,,,,,,,,,,,,,,
1206,710_1_1,616_?_?,,,,,,,,,,,,,,,,,,,,,,,,,,,,,,,,,,,,,,
1207,710_1_1,616_90_90,,,,,,,,,,,,,,,,,,,,,,,,,,,,,,,,,,,,,,
1208,710_1_1,616_91_91,,,,,,,,,,,,,,,,,,,,,,,,,,,,,,,,,,,,,,
1209,710_1_1,616_92_92,,,,,,,,,,,,,,,,,,,,,,,,,,,,,,,,,,,,,,
1210,710_1_1,616_93_93,,,,,,,,,,,,,,,,,,,,,,,,,,,,,,,,,,,,,,
1211,710_1_1,616_94_94,,,,,,,,,,,,,,,,,,,,,,,,,,,,,,,,,,,,,,
1212,710_1_1,616_?_?,,,,,,,,,,,,,,,,,,,,,,,,,,,,,,,,,,,,,,
1213,710_1_1,616_96_96,,,,,,,,,,,,,,,,,,,,,,,,,,,,,,,,,,,,,,
1214,710_1_1,616_97_97,,,,,,,,,,,,,,,,,,,,,,,,,,,,,,,,,,,,,,
1215,710_1_1,616_?_?,,,,,,,,,,,,,,,,,,,,,,,,,,,,,,,,,,,,,,
1216,710_1_1,616_98_98,,,,,,,,,,,,,,,,,,,,,,,,,,,,,,,,,,,,,,
1217,710_1_1,616_99_99,,,,,,,,,,,,,,,,,,,,,,,,,,,,,,,,,,,,,,
1218,710_1_1,616_95_95,,,,,,,,,,,,,,,,,,,,,,,,,,,,,,,,,,,,,,
1219,710_1_1,616_?_?,,,,,,,,,,,,,,,,,,,,,,,,,,,,,,,,,,,,,,
1220,710_1_1,616_?_?,,,,,,,,,,,,,,,,,,,,,,,,,,,,,,,,,,,,,,
1221,710_1_1,616_?_?,,,,,,,,,,,,,,,,,,,,,,,,,,,,,,,,,,,,,,
1222,710_1_1,616_?_?,,,,,,,,,,,,,,,,,,,,,,,,,,,,,,,,,,,,,,
1223,710_1_1,616_?_?,,,,,,,,,,,,,,,,,,,,,,,,,,,,,,,,,,,,,,
1224,710_1_1,616_?_?,,,,,,,,,,,,,,,,,,,,,,,,,,,,,,,,,,,,,,
1225,710_1_1,616_?_?,,,,,,,,,,,,,,,,,,,,,,,,,,,,,,,,,,,,,,
1226,710_1_1,616_?_?,,,,,,,,,,,,,,,,,,,,,,,,,,,,,,,,,,,,,,
1227,710_1_1,616_?_?,,,,,,,,,,,,,,,,,,,,,,,,,,,,,,,,,,,,,,
1228,710_1_1,616_29_29,,,,,,,,,,,,,,,,,,,,,,,,,,,,,,,,,,,,,,
1229,710_1_1,616_?_?,,,,,,,,,,,,,,,,,,,,,,,,,,,,,,,,,,,,,,
1230,710_1_1,616_30_30,,,,,,,,,,,,,,,,,,,,,,,,,,,,,,,,,,,,,,
1231,710_1_1,616_31_31,,,,,,,,,,,,,,,,,,,,,,,,,,,,,,,,,,,,,,
1232,710_1_1,616_35_35,,,,,,,,,,,,,,,,,,,,,,,,,,,,,,,,,,,,,,
1233,710_1_1,616_33_33,,,,,,,,,,,,,,,,,,,,,,,,,,,,,,,,,,,,,,
1234,710_1_1,616_39_39,,,,,,,,,,,,,,,,,,,,,,,,,,,,,,,,,,,,,,
1235,710_1_1,616_34_34,,,,,,,,,,,,,,,,,,,,,,,,,,,,,,,,,,,,,,
1236,710_1_1,616_?_?,,,,,,,,,,,,,,,,,,,,,,,,,,,,,,,,,,,,,,
1237,710_1_1,616_32_32,,,,,,,,,,,,,,,,,,,,,,,,,,,,,,,,,,,,,,
1238,710_1_1,616_36_36,,,,,,,,,,,,,,,,,,,,,,,,,,,,,,,,,,,,,,
1239,710_1_1,616_37_37,,,,,,,,,,,,,,,,,,,,,,,,,,,,,,,,,,,,,,
1240,710_1_1,616_38_38,,,,,,,,,,,,,,,,,,,,,,,,,,,,,,,,,,,,,,
1241,710_1_1,616_?_?,,,,,,,,,,,,,,,,,,,,,,,,,,,,,,,,,,,,,,
1242,710_1_1,616_?_?,,,,,,,,,,,,,,,,,,,,,,,,,,,,,,,,,,,,,,
1243,710_1_1,616_?_?,,,,,,,,,,,,,,,,,,,,,,,,,,,,,,,,,,,,,,
1244,710_1_1,616_15_15,,,,,,,,,,,,,,,,,,,,,,,,,,,,,,,,,,,,,,
1245,710_1_1,616_17_17,,,,,,,,,,,,,,,,,,,,,,,,,,,,,,,,,,,,,,
1246,710_1_1,616_22_22,,,,,,,,,,,,,,,,,,,,,,,,,,,,,,,,,,,,,,
1247,710_1_1,616_18_18,,,,,,,,,,,,,,,,,,,,,,,,,,,,,,,,,,,,,,
1248,710_1_1,616_16_16,,,,,,,,,,,,,,,,,,,,,,,,,,,,,,,,,,,,,,
1249,710_1_1,616_23_23,,,,,,,,,,,,,,,,,,,,,,,,,,,,,,,,,,,,,,
1250,710_1_1,616_?_?,,,,,,,,,,,,,,,,,,,,,,,,,,,,,,,,,,,,,,
1251,710_1_1,616_25_25,,,,,,,,,,,,,,,,,,,,,,,,,,,,,,,,,,,,,,
1252,710_1_1,616_?_?,,,,,,,,,,,,,,,,,,,,,,,,,,,,,,,,,,,,,,
1253,710_1_1,616_?_?,,,,,,,,,,,,,,,,,,,,,,,,,,,,,,,,,,,,,,
1254,710_1_1,616_?_?,,,,,,,,,,,,,,,,,,,,,,,,,,,,,,,,,,,,,,
1255,710_1_1,616_21_21,,,,,,,,,,,,,,,,,,,,,,,,,,,,,,,,,,,,,,
1256,710_1_1,616_19_19,,,,,,,,,,,,,,,,,,,,,,,,,,,,,,,,,,,,,,
1257,710_1_1,616_26_26,,,,,,,,,,,,,,,,,,,,,,,,,,,,,,,,,,,,,,
1258,710_1_1,616_24_24,,,,,,,,,,,,,,,,,,,,,,,,,,,,,,,,,,,,,,
1259,710_1_1,616_20_20,,,,,,,,,,,,,,,,,,,,,,,,,,,,,,,,,,,,,,
1260,710_1_1,616_?_?,,,,,,,,,,,,,,,,,,,,,,,,,,,,,,,,,,,,,,
1261,710_1_1,616_27_27,,,,,,,,,,,,,,,,,,,,,,,,,,,,,,,,,,,,,,
1262,710_1_1,616_28_28,,,,,,,,,,,,,,,,,,,,,,,,,,,,,,,,,,,,,,
1263,710_1_1,616_?_?,,,,,,,,,,,,,,,,,,,,,,,,,,,,,,,,,,,,,,
1264,710_1_1,616_?_?,,,,,,,,,,,,,,,,,,,,,,,,,,,,,,,,,,,,,,
1265,710_1_1,616_40_40,,,,,,,,,,,,,,,,,,,,,,,,,,,,,,,,,,,,,,
1266,710_1_1,616_41_41,,,,,,,,,,,,,,,,,,,,,,,,,,,,,,,,,,,,,,
1267,710_1_1,616_42_42,,,,,,,,,,,,,,,,,,,,,,,,,,,,,,,,,,,,,,
1268,710_1_1,616_44_44,,,,,,,,,,,,,,,,,,,,,,,,,,,,,,,,,,,,,,
1269,710_1_1,616_?_?,,,,,,,,,,,,,,,,,,,,,,,,,,,,,,,,,,,,,,
1270,710_1_1,616_?_?,,,,,,,,,,,,,,,,,,,,,,,,,,,,,,,,,,,,,,
1271,710_1_1,616_48_48,,,,,,,,,,,,,,,,,,,,,,,,,,,,,,,,,,,,,,
1272,710_1_1,616_?_?,,,,,,,,,,,,,,,,,,,,,,,,,,,,,,,,,,,,,,
1273,710_1_1,616_?_?,,,,,,,,,,,,,,,,,,,,,,,,,,,,,,,,,,,,,,
1274,710_1_1,616_47_47,,,,,,,,,,,,,,,,,,,,,,,,,,,,,,,,,,,,,,
1275,710_1_1,616_?_?,,,,,,,,,,,,,,,,,,,,,,,,,,,,,,,,,,,,,,
1276,710_1_1,616_45_45,,,,,,,,,,,,,,,,,,,,,,,,,,,,,,,,,,,,,,
1277,710_1_1,616_?_?,,,,,,,,,,,,,,,,,,,,,,,,,,,,,,,,,,,,,,
1278,710_1_1,616_49_49,,,,,,,,,,,,,,,,,,,,,,,,,,,,,,,,,,,,,,
1279,710_1_1,616_43_43,,,,,,,,,,,,,,,,,,,,,,,,,,,,,,,,,,,,,,
1280,710_1_1,616_46_46,,,,,,,,,,,,,,,,,,,,,,,,,,,,,,,,,,,,,,
1281,710_1_1,616_?_?,,,,,,,,,,,,,,,,,,,,,,,,,,,,,,,,,,,,,,
1282,710_1_1,616_?_?,,,,,,,,,,,,,,,,,,,,,,,,,,,,,,,,,,,,,,
1283,710_1_1,616_50_50,,,,,,,,,,,,,,,,,,,,,,,,,,,,,,,,,,,,,,
1284,710_1_1,616_?_?,,,,,,,,,,,,,,,,,,,,,,,,,,,,,,,,,,,,,,
1285,710_1_1,616_?_?,,,,,,,,,,,,,,,,,,,,,,,,,,,,,,,,,,,,,,
1286,710_1_1,616_?_?,,,,,,,,,,,,,,,,,,,,,,,,,,,,,,,,,,,,,,
1287,710_1_1,616_?_?,,,,,,,,,,,,,,,,,,,,,,,,,,,,,,,,,,,,,,
1288,710_1_1,616_?_?,,,,,,,,,,,,,,,,,,,,,,,,,,,,,,,,,,,,,,
1289,710_1_1,616_?_?,,,,,,,,,,,,,,,,,,,,,,,,,,,,,,,,,,,,,,
1290,710_1_1,616_?_?,,,,,,,,,,,,,,,,,,,,,,,,,,,,,,,,,,,,,,
1291,710_1_1,616_?_?,,,,,,,,,,,,,,,,,,,,,,,,,,,,,,,,,,,,,,
1292,710_1_1,616_?_?,,,,,,,,,,,,,,,,,,,,,,,,,,,,,,,,,,,,,,
1293,710_1_1,616_?_?,,,,,,,,,,,,,,,,,,,,,,,,,,,,,,,,,,,,,,
1294,710_1_1,616_?_?,,,,,,,,,,,,,,,,,,,,,,,,,,,,,,,,,,,,,,
1295,710_1_1,616_?_?,,,,,,,,,,,,,,,,,,,,,,,,,,,,,,,,,,,,,,
1296,710_1_1,616_?_?,,,,,,,,,,,,,,,,,,,,,,,,,,,,,,,,,,,,,,
1297,710_1_1,616_?_?,,,,,,,,,,,,,,,,,,,,,,,,,,,,,,,,,,,,,,
1298,710_1_1,616_?_?,,,,,,,,,,,,,,,,,,,,,,,,,,,,,,,,,,,,,,
1299,710_1_1,616_?_?,,,,,,,,,,,,,,,,,,,,,,,,,,,,,,,,,,,,,,
1300,710_1_1,616_?_?,,,,,,,,,,,,,,,,,,,,,,,,,,,,,,,,,,,,,,
1301,710_1_1,616_?_?,,,,,,,,,,,,,,,,,,,,,,,,,,,,,,,,,,,,,,
1302,710_1_1,616_?_?,,,,,,,,,,,,,,,,,,,,,,,,,,,,,,,,,,,,,,
1303,710_1_1,616_?_?,,,,,,,,,,,,,,,,,,,,,,,,,,,,,,,,,,,,,,
1304,710_1_1,616_?_?,,,,,,,,,,,,,,,,,,,,,,,,,,,,,,,,,,,,,,
1305,710_1_1,616_?_?,,,,,,,,,,,,,,,,,,,,,,,,,,,,,,,,,,,,,,
1306,710_1_1,616_?_?,,,,,,,,,,,,,,,,,,,,,,,,,,,,,,,,,,,,,,
1307,710_1_1,616_?_?,,,,,,,,,,,,,,,,,,,,,,,,,,,,,,,,,,,,,,
1308,710_1_1,616_?_?,,,,,,,,,,,,,,,,,,,,,,,,,,,,,,,,,,,,,,
1309,710_1_1,616_?_?,,,,,,,,,,,,,,,,,,,,,,,,,,,,,,,,,,,,,,
1310,710_1_1,616_?_?,,,,,,,,,,,,,,,,,,,,,,,,,,,,,,,,,,,,,,
1311,710_1_1,616_?_?,,,,,,,,,,,,,,,,,,,,,,,,,,,,,,,,,,,,,,
1312,710_1_1,616_?_?,,,,,,,,,,,,,,,,,,,,,,,,,,,,,,,,,,,,,,
1313,710_1_1,616_?_?,,,,,,,,,,,,,,,,,,,,,,,,,,,,,,,,,,,,,,
1314,710_1_1,616_?_?,,,,,,,,,,,,,,,,,,,,,,,,,,,,,,,,,,,,,,
1315,710_1_1,616_?_?,,,,,,,,,,,,,,,,,,,,,,,,,,,,,,,,,,,,,,
1316,710_1_1,616_?_?,,,,,,,,,,,,,,,,,,,,,,,,,,,,,,,,,,,,,,
1317,710_1_1,616_?_?,,,,,,,,,,,,,,,,,,,,,,,,,,,,,,,,,,,,,,
1318,710_1_1,616_?_?,,,,,,,,,,,,,,,,,,,,,,,,,,,,,,,,,,,,,,
1319,710_1_1,616_?_?,,,,,,,,,,,,,,,,,,,,,,,,,,,,,,,,,,,,,,
1320,710_1_1,616_?_?,,,,,,,,,,,,,,,,,,,,,,,,,,,,,,,,,,,,,,
1321,710_1_1,616_?_?,,,,,,,,,,,,,,,,,,,,,,,,,,,,,,,,,,,,,,
1322,710_1_1,616_?_?,,,,,,,,,,,,,,,,,,,,,,,,,,,,,,,,,,,,,,
1323,710_1_1,616_?_?,,,,,,,,,,,,,,,,,,,,,,,,,,,,,,,,,,,,,,
1330,119_10_10,,,,,,,,,,,,,,,,,,,,,,,,,,,,,,,,,,,,,,,
1331,112_6_6,118_20_20,,,,,,,,,,,,,,,,,,,,,,,,,,,,,,,,,,,,,,
1350,96_5_14,154_1_30,,,,,,,,,,,,,,,,,,,,,,,,,,,,,,,,,,,,,,
1351,96_1_30,123_1_10,,,,,,,,,,,,,,,,,,,,,,,,,,,,,,,,,,,,,,
1352,96_3_10,97_3_10,157_1_25,152_1_25,154_1_25,155_1_25,125_1_25,,,,,,,,,,,,,,,,,,,,,,,,,,,,,,,,,
1353,99_9_18,125_1_40,124_1_10,115_1_1,,,,,,,,,,,,,,,,,,,,,,,,,,,,,,,,,,,,
1354,99_6_15,240_1_3,244_1_3,154_1_30,124_5_5,,,,,,,,,,,,,,,,,,,,,,,,,,,,,,,,,,,
1355,98_12_42,153_100_100,108_12_42,155_1_40,,,,,,,,,,,,,,,,,,,,,,,,,,,,,,,,,,,,
1356,96_2_6,125_5_5,126_10_10,,,,,,,,,,,,,,,,,,,,,,,,,,,,,,,,,,,,,
1357,98_6_15,119_11_20,124_6_10,125_6_20,157_26_30,,,,,,,,,,,,,,,,,,,,,,,,,,,,,,,,,,,
1359,99_9_16,118_6_20,119_6_20,126_16_30,115_3_4,152_6_25,,,,,,,,,,,,,,,,,,,,,,,,,,,,,,,,,,
1360,96_11_23,118_3_7,126_16_30,153_1_60,156_1_60,,,,,,,,,,,,,,,,,,,,,,,,,,,,,,,,,,,
1361,98_8_14,117_1_1,124_1_10,123_1_10,157_11_20,,,,,,,,,,,,,,,,,,,,,,,,,,,,,,,,,,,
1362,94_6_15,155_1_30,125_21_30,115_1_2,,,,,,,,,,,,,,,,,,,,,,,,,,,,,,,,,,,,
1363,97_16_30,124_11_30,152_11_20,,,,,,,,,,,,,,,,,,,,,,,,,,,,,,,,,,,,,
1364,98_6_15,2100_1_1,155_1_30,123_21_30,124_21_30,,,,,,,,,,,,,,,,,,,,,,,,,,,,,,,,,,,
1365,99_6_13,125_6_15,,,,,,,,,,,,,,,,,,,,,,,,,,,,,,,,,,,,,,
1366,97_6_10,118_1_10,125_1_10,126_1_10,,,,,,,,,,,,,,,,,,,,,,,,,,,,,,,,,,,,
1367,98_6_10,126_15_22,240_5_9,244_5_9,,,,,,,,,,,,,,,,,,,,,,,,,,,,,,,,,,,,
1368,96_8_12,240_2_5,244_2_5,123_6_10,,,,,,,,,,,,,,,,,,,,,,,,,,,,,,,,,,,,
1369,98_1_15,119_6_35,156_23_32,,,,,,,,,,,,,,,,,,,,,,,,,,,,,,,,,,,,,
1370,91_6_8,154_6_15,123_6_15,,,,,,,,,,,,,,,,,,,,,,,,,,,,,,,,,,,,,
1371,96_3_5,97_3_5,241_2_5,242_2_5,243_2_5,240_2_5,244_2_5,,,,,,,,,,,,,,,,,,,,,,,,,,,,,,,,,
1372,98_6_10,128_1_1,155_50_50,,,,,,,,,,,,,,,,,,,,,,,,,,,,,,,,,,,,,
1373,99_8_12,153_16_25,156_16_25,126_1_5,,,,,,,,,,,,,,,,,,,,,,,,,,,,,,,,,,,,
1374,97_4_9,240_1_7,244_1_7,154_21_50,118_1_5,,,,,,,,,,,,,,,,,,,,,,,,,,,,,,,,,,,
1375,97_3_7,118_21_70,2100_1_1,,,,,,,,,,,,,,,,,,,,,,,,,,,,,,,,,,,,,
1376,99_9_18,154_51_80,118_11_20,,,,,,,,,,,,,,,,,,,,,,,,,,,,,,,,,,,,,
1377,96_7_11,126_11_30,157_11_20,795_1_1,,,,,,,,,,,,,,,,,,,,,,,,,,,,,,,,,,,,
1378,98_11_15,156_11_20,125_11_20,,,,,,,,,,,,,,,,,,,,,,,,,,,,,,,,,,,,,
1379,97_11_25,155_11_40,124_3_4,,,,,,,,,,,,,,,,,,,,,,,,,,,,,,,,,,,,,
1380,710_1_1,616_79_79,,,,,,,,,,,,,,,,,,,,,,,,,,,,,,,,,,,,,,
1381,710_1_1,616_?_?,,,,,,,,,,,,,,,,,,,,,,,,,,,,,,,,,,,,,,
1382,710_1_1,616_?_?,,,,,,,,,,,,,,,,,,,,,,,,,,,,,,,,,,,,,,
1383,96_16_30,123_11_15,118_11_15,119_11_15,124_11_15,125_11_15,127_1_2,,,,,,,,,,,,,,,,,,,,,,,,,,,,,,,,,
1384,710_1_1,616_?_?,,,,,,,,,,,,,,,,,,,,,,,,,,,,,,,,,,,,,,
1385,710_1_1,616_?_?,,,,,,,,,,,,,,,,,,,,,,,,,,,,,,,,,,,,,,
1386,710_1_1,616_?_?,,,,,,,,,,,,,,,,,,,,,,,,,,,,,,,,,,,,,,
1387,710_1_1,616_?_?,,,,,,,,,,,,,,,,,,,,,,,,,,,,,,,,,,,,,,
1388,710_1_1,616_80_80,,,,,,,,,,,,,,,,,,,,,,,,,,,,,,,,,,,,,,
1389,710_1_1,616_82_82,,,,,,,,,,,,,,,,,,,,,,,,,,,,,,,,,,,,,,
1390,710_1_1,616_83_83,,,,,,,,,,,,,,,,,,,,,,,,,,,,,,,,,,,,,,
1391,710_1_1,616_84_84,,,,,,,,,,,,,,,,,,,,,,,,,,,,,,,,,,,,,,
1392,710_1_1,616_85_85,,,,,,,,,,,,,,,,,,,,,,,,,,,,,,,,,,,,,,
1393,98_10_13,124_6_15,126_6_15,117_1_1,,,,,,,,,,,,,,,,,,,,,,,,,,,,,,,,,,,,
1394,710_1_1,616_86_86,,,,,,,,,,,,,,,,,,,,,,,,,,,,,,,,,,,,,,
1395,710_1_1,616_87_87,,,,,,,,,,,,,,,,,,,,,,,,,,,,,,,,,,,,,,
1396,710_1_1,616_81_81,,,,,,,,,,,,,,,,,,,,,,,,,,,,,,,,,,,,,,
1397,710_1_1,616_88_88,,,,,,,,,,,,,,,,,,,,,,,,,,,,,,,,,,,,,,
1398,710_1_1,616_89_89,,,,,,,,,,,,,,,,,,,,,,,,,,,,,,,,,,,,,,
1399,99_8_12,153_51_100,112_1_3,,,,,,,,,,,,,,,,,,,,,,,,,,,,,,,,,,,,,
1400,710_1_1,616_?_?,,,,,,,,,,,,,,,,,,,,,,,,,,,,,,,,,,,,,,
1401,710_1_1,616_?_?,,,,,,,,,,,,,,,,,,,,,,,,,,,,,,,,,,,,,,
1402,710_1_1,616_?_?,,,,,,,,,,,,,,,,,,,,,,,,,,,,,,,,,,,,,,
1403,98_6_17,118_6_15,125_6_15,155_21_40,,,,,,,,,,,,,,,,,,,,,,,,,,,,,,,,,,,,
1404,99_16_20,154_31_80,182_1_1,156_10_10,,,,,,,,,,,,,,,,,,,,,,,,,,,,,,,,,,,,
1405,110_76_150,,,,,,,,,,,,,,,,,,,,,,,,,,,,,,,,,,,,,,,
1406,110_101_200,,,,,,,,,,,,,,,,,,,,,,,,,,,,,,,,,,,,,,,
1407,710_1_1,616_51_51,,,,,,,,,,,,,,,,,,,,,,,,,,,,,,,,,,,,,,
1408,710_1_1,616_52_52,,,,,,,,,,,,,,,,,,,,,,,,,,,,,,,,,,,,,,
1409,710_1_1,616_53_53,,,,,,,,,,,,,,,,,,,,,,,,,,,,,,,,,,,,,,
1410,710_1_1,616_54_54,,,,,,,,,,,,,,,,,,,,,,,,,,,,,,,,,,,,,,
1411,710_1_1,616_55_55,,,,,,,,,,,,,,,,,,,,,,,,,,,,,,,,,,,,,,
1412,710_1_1,616_?_?,,,,,,,,,,,,,,,,,,,,,,,,,,,,,,,,,,,,,,
1413,710_1_1,616_58_58,,,,,,,,,,,,,,,,,,,,,,,,,,,,,,,,,,,,,,
1414,710_1_1,616_?_?,,,,,,,,,,,,,,,,,,,,,,,,,,,,,,,,,,,,,,
1415,710_1_1,616_64_64,,,,,,,,,,,,,,,,,,,,,,,,,,,,,,,,,,,,,,
1416,710_1_1,616_60_60,,,,,,,,,,,,,,,,,,,,,,,,,,,,,,,,,,,,,,
1417,710_1_1,616_56_56,,,,,,,,,,,,,,,,,,,,,,,,,,,,,,,,,,,,,,
1418,710_1_1,616_62_62,,,,,,,,,,,,,,,,,,,,,,,,,,,,,,,,,,,,,,
1419,710_1_1,616_59_59,,,,,,,,,,,,,,,,,,,,,,,,,,,,,,,,,,,,,,
1420,710_1_1,616_?_?,,,,,,,,,,,,,,,,,,,,,,,,,,,,,,,,,,,,,,
1421,710_1_1,616_57_57,,,,,,,,,,,,,,,,,,,,,,,,,,,,,,,,,,,,,,
1422,710_1_1,616_?_?,,,,,,,,,,,,,,,,,,,,,,,,,,,,,,,,,,,,,,
1423,710_1_1,616_63_63,,,,,,,,,,,,,,,,,,,,,,,,,,,,,,,,,,,,,,
1424,710_1_1,616_?_?,,,,,,,,,,,,,,,,,,,,,,,,,,,,,,,,,,,,,,
1425,710_1_1,616_61_61,,,,,,,,,,,,,,,,,,,,,,,,,,,,,,,,,,,,,,
1426,96_11_15,123_1_24,155_16_30,,,,,,,,,,,,,,,,,,,,,,,,,,,,,,,,,,,,,
1427,96_16_35,154_11_20,153_11_20,123_11_50,,,,,,,,,,,,,,,,,,,,,,,,,,,,,,,,,,,,
1429,96_7_15,123_7_9,126_7_9,153_13_15,,,,,,,,,,,,,,,,,,,,,,,,,,,,,,,,,,,,
1430,96_14_18,123_11_13,126_11_13,153_13_15,,,,,,,,,,,,,,,,,,,,,,,,,,,,,,,,,,,,
1431,96_20_23,123_11_25,126_11_25,153_21_40,,,,,,,,,,,,,,,,,,,,,,,,,,,,,,,,,,,,
1432,97_11_16,155_16_35,118_6_15,125_6_10,,,,,,,,,,,,,,,,,,,,,,,,,,,,,,,,,,,,
1433,98_19_26,125_26_40,123_31_60,127_1_1,156_1_10,,,,,,,,,,,,,,,,,,,,,,,,,,,,,,,,,,,
1434,710_1_1,616_?_?,,,,,,,,,,,,,,,,,,,,,,,,,,,,,,,,,,,,,,
1435,99_26_35,154_31_60,126_26_30,123_11_20,,,,,,,,,,,,,,,,,,,,,,,,,,,,,,,,,,,,
1436,98_2_20,123_13_22,124_11_20,153_29_33,,,,,,,,,,,,,,,,,,,,,,,,,,,,,,,,,,,,
1437,710_1_1,616_?_?,,,,,,,,,,,,,,,,,,,,,,,,,,,,,,,,,,,,,,
1438,96_11_20,154_11_20,155_10_10,,,,,,,,,,,,,,,,,,,,,,,,,,,,,,,,,,,,,
1439,96_11_20,152_30_30,155_10_10,,,,,,,,,,,,,,,,,,,,,,,,,,,,,,,,,,,,,
1440,710_1_1,616_?_?,,,,,,,,,,,,,,,,,,,,,,,,,,,,,,,,,,,,,,
1441,710_1_1,616_?_?,,,,,,,,,,,,,,,,,,,,,,,,,,,,,,,,,,,,,,
1442,710_1_1,616_?_?,,,,,,,,,,,,,,,,,,,,,,,,,,,,,,,,,,,,,,
1443,710_1_1,616_?_?,,,,,,,,,,,,,,,,,,,,,,,,,,,,,,,,,,,,,,
1444,710_1_1,616_?_?,,,,,,,,,,,,,,,,,,,,,,,,,,,,,,,,,,,,,,
1445,710_1_1,616_?_?,,,,,,,,,,,,,,,,,,,,,,,,,,,,,,,,,,,,,,
1446,710_1_1,616_?_?,,,,,,,,,,,,,,,,,,,,,,,,,,,,,,,,,,,,,,
1447,710_1_1,616_?_?,,,,,,,,,,,,,,,,,,,,,,,,,,,,,,,,,,,,,,
1448,710_1_1,616_?_?,,,,,,,,,,,,,,,,,,,,,,,,,,,,,,,,,,,,,,
1449,710_1_1,616_?_?,,,,,,,,,,,,,,,,,,,,,,,,,,,,,,,,,,,,,,
1450,710_1_1,616_?_?,,,,,,,,,,,,,,,,,,,,,,,,,,,,,,,,,,,,,,
1451,710_1_1,616_?_?,,,,,,,,,,,,,,,,,,,,,,,,,,,,,,,,,,,,,,
1452,710_1_1,616_?_?,,,,,,,,,,,,,,,,,,,,,,,,,,,,,,,,,,,,,,
1453,710_1_1,616_?_?,,,,,,,,,,,,,,,,,,,,,,,,,,,,,,,,,,,,,,
1454,710_1_1,616_?_?,,,,,,,,,,,,,,,,,,,,,,,,,,,,,,,,,,,,,,
1473,100_1_2,,,,,,,,,,,,,,,,,,,,,,,,,,,,,,,,,,,,,,,
1474,111_1_1,115_2_3,112_3_6,157_1_30,155_1_30,,,,,,,,,,,,,,,,,,,,,,,,,,,,,,,,,,,
1475,119_10_10,123_10_10,100_17_31,,,,,,,,,,,,,,,,,,,,,,,,,,,,,,,,,,,,,
1476,126_16_25,118_16_25,119_16_25,125_16_25,241_2_5,242_2_5,243_2_5,,,,,,,,,,,,,,,,,,,,,,,,,,,,,,,,,
1477,123_21_30,176_3_5,,,,,,,,,,,,,,,,,,,,,,,,,,,,,,,,,,,,,,
1478,118_15_15,119_15_15,124_15_15,125_15_15,123_15_15,126_15_15,,,,,,,,,,,,,,,,,,,,,,,,,,,,,,,,,,
1479,100_11_15,126_11_30,119_10_10,157_11_20,,,,,,,,,,,,,,,,,,,,,,,,,,,,,,,,,,,,
1480,118_10_10,119_10_10,123_10_10,124_10_10,125_10_10,126_10_10,,,,,,,,,,,,,,,,,,,,,,,,,,,,,,,,,,
1481,118_5_5,119_5_5,125_5_5,124_5_5,126_5_5,123_5_5,,,,,,,,,,,,,,,,,,,,,,,,,,,,,,,,,,
1482,112_2_2,118_10_10,124_20_20,152_20_20,154_20_20,,,,,,,,,,,,,,,,,,,,,,,,,,,,,,,,,,,
1483,124_10_10,126_20_20,,,,,,,,,,,,,,,,,,,,,,,,,,,,,,,,,,,,,,
1484,119_20_20,,,,,,,,,,,,,,,,,,,,,,,,,,,,,,,,,,,,,,,
1485,123_20_20,119_10_10,,,,,,,,,,,,,,,,,,,,,,,,,,,,,,,,,,,,,,
1486,112_1_3,118_11_20,,,,,,,,,,,,,,,,,,,,,,,,,,,,,,,,,,,,,,
1487,124_16_25,112_2_4,,,,,,,,,,,,,,,,,,,,,,,,,,,,,,,,,,,,,,
1488,111_1_1,128_1_1,117_1_1,,,,,,,,,,,,,,,,,,,,,,,,,,,,,,,,,,,,,
1489,124_11_20,,,,,,,,,,,,,,,,,,,,,,,,,,,,,,,,,,,,,,,
1490,126_11_15,,,,,,,,,,,,,,,,,,,,,,,,,,,,,,,,,,,,,,,
1491,124_11_20,123_21_30,153_11_50,182_2_2,,,,,,,,,,,,,,,,,,,,,,,,,,,,,,,,,,,,
1493,118_6_10,125_6_10,,,,,,,,,,,,,,,,,,,,,,,,,,,,,,,,,,,,,,
1494,125_6_10,123_6_10,,,,,,,,,,,,,,,,,,,,,,,,,,,,,,,,,,,,,,
1495,112_2_4,115_2_4,119_11_15,155_21_30,157_21_30,,,,,,,,,,,,,,,,,,,,,,,,,,,,,,,,,,,
1496,123_11_15,126_11_15,,,,,,,,,,,,,,,,,,,,,,,,,,,,,,,,,,,,,,
1497,124_11_15,126_11_15,,,,,,,,,,,,,,,,,,,,,,,,,,,,,,,,,,,,,,
1498,124_11_15,123_11_15,,,,,,,,,,,,,,,,,,,,,,,,,,,,,,,,,,,,,,
1499,123_11_20,176_6_10,,,,,,,,,,,,,,,,,,,,,,,,,,,,,,,,,,,,,,
1500,112_3_7,,,,,,,,,,,,,,,,,,,,,,,,,,,,,,,,,,,,,,,
1503,99_5_8,154_10_10,123_5_5,,,,,,,,,,,,,,,,,,,,,,,,,,,,,,,,,,,,,
1504,100_6_11,125_11_20,119_11_20,795_1_1,,,,,,,,,,,,,,,,,,,,,,,,,,,,,,,,,,,,
1505,10_7_7,983_-1_-1,,,,,,,,,,,,,,,,,,,,,,,,,,,,,,,,,,,,,,
1511,100_9_99,123_9_9,118_9_9,812_14_14,,,,,,,,,,,,,,,,,,,,,,,,,,,,,,,,,,,,
1512,620_11_11,,,,,,,,,,,,,,,,,,,,,,,,,,,,,,,,,,,,,,,
1514,710_1_1,616_?_?,,,,,,,,,,,,,,,,,,,,,,,,,,,,,,,,,,,,,,
1515,621_0_0,,,,,,,,,,,,,,,,,,,,,,,,,,,,,,,,,,,,,,,
1516,621_0_0,,,,,,,,,,,,,,,,,,,,,,,,,,,,,,,,,,,,,,,
1517,621_0_0,,,,,,,,,,,,,,,,,,,,,,,,,,,,,,,,,,,,,,,
1518,621_0_0,,,,,,,,,,,,,,,,,,,,,,,,,,,,,,,,,,,,,,,
1519,701_1_1,,,,,,,,,,,,,,,,,,,,,,,,,,,,,,,,,,,,,,,
1520,98_1_1,96_1_1,99_1_1,97_1_1,124_1_5,,,,,,,,,,,,,,,,,,,,,,,,,,,,,,,,,,,
1521,701_1_1,,,,,,,,,,,,,,,,,,,,,,,,,,,,,,,,,,,,,,,
1522,701_1_1,,,,,,,,,,,,,,,,,,,,,,,,,,,,,,,,,,,,,,,
1523,701_3_3,,,,,,,,,,,,,,,,,,,,,,,,,,,,,,,,,,,,,,,
1524,701_1_1,,,,,,,,,,,,,,,,,,,,,,,,,,,,,,,,,,,,,,,
1525,701_1_1,,,,,,,,,,,,,,,,,,,,,,,,,,,,,,,,,,,,,,,
1539,98_1_1,96_1_1,99_1_1,97_1_1,124_1_5,,,,,,,,,,,,,,,,,,,,,,,,,,,,,,,,,,,
1542,615_11_11,,,,,,,,,,,,,,,,,,,,,,,,,,,,,,,,,,,,,,,
1545,701_3_3,,,,,,,,,,,,,,,,,,,,,,,,,,,,,,,,,,,,,,,
1546,701_3_3,,,,,,,,,,,,,,,,,,,,,,,,,,,,,,,,,,,,,,,
1547,701_3_3,,,,,,,,,,,,,,,,,,,,,,,,,,,,,,,,,,,,,,,
1548,701_10_10,,,,,,,,,,,,,,,,,,,,,,,,,,,,,,,,,,,,,,,
1549,701_3_3,,,,,,,,,,,,,,,,,,,,,,,,,,,,,,,,,,,,,,,
1550,701_3_3,,,,,,,,,,,,,,,,,,,,,,,,,,,,,,,,,,,,,,,
1551,701_10_10,,,,,,,,,,,,,,,,,,,,,,,,,,,,,,,,,,,,,,,
1552,701_10_10,,,,,,,,,,,,,,,,,,,,,,,,,,,,,,,,,,,,,,,
1553,701_10_10,,,,,,,,,,,,,,,,,,,,,,,,,,,,,,,,,,,,,,,
1554,701_30_30,,,,,,,,,,,,,,,,,,,,,,,,,,,,,,,,,,,,,,,
1555,701_10_10,,,,,,,,,,,,,,,,,,,,,,,,,,,,,,,,,,,,,,,
1556,701_10_10,,,,,,,,,,,,,,,,,,,,,,,,,,,,,,,,,,,,,,,
1557,701_1_1,,,,,,,,,,,,,,,,,,,,,,,,,,,,,,,,,,,,,,,
1558,701_1_1,,,,,,,,,,,,,,,,,,,,,,,,,,,,,,,,,,,,,,,
1559,117_1_1,182_2_2,125_31_80,,,,,,,,,,,,,,,,,,,,,,,,,,,,,,,,,,,,,
1560,98_1_1,96_1_1,99_1_1,97_1_1,124_1_5,,,,,,,,,,,,,,,,,,,,,,,,,,,,,,,,,,,
1561,98_1_1,96_1_1,99_1_1,97_1_1,124_1_5,,,,,,,,,,,,,,,,,,,,,,,,,,,,,,,,,,,
1562,98_1_1,96_1_1,99_1_1,97_1_1,124_1_5,,,,,,,,,,,,,,,,,,,,,,,,,,,,,,,,,,,
1563,98_1_1,96_1_1,99_1_1,97_1_1,124_1_5,,,,,,,,,,,,,,,,,,,,,,,,,,,,,,,,,,,
1564,98_1_1,96_1_1,99_1_1,97_1_1,124_1_5,,,,,,,,,,,,,,,,,,,,,,,,,,,,,,,,,,,
1565,98_1_1,96_1_1,99_1_1,97_1_1,124_1_5,,,,,,,,,,,,,,,,,,,,,,,,,,,,,,,,,,,
1567,620_17_17,,,,,,,,,,,,,,,,,,,,,,,,,,,,,,,,,,,,,,,
1572,620_19_19,,,,,,,,,,,,,,,,,,,,,,,,,,,,,,,,,,,,,,,
1574,100_26_35,125_11_40,118_11_40,152_11_40,154_11_40,,,,,,,,,,,,,,,,,,,,,,,,,,,,,,,,,,,
1587,615_2_2,,,,,,,,,,,,,,,,,,,,,,,,,,,,,,,,,,,,,,,
1588,615_?_?,,,,,,,,,,,,,,,,,,,,,,,,,,,,,,,,,,,,,,,
1589,615_?_?,,,,,,,,,,,,,,,,,,,,,,,,,,,,,,,,,,,,,,,
1590,615_?_?,,,,,,,,,,,,,,,,,,,,,,,,,,,,,,,,,,,,,,,
1591,615_?_?,,,,,,,,,,,,,,,,,,,,,,,,,,,,,,,,,,,,,,,
1592,615_10_10,,,,,,,,,,,,,,,,,,,,,,,,,,,,,,,,,,,,,,,
1593,615_12_12,,,,,,,,,,,,,,,,,,,,,,,,,,,,,,,,,,,,,,,
1594,615_13_13,,,,,,,,,,,,,,,,,,,,,,,,,,,,,,,,,,,,,,,
1595,615_14_14,,,,,,,,,,,,,,,,,,,,,,,,,,,,,,,,,,,,,,,
1596,615_18_18,,,,,,,,,,,,,,,,,,,,,,,,,,,,,,,,,,,,,,,
1597,615_19_19,,,,,,,,,,,,,,,,,,,,,,,,,,,,,,,,,,,,,,,
1598,615_?_?,,,,,,,,,,,,,,,,,,,,,,,,,,,,,,,,,,,,,,,
1599,615_?_?,,,,,,,,,,,,,,,,,,,,,,,,,,,,,,,,,,,,,,,
1600,615_?_?,,,,,,,,,,,,,,,,,,,,,,,,,,,,,,,,,,,,,,,
1601,615_?_?,,,,,,,,,,,,,,,,,,,,,,,,,,,,,,,,,,,,,,,
1602,123_11_20,118_11_20,119_11_20,124_11_20,126_11_20,125_11_20,,,,,,,,,,,,,,,,,,,,,,,,,,,,,,,,,,
1603,710_1_1,616_?_?,,,,,,,,,,,,,,,,,,,,,,,,,,,,,,,,,,,,,,
1604,710_1_1,616_187_187,,,,,,,,,,,,,,,,,,,,,,,,,,,,,,,,,,,,,,
1605,710_1_1,616_188_188,,,,,,,,,,,,,,,,,,,,,,,,,,,,,,,,,,,,,,
1606,710_1_1,616_?_?,,,,,,,,,,,,,,,,,,,,,,,,,,,,,,,,,,,,,,
1607,710_1_1,616_189_189,,,,,,,,,,,,,,,,,,,,,,,,,,,,,,,,,,,,,,
1608,710_1_1,616_?_?,,,,,,,,,,,,,,,,,,,,,,,,,,,,,,,,,,,,,,
1609,710_1_1,616_186_186,,,,,,,,,,,,,,,,,,,,,,,,,,,,,,,,,,,,,,
1619,111_1_1,124_11_20,112_3_6,154_1_70,155_1_70,157_1_70,152_1_70,,,,,,,,,,,,,,,,,,,,,,,,,,,,,,,,,
1620,100_11_15,182_1_1,123_21_30,,,,,,,,,,,,,,,,,,,,,,,,,,,,,,,,,,,,,
1621,119_16_25,126_16_25,157_6_15,152_6_15,,,,,,,,,,,,,,,,,,,,,,,,,,,,,,,,,,,,
1622,118_16_25,123_16_25,154_6_15,155_6_15,,,,,,,,,,,,,,,,,,,,,,,,,,,,,,,,,,,,
1623,118_16_25,119_16_25,155_6_15,152_6_15,,,,,,,,,,,,,,,,,,,,,,,,,,,,,,,,,,,,
1624,125_11_30,,,,,,,,,,,,,,,,,,,,,,,,,,,,,,,,,,,,,,,
1625,620_18_18,,,,,,,,,,,,,,,,,,,,,,,,,,,,,,,,,,,,,,,
1626,620_27_27,,,,,,,,,,,,,,,,,,,,,,,,,,,,,,,,,,,,,,,
1628,126_1_1,157_10_10,,,,,,,,,,,,,,,,,,,,,,,,,,,,,,,,,,,,,,
1629,118_1_1,155_10_10,,,,,,,,,,,,,,,,,,,,,,,,,,,,,,,,,,,,,,
1630,119_1_1,156_10_10,,,,,,,,,,,,,,,,,,,,,,,,,,,,,,,,,,,,,,
1631,123_1_1,153_10_10,,,,,,,,,,,,,,,,,,,,,,,,,,,,,,,,,,,,,,
1632,124_1_1,154_10_10,,,,,,,,,,,,,,,,,,,,,,,,,,,,,,,,,,,,,,
1633,125_1_1,152_10_10,,,,,,,,,,,,,,,,,,,,,,,,,,,,,,,,,,,,,,
1635,10_8_8,,,,,,,,,,,,,,,,,,,,,,,,,,,,,,,,,,,,,,,
1636,100_11_20,119_15_15,125_15_15,124_10_10,157_15_15,,,,,,,,,,,,,,,,,,,,,,,,,,,,,,,,,,,
1637,100_13_22,119_17_17,125_17_17,124_11_11,157_15_15,,,,,,,,,,,,,,,,,,,,,,,,,,,,,,,,,,,
1638,100_15_24,119_20_20,125_20_20,124_12_12,157_15_15,,,,,,,,,,,,,,,,,,,,,,,,,,,,,,,,,,,
1639,100_17_26,119_22_22,125_22_22,124_13_13,157_15_15,,,,,,,,,,,,,,,,,,,,,,,,,,,,,,,,,,,
1640,100_11_30,118_21_30,119_6_10,123_6_10,155_1_25,156_1_7,,,,,,,,,,,,,,,,,,,,,,,,,,,,,,,,,,
1641,100_13_33,118_26_35,119_11_15,123_6_10,155_1_20,156_1_5,,,,,,,,,,,,,,,,,,,,,,,,,,,,,,,,,,
1642,615_?_?,,,,,,,,,,,,,,,,,,,,,,,,,,,,,,,,,,,,,,,
1643,615_?_?,,,,,,,,,,,,,,,,,,,,,,,,,,,,,,,,,,,,,,,
1644,615_?_?,,,,,,,,,,,,,,,,,,,,,,,,,,,,,,,,,,,,,,,
1645,615_?_?,,,,,,,,,,,,,,,,,,,,,,,,,,,,,,,,,,,,,,,
1646,615_?_?,,,,,,,,,,,,,,,,,,,,,,,,,,,,,,,,,,,,,,,
1647,615_30_30,,,,,,,,,,,,,,,,,,,,,,,,,,,,,,,,,,,,,,,
1648,615_31_31,,,,,,,,,,,,,,,,,,,,,,,,,,,,,,,,,,,,,,,
1649,615_32_32,,,,,,,,,,,,,,,,,,,,,,,,,,,,,,,,,,,,,,,
1650,100_15_36,118_31_40,119_16_20,123_6_10,155_1_30,156_1_10,,,,,,,,,,,,,,,,,,,,,,,,,,,,,,,,,,
1651,100_17_39,118_36_45,119_16_20,123_6_10,155_1_35,156_1_15,,,,,,,,,,,,,,,,,,,,,,,,,,,,,,,,,,
1656,241_3_5,242_3_5,243_3_5,,,,,,,,,,,,,,,,,,,,,,,,,,,,,,,,,,,,,
1657,240_3_5,244_3_5,,,,,,,,,,,,,,,,,,,,,,,,,,,,,,,,,,,,,,
1661,112_3_5,123_11_20,155_11_20,,,,,,,,,,,,,,,,,,,,,,,,,,,,,,,,,,,,,
1662,154_11_20,157_11_20,241_6_10,242_6_10,243_6_10,,,,,,,,,,,,,,,,,,,,,,,,,,,,,,,,,,,
1665,124_16_25,126_16_25,125_16_25,138_11_20,,,,,,,,,,,,,,,,,,,,,,,,,,,,,,,,,,,,
1666,128_1_1,182_1_1,241_4_8,242_4_8,243_4_8,154_11_20,155_11_20,157_11_20,152_11_20,,,,,,,,,,,,,,,,,,,,,,,,,,,,,,,
1667,126_21_30,125_21_30,138_6_10,117_1_1,241_3_5,242_3_5,243_3_5,154_21_30,,,,,,,,,,,,,,,,,,,,,,,,,,,,,,,,
1668,112_3_8,241_3_8,242_3_8,243_3_8,240_3_8,244_3_8,154_31_50,152_31_50,,,,,,,,,,,,,,,,,,,,,,,,,,,,,,,,
1669,117_1_2,124_11_20,126_21_40,123_21_40,112_4_8,115_4_8,,,,,,,,,,,,,,,,,,,,,,,,,,,,,,,,,,
1693,117_1_1,128_1_1,182_1_1,240_3_6,244_3_6,156_1_30,,,,,,,,,,,,,,,,,,,,,,,,,,,,,,,,,,
1695,126_21_35,112_6_8,117_1_2,241_6_15,242_6_15,243_6_15,,,,,,,,,,,,,,,,,,,,,,,,,,,,,,,,,,
1697,158_51_100,,,,,,,,,,,,,,,,,,,,,,,,,,,,,,,,,,,,,,,
1698,158_151_250,,,,,,,,,,,,,,,,,,,,,,,,,,,,,,,,,,,,,,,
1699,158_151_200,,,,,,,,,,,,,,,,,,,,,,,,,,,,,,,,,,,,,,,
1700,119_16_35,156_6_15,212_1_2,,,,,,,,,,,,,,,,,,,,,,,,,,,,,,,,,,,,,
1701,158_201_300,118_16_25,,,,,,,,,,,,,,,,,,,,,,,,,,,,,,,,,,,,,,
1702,158_251_400,,,,,,,,,,,,,,,,,,,,,,,,,,,,,,,,,,,,,,,
1703,158_601_800,,,,,,,,,,,,,,,,,,,,,,,,,,,,,,,,,,,,,,,
1704,158_1001_1500,,,,,,,,,,,,,,,,,,,,,,,,,,,,,,,,,,,,,,,
1705,158_251_300,,,,,,,,,,,,,,,,,,,,,,,,,,,,,,,,,,,,,,,
1707,158_501_1000,,,,,,,,,,,,,,,,,,,,,,,,,,,,,,,,,,,,,,,
1710,157_1_1,,,,,,,,,,,,,,,,,,,,,,,,,,,,,,,,,,,,,,,
1711,800_?_?,124_20_20,,,,,,,,,,,,,,,,,,,,,,,,,,,,,,,,,,,,,,
1712,139_201_400,,,,,,,,,,,,,,,,,,,,,,,,,,,,,,,,,,,,,,,
1713,139_501_1000,,,,,,,,,,,,,,,,,,,,,,,,,,,,,,,,,,,,,,,
1715,620_14_14,,,,,,,,,,,,,,,,,,,,,,,,,,,,,,,,,,,,,,,
1716,620_15_15,,,,,,,,,,,,,,,,,,,,,,,,,,,,,,,,,,,,,,,
1717,620_16_16,,,,,,,,,,,,,,,,,,,,,,,,,,,,,,,,,,,,,,,
1718,118_16_30,,,,,,,,,,,,,,,,,,,,,,,,,,,,,,,,,,,,,,,
1719,126_26_40,213_3_5,,,,,,,,,,,,,,,,,,,,,,,,,,,,,,,,,,,,,,
1720,125_51_80,,,,,,,,,,,,,,,,,,,,,,,,,,,,,,,,,,,,,,,
1721,710_1_1,616_?_?,,,,,,,,,,,,,,,,,,,,,,,,,,,,,,,,,,,,,,
1722,197_2_2,,,,,,,,,,,,,,,,,,,,,,,,,,,,,,,,,,,,,,,
1723,124_20_20,176_10_10,811_?_?,,,,,,,,,,,,,,,,,,,,,,,,,,,,,,,,,,,,,
1724,811_?_?,118_25_25,,,,,,,,,,,,,,,,,,,,,,,,,,,,,,,,,,,,,,
1725,811_1_1,157_25_25,,,,,,,,,,,,,,,,,,,,,,,,,,,,,,,,,,,,,,
1728,800_?_?,808_64_64,806_0_0,807_0_0,,,,,,,,,,,,,,,,,,,,,,,,,,,,,,,,,,,,
1729,156_2_11,125_2_61,,,,,,,,,,,,,,,,,,,,,,,,,,,,,,,,,,,,,,
1737,110_100_100,,,,,,,,,,,,,,,,,,,,,,,,,,,,,,,,,,,,,,,
1738,110_50_50,,,,,,,,,,,,,,,,,,,,,,,,,,,,,,,,,,,,,,,
1739,99_11_14,126_21_40,174_201_300,125_41_60,211_3_5,157_40_40,124_11_20,,,,,,,,,,,,,,,,,,,,,,,,,,,,,,,,,
1740,197_1_1,,,,,,,,,,,,,,,,,,,,,,,,,,,,,,,,,,,,,,,
1741,206_1388_1388,,,,,,,,,,,,,,,,,,,,,,,,,,,,,,,,,,,,,,,
1742,206_?_?,,,,,,,,,,,,,,,,,,,,,,,,,,,,,,,,,,,,,,,
1748,800_?_?,808_64_64,806_0_0,807_0_0,,,,,,,,,,,,,,,,,,,,,,,,,,,,,,,,,,,,
1749,983_64_64,,,,,,,,,,,,,,,,,,,,,,,,,,,,,,,,,,,,,,,
1752,110_30_30,,,,,,,,,,,,,,,,,,,,,,,,,,,,,,,,,,,,,,,
1753,110_50_50,,,,,,,,,,,,,,,,,,,,,,,,,,,,,,,,,,,,,,,
1756,611_1_1,110_300_300,,,,,,,,,,,,,,,,,,,,,,,,,,,,,,,,,,,,,,
1764,110_15_15,,,,,,,,,,,,,,,,,,,,,,,,,,,,,,,,,,,,,,,
1765,110_30_30,,,,,,,,,,,,,,,,,,,,,,,,,,,,,,,,,,,,,,,
1766,611_1_1,110_400_400,,,,,,,,,,,,,,,,,,,,,,,,,,,,,,,,,,,,,,
1767,110_30_30,,,,,,,,,,,,,,,,,,,,,,,,,,,,,,,,,,,,,,,
1768,110_45_45,,,,,,,,,,,,,,,,,,,,,,,,,,,,,,,,,,,,,,,
1769,606_1_1,110_400_400,,,,,,,,,,,,,,,,,,,,,,,,,,,,,,,,,,,,,,
1809,110_90_90,,,,,,,,,,,,,,,,,,,,,,,,,,,,,,,,,,,,,,,
1810,110_170_170,,,,,,,,,,,,,,,,,,,,,,,,,,,,,,,,,,,,,,,
1811,110_10_10,,,,,,,,,,,,,,,,,,,,,,,,,,,,,,,,,,,,,,,
1812,110_15_15,,,,,,,,,,,,,,,,,,,,,,,,,,,,,,,,,,,,,,,
1813,110_10_10,,,,,,,,,,,,,,,,,,,,,,,,,,,,,,,,,,,,,,,
1814,110_15_15,,,,,,,,,,,,,,,,,,,,,,,,,,,,,,,,,,,,,,,
1815,110_90_90,,,,,,,,,,,,,,,,,,,,,,,,,,,,,,,,,,,,,,,
1816,110_170_170,,,,,,,,,,,,,,,,,,,,,,,,,,,,,,,,,,,,,,,
1817,110_600_600,606_1_1,,,,,,,,,,,,,,,,,,,,,,,,,,,,,,,,,,,,,,
1818,110_65_65,,,,,,,,,,,,,,,,,,,,,,,,,,,,,,,,,,,,,,,
1819,110_100_100,,,,,,,,,,,,,,,,,,,,,,,,,,,,,,,,,,,,,,,
1820,110_65_65,,,,,,,,,,,,,,,,,,,,,,,,,,,,,,,,,,,,,,,
1821,110_100_100,,,,,,,,,,,,,,,,,,,,,,,,,,,,,,,,,,,,,,,
1822,110_150_150,,,,,,,,,,,,,,,,,,,,,,,,,,,,,,,,,,,,,,,
1823,110_200_200,,,,,,,,,,,,,,,,,,,,,,,,,,,,,,,,,,,,,,,
1824,110_700_700,606_1_1,,,,,,,,,,,,,,,,,,,,,,,,,,,,,,,,,,,,,,
1825,110_40_40,,,,,,,,,,,,,,,,,,,,,,,,,,,,,,,,,,,,,,,
1826,110_70_70,,,,,,,,,,,,,,,,,,,,,,,,,,,,,,,,,,,,,,,
1827,110_400_400,611_1_1,,,,,,,,,,,,,,,,,,,,,,,,,,,,,,,,,,,,,,
1828,606_1_1,110_500_500,,,,,,,,,,,,,,,,,,,,,,,,,,,,,,,,,,,,,,
1829,110_100_100,611_1_1,,,,,,,,,,,,,,,,,,,,,,,,,,,,,,,,,,,,,,
1830,110_100_100,606_1_1,,,,,,,,,,,,,,,,,,,,,,,,,,,,,,,,,,,,,,
1831,611_1_1,110_700_700,,,,,,,,,,,,,,,,,,,,,,,,,,,,,,,,,,,,,,
1832,110_15_15,,,,,,,,,,,,,,,,,,,,,,,,,,,,,,,,,,,,,,,
1833,110_30_30,,,,,,,,,,,,,,,,,,,,,,,,,,,,,,,,,,,,,,,
1834,110_200_200,606_1_1,,,,,,,,,,,,,,,,,,,,,,,,,,,,,,,,,,,,,,
1835,110_40_40,,,,,,,,,,,,,,,,,,,,,,,,,,,,,,,,,,,,,,,
1836,110_70_70,,,,,,,,,,,,,,,,,,,,,,,,,,,,,,,,,,,,,,,
1837,110_400_400,606_1_1,,,,,,,,,,,,,,,,,,,,,,,,,,,,,,,,,,,,,,
1838,110_150_150,,,,,,,,,,,,,,,,,,,,,,,,,,,,,,,,,,,,,,,
1839,110_200_200,,,,,,,,,,,,,,,,,,,,,,,,,,,,,,,,,,,,,,,
1840,110_1000_1000,611_1_1,,,,,,,,,,,,,,,,,,,,,,,,,,,,,,,,,,,,,,
1859,110_500_500,611_1_1,,,,,,,,,,,,,,,,,,,,,,,,,,,,,,,,,,,,,,
1860,96_1_20,,,,,,,,,,,,,,,,,,,,,,,,,,,,,,,,,,,,,,,
1861,96_2_19,,,,,,,,,,,,,,,,,,,,,,,,,,,,,,,,,,,,,,,
1862,96_1_14,,,,,,,,,,,,,,,,,,,,,,,,,,,,,,,,,,,,,,,
1863,96_1_14,,,,,,,,,,,,,,,,,,,,,,,,,,,,,,,,,,,,,,,
1864,96_1_9,,,,,,,,,,,,,,,,,,,,,,,,,,,,,,,,,,,,,,,
1865,96_1_8,,,,,,,,,,,,,,,,,,,,,,,,,,,,,,,,,,,,,,,
1866,96_1_5,,,,,,,,,,,,,,,,,,,,,,,,,,,,,,,,,,,,,,,
1867,96_1_6,,,,,,,,,,,,,,,,,,,,,,,,,,,,,,,,,,,,,,,
1868,96_1_8,,,,,,,,,,,,,,,,,,,,,,,,,,,,,,,,,,,,,,,
1895,110_2_2,,,,,,,,,,,,,,,,,,,,,,,,,,,,,,,,,,,,,,,
1904,214_6_15,,,,,,,,,,,,,,,,,,,,,,,,,,,,,,,,,,,,,,,
1907,115_1_10,983_?_?,,,,,,,,,,,,,,,,,,,,,,,,,,,,,,,,,,,,,,
1908,111_1_1,157_21_70,155_21_70,154_21_70,152_21_70,,,,,,,,,,,,,,,,,,,,,,,,,,,,,,,,,,,
1910,138_6_35,124_16_25,125_21_40,,,,,,,,,,,,,,,,,,,,,,,,,,,,,,,,,,,,,
1925,805_64_64,,,,,,,,,,,,,,,,,,,,,,,,,,,,,,,,,,,,,,,
1934,100_4_6,795_0_0,,,,,,,,,,,,,,,,,,,,,,,,,,,,,,,,,,,,,,
1936,100_11_15,795_0_0,,,,,,,,,,,,,,,,,,,,,,,,,,,,,,,,,,,,,,
1938,97_8_17,795_0_0,,,,,,,,,,,,,,,,,,,,,,,,,,,,,,,,,,,,,,
1939,100_11_20,795_0_0,,,,,,,,,,,,,,,,,,,,,,,,,,,,,,,,,,,,,,
1940,100_16_30,138_15_15,795_0_0,,,,,,,,,,,,,,,,,,,,,,,,,,,,,,,,,,,,,
1941,96_9_18,138_5_5,795_0_0,,,,,,,,,,,,,,,,,,,,,,,,,,,,,,,,,,,,,
1942,98_8_12,138_5_5,795_0_0,,,,,,,,,,,,,,,,,,,,,,,,,,,,,,,,,,,,,
1943,99_4_8,138_5_5,795_0_0,,,,,,,,,,,,,,,,,,,,,,,,,,,,,,,,,,,,,
1944,99_6_10,97_6_10,138_20_20,795_0_0,,,,,,,,,,,,,,,,,,,,,,,,,,,,,,,,,,,,
1945,100_3_6,,,,,,,,,,,,,,,,,,,,,,,,,,,,,,,,,,,,,,,
1946,100_3_6,,,,,,,,,,,,,,,,,,,,,,,,,,,,,,,,,,,,,,,
1947,110_15_15,,,,,,,,,,,,,,,,,,,,,,,,,,,,,,,,,,,,,,,
1948,110_70_70,,,,,,,,,,,,,,,,,,,,,,,,,,,,,,,,,,,,,,,
1949,110_10_10,,,,,,,,,,,,,,,,,,,,,,,,,,,,,,,,,,,,,,,
1950,110_25_25,,,,,,,,,,,,,,,,,,,,,,,,,,,,,,,,,,,,,,,
1951,110_35_35,,,,,,,,,,,,,,,,,,,,,,,,,,,,,,,,,,,,,,,
1952,110_20_20,,,,,,,,,,,,,,,,,,,,,,,,,,,,,,,,,,,,,,,
1953,110_80_80,,,,,,,,,,,,,,,,,,,,,,,,,,,,,,,,,,,,,,,
1954,110_10_10,,,,,,,,,,,,,,,,,,,,,,,,,,,,,,,,,,,,,,,
1955,110_30_30,,,,,,,,,,,,,,,,,,,,,,,,,,,,,,,,,,,,,,,
1956,110_100_100,,,,,,,,,,,,,,,,,,,,,,,,,,,,,,,,,,,,,,,
1957,110_500_500,607_1_1,,,,,,,,,,,,,,,,,,,,,,,,,,,,,,,,,,,,,,
1958,110_75_75,,,,,,,,,,,,,,,,,,,,,,,,,,,,,,,,,,,,,,,
1959,110_95_95,,,,,,,,,,,,,,,,,,,,,,,,,,,,,,,,,,,,,,,
1960,110_150_150,,,,,,,,,,,,,,,,,,,,,,,,,,,,,,,,,,,,,,,
1961,110_1000_1000,607_1_1,,,,,,,,,,,,,,,,,,,,,,,,,,,,,,,,,,,,,,
1962,110_40_40,,,,,,,,,,,,,,,,,,,,,,,,,,,,,,,,,,,,,,,
1963,110_75_75,,,,,,,,,,,,,,,,,,,,,,,,,,,,,,,,,,,,,,,
1964,110_110_110,,,,,,,,,,,,,,,,,,,,,,,,,,,,,,,,,,,,,,,
1965,110_800_800,607_1_1,,,,,,,,,,,,,,,,,,,,,,,,,,,,,,,,,,,,,,
1966,110_50_50,,,,,,,,,,,,,,,,,,,,,,,,,,,,,,,,,,,,,,,
1967,110_120_120,,,,,,,,,,,,,,,,,,,,,,,,,,,,,,,,,,,,,,,
1968,110_150_150,,,,,,,,,,,,,,,,,,,,,,,,,,,,,,,,,,,,,,,
1969,110_600_600,607_1_1,,,,,,,,,,,,,,,,,,,,,,,,,,,,,,,,,,,,,,
1970,110_100_100,,,,,,,,,,,,,,,,,,,,,,,,,,,,,,,,,,,,,,,
1971,110_150_150,,,,,,,,,,,,,,,,,,,,,,,,,,,,,,,,,,,,,,,
1972,110_200_200,,,,,,,,,,,,,,,,,,,,,,,,,,,,,,,,,,,,,,,
1980,811_1_1,154_25_25,,,,,,,,,,,,,,,,,,,,,,,,,,,,,,,,,,,,,,
1981,811_1_1,155_25_25,,,,,,,,,,,,,,,,,,,,,,,,,,,,,,,,,,,,,,
1982,811_?_?,119_25_25,,,,,,,,,,,,,,,,,,,,,,,,,,,,,,,,,,,,,,
2013,110_200_200,607_1_1,,,,,,,,,,,,,,,,,,,,,,,,,,,,,,,,,,,,,,
2020,610_1_1,110_100_100,,,,,,,,,,,,,,,,,,,,,,,,,,,,,,,,,,,,,,
2024,110_20_20,139_50_50,,,,,,,,,,,,,,,,,,,,,,,,,,,,,,,,,,,,,,
2025,139_5000_5000,610_1_1,,,,,,,,,,,,,,,,,,,,,,,,,,,,,,,,,,,,,,
2028,110_300_300,610_1_1,,,,,,,,,,,,,,,,,,,,,,,,,,,,,,,,,,,,,,
2031,110_500_500,610_1_1,,,,,,,,,,,,,,,,,,,,,,,,,,,,,,,,,,,,,,
2034,610_1_1,,,,,,,,,,,,,,,,,,,,,,,,,,,,,,,,,,,,,,,
2038,110_700_700,610_1_1,,,,,,,,,,,,,,,,,,,,,,,,,,,,,,,,,,,,,,
2039,805_64_64,,,,,,,,,,,,,,,,,,,,,,,,,,,,,,,,,,,,,,,
2044,110_2_2,,,,,,,,,,,,,,,,,,,,,,,,,,,,,,,,,,,,,,,
2052,805_64_64,,,,,,,,,,,,,,,,,,,,,,,,,,,,,,,,,,,,,,,
2061,124_6_20,212_6_10,182_1_1,,,,,,,,,,,,,,,,,,,,,,,,,,,,,,,,,,,,,
2062,149_?_?,205_0_0,,,,,,,,,,,,,,,,,,,,,,,,,,,,,,,,,,,,,,
2063,212_3_5,119_31_40,116_1_3,118_31_40,,,,,,,,,,,,,,,,,,,,,,,,,,,,,,,,,,,,
2064,193_?_?,949_1_1,,,,,,,,,,,,,,,,,,,,,,,,,,,,,,,,,,,,,,
2066,100_11_18,118_21_35,123_21_35,119_21_35,125_21_35,,,,,,,,,,,,,,,,,,,,,,,,,,,,,,,,,,,
2067,710_1_1,616_?_?,,,,,,,,,,,,,,,,,,,,,,,,,,,,,,,,,,,,,,
2068,710_1_1,616_?_?,,,,,,,,,,,,,,,,,,,,,,,,,,,,,,,,,,,,,,
2069,710_1_1,616_?_?,,,,,,,,,,,,,,,,,,,,,,,,,,,,,,,,,,,,,,
2070,126_11_50,157_1_20,112_1_3,,,,,,,,,,,,,,,,,,,,,,,,,,,,,,,,,,,,,
2071,710_1_1,616_170_170,,,,,,,,,,,,,,,,,,,,,,,,,,,,,,,,,,,,,,
2072,710_1_1,616_171_171,,,,,,,,,,,,,,,,,,,,,,,,,,,,,,,,,,,,,,
2073,710_1_1,616_?_?,,,,,,,,,,,,,,,,,,,,,,,,,,,,,,,,,,,,,,
2074,800_?_?,808_64_64,806_0_0,807_0_0,,,,,,,,,,,,,,,,,,,,,,,,,,,,,,,,,,,,
2075,800_?_?,808_64_64,806_0_0,807_0_0,,,,,,,,,,,,,,,,,,,,,,,,,,,,,,,,,,,,
2076,800_?_?,808_64_64,806_0_0,807_0_0,,,,,,,,,,,,,,,,,,,,,,,,,,,,,,,,,,,,
2077,800_?_?,808_64_64,806_0_0,807_0_0,,,,,,,,,,,,,,,,,,,,,,,,,,,,,,,,,,,,
2082,148_?_?,811_1_1,,,,,,,,,,,,,,,,,,,,,,,,,,,,,,,,,,,,,,
2085,110_1_1,,,,,,,,,,,,,,,,,,,,,,,,,,,,,,,,,,,,,,,
2086,139_1_1,,,,,,,,,,,,,,,,,,,,,,,,,,,,,,,,,,,,,,,
2087,110_3_3,,,,,,,,,,,,,,,,,,,,,,,,,,,,,,,,,,,,,,,
2088,110_1_1,,,,,,,,,,,,,,,,,,,,,,,,,,,,,,,,,,,,,,,
2089,110_1_1,,,,,,,,,,,,,,,,,,,,,,,,,,,,,,,,,,,,,,,
2090,110_1_1,139_1_1,,,,,,,,,,,,,,,,,,,,,,,,,,,,,,,,,,,,,,
2091,620_?_?,,,,,,,,,,,,,,,,,,,,,,,,,,,,,,,,,,,,,,,
2092,620_?_?,,,,,,,,,,,,,,,,,,,,,,,,,,,,,,,,,,,,,,,
2093,620_?_?,,,,,,,,,,,,,,,,,,,,,,,,,,,,,,,,,,,,,,,
2094,240_3_8,244_3_8,241_3_8,242_3_8,243_3_8,125_16_30,,,,,,,,,,,,,,,,,,,,,,,,,,,,,,,,,,
2095,118_11_50,124_11_20,155_1_20,,,,,,,,,,,,,,,,,,,,,,,,,,,,,,,,,,,,,
2096,126_11_50,124_11_20,,,,,,,,,,,,,,,,,,,,,,,,,,,,,,,,,,,,,,
2097,117_1_1,125_1_40,112_1_5,,,,,,,,,,,,,,,,,,,,,,,,,,,,,,,,,,,,,
2104,125_41_80,124_11_15,138_11_15,,,,,,,,,,,,,,,,,,,,,,,,,,,,,,,,,,,,,
2106,805_64_64,,,,,,,,,,,,,,,,,,,,,,,,,,,,,,,,,,,,,,,
2111,620_30_30,,,,,,,,,,,,,,,,,,,,,,,,,,,,,,,,,,,,,,,
2112,620_31_31,,,,,,,,,,,,,,,,,,,,,,,,,,,,,,,,,,,,,,,
2129,805_64_64,,,,,,,,,,,,,,,,,,,,,,,,,,,,,,,,,,,,,,,
2130,148_?_?,811_1_1,,,,,,,,,,,,,,,,,,,,,,,,,,,,,,,,,,,,,,
2132,148_?_?,811_1_1,,,,,,,,,,,,,,,,,,,,,,,,,,,,,,,,,,,,,,
2134,148_?_?,811_1_1,,,,,,,,,,,,,,,,,,,,,,,,,,,,,,,,,,,,,,
2152,148_?_?,811_1_1,,,,,,,,,,,,,,,,,,,,,,,,,,,,,,,,,,,,,,
2154,241_100_100,242_100_100,243_100_100,240_100_100,244_100_100,,,,,,,,,,,,,,,,,,,,,,,,,,,,,,,,,,,
2155,111_4_4,125_400_400,,,,,,,,,,,,,,,,,,,,,,,,,,,,,,,,,,,,,,
2156,95_41_60,,,,,,,,,,,,,,,,,,,,,,,,,,,,,,,,,,,,,,,
2157,149_?_?,117_2_2,112_5_5,115_5_5,138_30_30,,,,,,,,,,,,,,,,,,,,,,,,,,,,,,,,,,,
2159,193_?_?,,,,,,,,,,,,,,,,,,,,,,,,,,,,,,,,,,,,,,,
2160,193_?_?,,,,,,,,,,,,,,,,,,,,,,,,,,,,,,,,,,,,,,,
2161,193_?_?,,,,,,,,,,,,,,,,,,,,,,,,,,,,,,,,,,,,,,,
2162,193_?_?,,,,,,,,,,,,,,,,,,,,,,,,,,,,,,,,,,,,,,,
2163,205_3_3,,,,,,,,,,,,,,,,,,,,,,,,,,,,,,,,,,,,,,,
2169,148_?_?,811_3_3,,,,,,,,,,,,,,,,,,,,,,,,,,,,,,,,,,,,,,
2170,2151_0_0,,,,,,,,,,,,,,,,,,,,,,,,,,,,,,,,,,,,,,,
2173,620_37_37,,,,,,,,,,,,,,,,,,,,,,,,,,,,,,,,,,,,,,,
2178,193_886_886,193_884_884,193_885_885,,,,,,,,,,,,,,,,,,,,,,,,,,,,,,,,,,,,,
2183,615_24_24,,,,,,,,,,,,,,,,,,,,,,,,,,,,,,,,,,,,,,,
2184,615_?_?,,,,,,,,,,,,,,,,,,,,,,,,,,,,,,,,,,,,,,,
2185,615_29_29,,,,,,,,,,,,,,,,,,,,,,,,,,,,,,,,,,,,,,,
2186,615_38_38,,,,,,,,,,,,,,,,,,,,,,,,,,,,,,,,,,,,,,,
2187,805_64_64,810_0_0,,,,,,,,,,,,,,,,,,,,,,,,,,,,,,,,,,,,,,
2188,96_2_3,,,,,,,,,,,,,,,,,,,,,,,,,,,,,,,,,,,,,,,
2190,193_864_864,,,,,,,,,,,,,,,,,,,,,,,,,,,,,,,,,,,,,,,
2195,805_64_64,,,,,,,,,,,,,,,,,,,,,,,,,,,,,,,,,,,,,,,
2196,811_?_?,126_25_25,,,,,,,,,,,,,,,,,,,,,,,,,,,,,,,,,,,,,,
2197,7_0_0,,,,,,,,,,,,,,,,,,,,,,,,,,,,,,,,,,,,,,,
2198,193_894_894,,,,,,,,,,,,,,,,,,,,,,,,,,,,,,,,,,,,,,,
2199,193_?_?,,,,,,,,,,,,,,,,,,,,,,,,,,,,,,,,,,,,,,,
2201,811_?_?,124_25_25,,,,,,,,,,,,,,,,,,,,,,,,,,,,,,,,,,,,,,
2202,811_1_1,156_25_25,,,,,,,,,,,,,,,,,,,,,,,,,,,,,,,,,,,,,,
2203,193_899_899,,,,,,,,,,,,,,,,,,,,,,,,,,,,,,,,,,,,,,,
2204,193_?_?,,,,,,,,,,,,,,,,,,,,,,,,,,,,,,,,,,,,,,,
2206,811_?_?,123_25_25,,,,,,,,,,,,,,,,,,,,,,,,,,,,,,,,,,,,,,
2207,805_64_64,,,,,,,,,,,,,,,,,,,,,,,,,,,,,,,,,,,,,,,
2208,811_1_1,152_25_25,,,,,,,,,,,,,,,,,,,,,,,,,,,,,,,,,,,,,,
2209,193_?_?,,,,,,,,,,,,,,,,,,,,,,,,,,,,,,,,,,,,,,,
2210,193_?_?,,,,,,,,,,,,,,,,,,,,,,,,,,,,,,,,,,,,,,,
2211,193_?_?,,,,,,,,,,,,,,,,,,,,,,,,,,,,,,,,,,,,,,,
2212,193_?_?,,,,,,,,,,,,,,,,,,,,,,,,,,,,,,,,,,,,,,,
2213,193_?_?,,,,,,,,,,,,,,,,,,,,,,,,,,,,,,,,,,,,,,,
2214,149_50_50,,,,,,,,,,,,,,,,,,,,,,,,,,,,,,,,,,,,,,,
2215,149_32_32,,,,,,,,,,,,,,,,,,,,,,,,,,,,,,,,,,,,,,,
2216,149_64_64,,,,,,,,,,,,,,,,,,,,,,,,,,,,,,,,,,,,,,,
2217,193_?_?,,,,,,,,,,,,,,,,,,,,,,,,,,,,,,,,,,,,,,,
2218,149_?_?,,,,,,,,,,,,,,,,,,,,,,,,,,,,,,,,,,,,,,,
2219,193_?_?,,,,,,,,,,,,,,,,,,,,,,,,,,,,,,,,,,,,,,,
2220,149_46_46,,,,,,,,,,,,,,,,,,,,,,,,,,,,,,,,,,,,,,,
2221,193_?_?,,,,,,,,,,,,,,,,,,,,,,,,,,,,,,,,,,,,,,,
2222,149_?_?,,,,,,,,,,,,,,,,,,,,,,,,,,,,,,,,,,,,,,,
2223,193_?_?,,,,,,,,,,,,,,,,,,,,,,,,,,,,,,,,,,,,,,,
2224,149_?_?,,,,,,,,,,,,,,,,,,,,,,,,,,,,,,,,,,,,,,,
2225,193_?_?,,,,,,,,,,,,,,,,,,,,,,,,,,,,,,,,,,,,,,,
2226,149_28_28,,,,,,,,,,,,,,,,,,,,,,,,,,,,,,,,,,,,,,,
2227,193_?_?,,,,,,,,,,,,,,,,,,,,,,,,,,,,,,,,,,,,,,,
2228,149_14_14,,,,,,,,,,,,,,,,,,,,,,,,,,,,,,,,,,,,,,,
2229,193_?_?,,,,,,,,,,,,,,,,,,,,,,,,,,,,,,,,,,,,,,,
2230,149_?_?,,,,,,,,,,,,,,,,,,,,,,,,,,,,,,,,,,,,,,,
2231,193_?_?,,,,,,,,,,,,,,,,,,,,,,,,,,,,,,,,,,,,,,,
2232,149_?_?,,,,,,,,,,,,,,,,,,,,,,,,,,,,,,,,,,,,,,,
2233,126_16_30,213_1_2,219_1_2,,,,,,,,,,,,,,,,,,,,,,,,,,,,,,,,,,,,,
2234,649_1_1,,,,,,,,,,,,,,,,,,,,,,,,,,,,,,,,,,,,,,,
2235,649_2_2,,,,,,,,,,,,,,,,,,,,,,,,,,,,,,,,,,,,,,,
2236,193_?_?,,,,,,,,,,,,,,,,,,,,,,,,,,,,,,,,,,,,,,,
2237,193_?_?,,,,,,,,,,,,,,,,,,,,,,,,,,,,,,,,,,,,,,,
2240,208_?_?,,,,,,,,,,,,,,,,,,,,,,,,,,,,,,,,,,,,,,,
2261,153_1_20,811_5_5,,,,,,,,,,,,,,,,,,,,,,,,,,,,,,,,,,,,,,
2263,193_?_?,193_?_?,193_?_?,193_?_?,,,,,,,,,,,,,,,,,,,,,,,,,,,,,,,,,,,,
2272,148_634_634,811_1_1,,,,,,,,,,,,,,,,,,,,,,,,,,,,,,,,,,,,,,
2332,110_5_5,,,,,,,,,,,,,,,,,,,,,,,,,,,,,,,,,,,,,,,
2333,193_?_?,2150_?_?,,,,,,,,,,,,,,,,,,,,,,,,,,,,,,,,,,,,,,
2341,98_31_50,154_250_250,812_1_1,,,,,,,,,,,,,,,,,,,,,,,,,,,,,,,,,,,,,
2348,149_?_?,649_3_3,,,,,,,,,,,,,,,,,,,,,,,,,,,,,,,,,,,,,,
2351,110_6_6,,,,,,,,,,,,,,,,,,,,,,,,,,,,,,,,,,,,,,,
2354,805_64_64,,,,,,,,,,,,,,,,,,,,,,,,,,,,,,,,,,,,,,,
2361,97_31_50,157_250_250,812_1_1,983_64_64,,,,,,,,,,,,,,,,,,,,,,,,,,,,,,,,,,,,
2366,96_4_5,,,,,,,,,,,,,,,,,,,,,,,,,,,,,,,,,,,,,,,
2367,159_1_300,211_1_2,218_3_5,124_16_25,,,,,,,,,,,,,,,,,,,,,,,,,,,,,,,,,,,,
2368,159_1_300,212_1_2,215_3_5,124_16_25,,,,,,,,,,,,,,,,,,,,,,,,,,,,,,,,,,,,
2369,111_1_1,125_31_40,124_31_40,112_4_5,,,,,,,,,,,,,,,,,,,,,,,,,,,,,,,,,,,,
2370,212_3_5,215_3_5,119_21_30,118_11_25,,,,,,,,,,,,,,,,,,,,,,,,,,,,,,,,,,,,
2371,125_21_100,182_1_4,127_1_1,,,,,,,,,,,,,,,,,,,,,,,,,,,,,,,,,,,,,
2372,211_3_5,218_3_5,123_26_40,155_26_40,182_1_1,174_31_50,,,,,,,,,,,,,,,,,,,,,,,,,,,,,,,,,,
2373,124_16_30,155_11_20,125_21_50,119_11_20,212_3_5,,,,,,,,,,,,,,,,,,,,,,,,,,,,,,,,,,,
2374,123_16_35,116_1_1,124_11_15,125_16_20,155_11_15,211_3_5,154_11_15,,,,,,,,,,,,,,,,,,,,,,,,,,,,,,,,,
2375,125_21_50,124_6_10,112_2_3,128_1_1,210_3_5,138_6_10,118_21_40,,,,,,,,,,,,,,,,,,,,,,,,,,,,,,,,,
2376,97_6_10,,,,,,,,,,,,,,,,,,,,,,,,,,,,,,,,,,,,,,,
2380,2100_1_1,241_6_20,242_6_20,243_6_20,,,,,,,,,,,,,,,,,,,,,,,,,,,,,,,,,,,,
2381,125_21_30,211_6_10,214_6_10,177_3_5,,,,,,,,,,,,,,,,,,,,,,,,,,,,,,,,,,,,
2382,174_151_200,119_16_30,125_11_20,,,,,,,,,,,,,,,,,,,,,,,,,,,,,,,,,,,,,
2383,125_21_40,213_3_5,241_3_5,242_3_5,243_3_5,,,,,,,,,,,,,,,,,,,,,,,,,,,,,,,,,,,
2384,128_1_1,126_21_35,124_16_30,125_31_50,240_6_10,244_6_10,213_3_5,,,,,,,,,,,,,,,,,,,,,,,,,,,,,,,,,
2385,125_31_50,118_31_50,112_3_6,182_2_3,213_7_9,214_7_9,,,,,,,,,,,,,,,,,,,,,,,,,,,,,,,,,,
2386,115_3_10,112_3_5,174_51_100,,,,,,,,,,,,,,,,,,,,,,,,,,,,,,,,,,,,,
2387,117_1_2,124_11_20,125_31_50,210_3_5,,,,,,,,,,,,,,,,,,,,,,,,,,,,,,,,,,,,
2388,126_16_30,112_3_5,,,,,,,,,,,,,,,,,,,,,,,,,,,,,,,,,,,,,,
2389,125_31_50,138_6_10,,,,,,,,,,,,,,,,,,,,,,,,,,,,,,,,,,,,,,
2390,124_21_35,214_4_7,,,,,,,,,,,,,,,,,,,,,,,,,,,,,,,,,,,,,,
2391,124_21_35,182_1_2,176_6_15,241_6_10,242_6_10,243_6_10,138_11_15,211_3_5,214_3_5,,,,,,,,,,,,,,,,,,,,,,,,,,,,,,,
2392,111_1_1,182_1_2,154_15_15,152_15_15,157_15_15,155_15_15,,,,,,,,,,,,,,,,,,,,,,,,,,,,,,,,,,
2393,125_11_30,182_1_1,157_11_30,,,,,,,,,,,,,,,,,,,,,,,,,,,,,,,,,,,,,
2394,210_3_5,217_3_5,118_16_25,154_16_25,,,,,,,,,,,,,,,,,,,,,,,,,,,,,,,,,,,,
2395,125_16_25,115_2_3,241_2_3,242_2_3,243_2_3,214_1_3,,,,,,,,,,,,,,,,,,,,,,,,,,,,,,,,,,
2396,126_11_17,213_2_2,,,,,,,,,,,,,,,,,,,,,,,,,,,,,,,,,,,,,,
2397,125_11_20,212_2_3,211_2_3,213_2_3,210_2_3,,,,,,,,,,,,,,,,,,,,,,,,,,,,,,,,,,,
2398,115_2_5,112_2_5,125_11_20,214_3_4,,,,,,,,,,,,,,,,,,,,,,,,,,,,,,,,,,,,
2399,118_11_17,210_1_2,,,,,,,,,,,,,,,,,,,,,,,,,,,,,,,,,,,,,,
2400,128_1_1,125_31_50,124_16_30,112_6_10,176_6_10,241_11_15,242_11_15,243_11_15,214_3_5,,,,,,,,,,,,,,,,,,,,,,,,,,,,,,,
2402,100_11_30,125_26_40,138_6_10,119_11_20,156_21_40,174_101_150,,,,,,,,,,,,,,,,,,,,,,,,,,,,,,,,,,
2403,122_1_2,115_3_7,117_1_1,214_1_5,,,,,,,,,,,,,,,,,,,,,,,,,,,,,,,,,,,,
2404,118_16_30,125_31_50,124_16_30,174_101_200,,,,,,,,,,,,,,,,,,,,,,,,,,,,,,,,,,,,
2409,126_11_15,213_3_5,124_4_7,,,,,,,,,,,,,,,,,,,,,,,,,,,,,,,,,,,,,
2410,111_1_1,127_1_1,125_21_35,,,,,,,,,,,,,,,,,,,,,,,,,,,,,,,,,,,,,
2411,118_1_40,126_1_40,,,,,,,,,,,,,,,,,,,,,,,,,,,,,,,,,,,,,,
2412,126_11_15,182_1_1,174_21_30,213_3_5,,,,,,,,,,,,,,,,,,,,,,,,,,,,,,,,,,,,
2413,125_1_50,118_1_30,182_1_1,112_1_3,,,,,,,,,,,,,,,,,,,,,,,,,,,,,,,,,,,,
2414,174_1_300,125_1_50,,,,,,,,,,,,,,,,,,,,,,,,,,,,,,,,,,,,,,
2415,99_16_25,125_11_15,126_11_15,115_2_3,176_1_2,,,,,,,,,,,,,,,,,,,,,,,,,,,,,,,,,,,
2416,99_4_8,97_4_8,182_1_1,,,,,,,,,,,,,,,,,,,,,,,,,,,,,,,,,,,,,
2417,100_11_15,101_1_1,174_10_10,,,,,,,,,,,,,,,,,,,,,,,,,,,,,,,,,,,,,
2418,213_3_5,126_16_20,138_5_10,,,,,,,,,,,,,,,,,,,,,,,,,,,,,,,,,,,,,
2419,125_1_30,,,,,,,,,,,,,,,,,,,,,,,,,,,,,,,,,,,,,,,
2420,112_4_5,,,,,,,,,,,,,,,,,,,,,,,,,,,,,,,,,,,,,,,
2421,125_11_15,112_1_1,213_3_5,,,,,,,,,,,,,,,,,,,,,,,,,,,,,,,,,,,,,
2422,138_1_15,125_1_35,,,,,,,,,,,,,,,,,,,,,,,,,,,,,,,,,,,,,,
2423,118_1_50,,,,,,,,,,,,,,,,,,,,,,,,,,,,,,,,,,,,,,,
2424,213_3_5,126_16_20,115_2_2,,,,,,,,,,,,,,,,,,,,,,,,,,,,,,,,,,,,,
2425,118_1_10,126_1_10,,,,,,,,,,,,,,,,,,,,,,,,,,,,,,,,,,,,,,
2426,117_1_1,,,,,,,,,,,,,,,,,,,,,,,,,,,,,,,,,,,,,,,
2427,126_11_15,176_1_2,213_3_5,,,,,,,,,,,,,,,,,,,,,,,,,,,,,,,,,,,,,
2428,158_1_500,,,,,,,,,,,,,,,,,,,,,,,,,,,,,,,,,,,,,,,
2429,158_51_150,214_4_6,118_11_30,,,,,,,,,,,,,,,,,,,,,,,,,,,,,,,,,,,,,
2435,119_16_30,157_16_30,152_16_30,176_2_6,,,,,,,,,,,,,,,,,,,,,,,,,,,,,,,,,,,,
2438,118_1_70,126_1_70,,,,,,,,,,,,,,,,,,,,,,,,,,,,,,,,,,,,,,
2440,98_4_8,96_4_8,99_4_8,97_4_8,156_11_60,125_1_10,,,,,,,,,,,,,,,,,,,,,,,,,,,,,,,,,,
2441,125_1_60,,,,,,,,,,,,,,,,,,,,,,,,,,,,,,,,,,,,,,,
2442,125_1_70,112_2_8,,,,,,,,,,,,,,,,,,,,,,,,,,,,,,,,,,,,,,
2443,118_11_30,126_11_30,,,,,,,,,,,,,,,,,,,,,,,,,,,,,,,,,,,,,,
2444,158_101_800,125_21_70,115_1_5,112_1_2,,,,,,,,,,,,,,,,,,,,,,,,,,,,,,,,,,,,
2445,118_11_60,210_4_8,,,,,,,,,,,,,,,,,,,,,,,,,,,,,,,,,,,,,,
2446,176_6_20,117_1_2,,,,,,,,,,,,,,,,,,,,,,,,,,,,,,,,,,,,,,
2447,176_6_20,124_1_30,126_1_40,,,,,,,,,,,,,,,,,,,,,,,,,,,,,,,,,,,,,
2469,111_1_1,,,,,,,,,,,,,,,,,,,,,,,,,,,,,,,,,,,,,,,
2470,128_1_1,176_1_15,,,,,,,,,,,,,,,,,,,,,,,,,,,,,,,,,,,,,,
2471,126_11_50,,,,,,,,,,,,,,,,,,,,,,,,,,,,,,,,,,,,,,,
2472,174_101_400,117_1_2,182_1_2,,,,,,,,,,,,,,,,,,,,,,,,,,,,,,,,,,,,,
2473,123_1_2,118_1_2,119_1_2,124_1_2,126_1_2,,,,,,,,,,,,,,,,,,,,,,,,,,,,,,,,,,,
2474,123_1_2,118_1_2,119_1_2,124_1_2,126_1_2,,,,,,,,,,,,,,,,,,,,,,,,,,,,,,,,,,,
2475,123_1_2,118_1_2,119_1_2,126_1_2,124_1_2,,,,,,,,,,,,,,,,,,,,,,,,,,,,,,,,,,,
2476,123_1_2,118_1_2,119_1_2,124_1_2,126_1_2,,,,,,,,,,,,,,,,,,,,,,,,,,,,,,,,,,,
2477,123_1_2,118_1_2,119_1_2,124_1_2,126_1_2,,,,,,,,,,,,,,,,,,,,,,,,,,,,,,,,,,,
2478,123_1_2,118_1_2,119_1_2,124_1_2,126_1_2,,,,,,,,,,,,,,,,,,,,,,,,,,,,,,,,,,,
2485,176_1_10,119_1_40,125_1_50,,,,,,,,,,,,,,,,,,,,,,,,,,,,,,,,,,,,,
2489,112_1_7,138_1_30,,,,,,,,,,,,,,,,,,,,,,,,,,,,,,,,,,,,,,
2498,125_11_70,117_1_2,152_1_20,155_1_20,,,,,,,,,,,,,,,,,,,,,,,,,,,,,,,,,,,,
2517,123_1_10,125_1_30,112_1_3,211_1_5,983_?_?,,,,,,,,,,,,,,,,,,,,,,,,,,,,,,,,,,,
2518,126_1_10,125_1_30,112_1_3,213_1_5,983_?_?,,,,,,,,,,,,,,,,,,,,,,,,,,,,,,,,,,,
2519,123_1_30,125_1_30,124_1_15,211_1_5,983_?_?,,,,,,,,,,,,,,,,,,,,,,,,,,,,,,,,,,,
2520,126_1_30,125_1_30,124_1_15,213_1_5,983_?_?,,,,,,,,,,,,,,,,,,,,,,,,,,,,,,,,,,,
2521,123_1_20,115_1_4,138_1_10,174_1_100,211_1_5,983_?_?,,,,,,,,,,,,,,,,,,,,,,,,,,,,,,,,,,
2522,126_1_20,115_1_4,138_1_10,174_1_100,213_1_5,983_?_?,,,,,,,,,,,,,,,,,,,,,,,,,,,,,,,,,,
2523,125_1_20,124_1_15,241_1_5,242_1_5,243_1_5,211_1_5,983_?_?,,,,,,,,,,,,,,,,,,,,,,,,,,,,,,,,,
2524,125_1_20,124_1_15,241_1_5,242_1_5,243_1_5,213_1_5,983_?_?,,,,,,,,,,,,,,,,,,,,,,,,,,,,,,,,,
2529,702_1_3,,,,,,,,,,,,,,,,,,,,,,,,,,,,,,,,,,,,,,,
2530,123_1_50,125_1_50,,,,,,,,,,,,,,,,,,,,,,,,,,,,,,,,,,,,,,
2531,111_1_1,125_1_80,,,,,,,,,,,,,,,,,,,,,,,,,,,,,,,,,,,,,,
2532,124_6_30,123_1_30,176_1_5,115_1_5,,,,,,,,,,,,,,,,,,,,,,,,,,,,,,,,,,,,
2534,123_11_15,182_1_1,174_21_30,211_3_5,,,,,,,,,,,,,,,,,,,,,,,,,,,,,,,,,,,,
2535,123_11_15,211_3_5,124_4_7,,,,,,,,,,,,,,,,,,,,,,,,,,,,,,,,,,,,,
2537,123_11_15,176_1_2,211_3_5,,,,,,,,,,,,,,,,,,,,,,,,,,,,,,,,,,,,,
2538,702_4_6,,,,,,,,,,,,,,,,,,,,,,,,,,,,,,,,,,,,,,,
2539,702_1_3,,,,,,,,,,,,,,,,,,,,,,,,,,,,,,,,,,,,,,,
2540,702_4_6,,,,,,,,,,,,,,,,,,,,,,,,,,,,,,,,,,,,,,,
2541,702_7_12,,,,,,,,,,,,,,,,,,,,,,,,,,,,,,,,,,,,,,,
2542,622_0_0,,,,,,,,,,,,,,,,,,,,,,,,,,,,,,,,,,,,,,,
2543,702_7_12,,,,,,,,,,,,,,,,,,,,,,,,,,,,,,,,,,,,,,,
2544,100_11_50,2100_1_1,127_1_1,119_1_5,,,,,,,,,,,,,,,,,,,,,,,,,,,,,,,,,,,,
2545,119_1_30,115_1_5,138_11_15,,,,,,,,,,,,,,,,,,,,,,,,,,,,,,,,,,,,,
2546,138_11_20,174_11_210,,,,,,,,,,,,,,,,,,,,,,,,,,,,,,,,,,,,,,
2547,124_36_50,125_81_120,117_2_2,214_6_10,176_6_10,211_6_10,210_6_10,123_46_60,,,,,,,,,,,,,,,,,,,,,,,,,,,,,,,,
2567,811_?_?,174_500_500,,,,,,,,,,,,,,,,,,,,,,,,,,,,,,,,,,,,,,
2568,811_1_1,175_50_50,,,,,,,,,,,,,,,,,,,,,,,,,,,,,,,,,,,,,,
2569,193_?_?,,,,,,,,,,,,,,,,,,,,,,,,,,,,,,,,,,,,,,,
2570,193_?_?,,,,,,,,,,,,,,,,,,,,,,,,,,,,,,,,,,,,,,,
2587,100_4_9,125_5_5,,,,,,,,,,,,,,,,,,,,,,,,,,,,,,,,,,,,,,
2589,100_6_10,125_7_7,118_5_5,,,,,,,,,,,,,,,,,,,,,,,,,,,,,,,,,,,,,
2590,100_10_14,125_6_15,119_5_5,,,,,,,,,,,,,,,,,,,,,,,,,,,,,,,,,,,,,
2592,100_15_24,126_6_15,124_6_15,,,,,,,,,,,,,,,,,,,,,,,,,,,,,,,,,,,,,
2593,100_16_22,124_11_20,125_21_30,155_6_15,157_6_15,,,,,,,,,,,,,,,,,,,,,,,,,,,,,,,,,,,
2595,100_16_25,118_16_25,125_21_30,124_6_20,174_50_50,,,,,,,,,,,,,,,,,,,,,,,,,,,,,,,,,,,
2597,100_21_25,118_16_30,126_16_30,,,,,,,,,,,,,,,,,,,,,,,,,,,,,,,,,,,,,
2600,100_21_30,118_16_30,125_16_30,119_16_30,124_16_20,,,,,,,,,,,,,,,,,,,,,,,,,,,,,,,,,,,
2601,100_18_27,123_21_30,119_21_30,175_100_100,156_6_15,,,,,,,,,,,,,,,,,,,,,,,,,,,,,,,,,,,
2603,100_21_25,124_21_30,116_2_3,125_21_40,,,,,,,,,,,,,,,,,,,,,,,,,,,,,,,,,,,,
2604,100_26_32,125_21_50,123_21_40,124_6_15,118_21_40,155_21_50,,,,,,,,,,,,,,,,,,,,,,,,,,,,,,,,,,
2606,100_23_29,125_21_50,119_21_40,124_6_15,126_21_40,175_101_200,157_21_50,,,,,,,,,,,,,,,,,,,,,,,,,,,,,,,,,
2608,100_28_32,118_31_50,125_31_50,,,,,,,,,,,,,,,,,,,,,,,,,,,,,,,,,,,,,
2612,100_31_35,119_31_50,118_31_50,152_6_25,,,,,,,,,,,,,,,,,,,,,,,,,,,,,,,,,,,,
2614,100_31_35,125_31_70,118_31_70,175_500_500,,,,,,,,,,,,,,,,,,,,,,,,,,,,,,,,,,,,
2615,100_31_37,118_21_30,119_21_30,123_21_30,124_21_30,126_21_30,,,,,,,,,,,,,,,,,,,,,,,,,,,,,,,,,,
2616,100_36_40,118_51_60,125_51_60,138_6_10,,,,,,,,,,,,,,,,,,,,,,,,,,,,,,,,,,,,
2629,212_6_10,210_6_10,213_6_10,211_6_10,119_16_20,138_16_20,241_11_15,242_11_15,243_11_15,240_11_15,244_11_15,,,,,,,,,,,,,,,,,,,,,,,,,,,,,
2635,110_151_200,139_6_10,,,,,,,,,,,,,,,,,,,,,,,,,,,,,,,,,,,,,,
2636,110_201_250,139_11_20,,,,,,,,,,,,,,,,,,,,,,,,,,,,,,,,,,,,,,
2637,100_11_20,174_101_150,118_1_15,119_1_15,,,,,,,,,,,,,,,,,,,,,,,,,,,,,,,,,,,,
2638,100_16_30,174_201_300,118_16_30,119_16_30,125_16_30,,,,,,,,,,,,,,,,,,,,,,,,,,,,,,,,,,,
2639,100_21_40,174_301_400,118_31_45,119_31_45,125_31_45,176_5_5,,,,,,,,,,,,,,,,,,,,,,,,,,,,,,,,,,
2640,93_4_9,119_1_30,,,,,,,,,,,,,,,,,,,,,,,,,,,,,,,,,,,,,,
2641,119_11_60,,,,,,,,,,,,,,,,,,,,,,,,,,,,,,,,,,,,,,,
2655,118_31_50,124_21_40,174_181_330,212_3_5,176_6_10,210_3_5,211_3_5,,,,,,,,,,,,,,,,,,,,,,,,,,,,,,,,,
2677,125_51_80,118_31_50,112_6_10,138_11_15,213_3_5,211_3_5,210_3_5,,,,,,,,,,,,,,,,,,,,,,,,,,,,,,,,,
2678,118_21_35,126_21_35,214_3_5,,,,,,,,,,,,,,,,,,,,,,,,,,,,,,,,,,,,,
2681,125_16_30,119_16_35,176_3_6,174_51_100,117_1_1,,,,,,,,,,,,,,,,,,,,,,,,,,,,,,,,,,,
2683,125_16_30,123_16_35,176_3_6,174_51_100,117_1_1,,,,,,,,,,,,,,,,,,,,,,,,,,,,,,,,,,,
2685,125_16_30,118_16_35,176_3_6,174_51_100,117_1_1,,,,,,,,,,,,,,,,,,,,,,,,,,,,,,,,,,,
2687,125_16_30,126_16_35,176_3_6,174_51_100,117_1_1,,,,,,,,,,,,,,,,,,,,,,,,,,,,,,,,,,,
2688,125_11_15,138_7_11,119_11_15,115_2_3,176_3_4,,,,,,,,,,,,,,,,,,,,,,,,,,,,,,,,,,,
2689,119_11_20,115_3_5,,,,,,,,,,,,,,,,,,,,,,,,,,,,,,,,,,,,,,
2710,119_11_20,115_3_5,174_41_65,,,,,,,,,,,,,,,,,,,,,,,,,,,,,,,,,,,,,
2711,100_3_10,118_8_8,812_?_?,,,,,,,,,,,,,,,,,,,,,,,,,,,,,,,,,,,,,
2712,97_4_9,126_10_10,812_?_?,,,,,,,,,,,,,,,,,,,,,,,,,,,,,,,,,,,,,
2713,99_4_10,126_5_5,119_5_5,125_5_5,812_?_?,,,,,,,,,,,,,,,,,,,,,,,,,,,,,,,,,,,
2714,96_2_10,123_5_5,125_10_10,812_?_?,,,,,,,,,,,,,,,,,,,,,,,,,,,,,,,,,,,,
2715,100_2_13,118_5_5,126_5_5,152_1_5,812_?_?,,,,,,,,,,,,,,,,,,,,,,,,,,,,,,,,,,,
2716,96_5_12,118_5_5,119_5_5,812_?_?,,,,,,,,,,,,,,,,,,,,,,,,,,,,,,,,,,,,
2717,100_4_12,118_1_10,812_?_?,,,,,,,,,,,,,,,,,,,,,,,,,,,,,,,,,,,,,
2718,100_3_11,125_10_10,812_?_?,,,,,,,,,,,,,,,,,,,,,,,,,,,,,,,,,,,,,
2719,98_4_13,119_5_5,812_?_?,,,,,,,,,,,,,,,,,,,,,,,,,,,,,,,,,,,,,
2720,98_5_14,118_5_5,119_5_5,812_?_?,,,,,,,,,,,,,,,,,,,,,,,,,,,,,,,,,,,,
2721,100_3_15,118_6_10,812_?_?,,,,,,,,,,,,,,,,,,,,,,,,,,,,,,,,,,,,,
2722,99_5_14,812_?_?,,,,,,,,,,,,,,,,,,,,,,,,,,,,,,,,,,,,,,
2723,97_6_14,118_5_5,124_5_5,152_5_5,154_1_5,812_?_?,,,,,,,,,,,,,,,,,,,,,,,,,,,,,,,,,,
2724,100_3_14,126_5_5,123_5_5,812_?_?,,,,,,,,,,,,,,,,,,,,,,,,,,,,,,,,,,,,
2725,99_5_15,119_5_5,153_5_5,812_?_?,,,,,,,,,,,,,,,,,,,,,,,,,,,,,,,,,,,,
2726,97_6_15,125_5_5,157_5_5,812_?_?,,,,,,,,,,,,,,,,,,,,,,,,,,,,,,,,,,,,
2727,97_3_14,119_5_5,124_5_5,812_?_?,,,,,,,,,,,,,,,,,,,,,,,,,,,,,,,,,,,,
2728,100_3_15,123_5_5,812_?_?,,,,,,,,,,,,,,,,,,,,,,,,,,,,,,,,,,,,,
2729,100_4_14,118_5_5,126_6_10,124_6_10,153_5_5,812_?_?,,,,,,,,,,,,,,,,,,,,,,,,,,,,,,,,,,
2730,97_5_15,118_5_5,126_10_10,119_5_5,124_5_5,125_5_5,812_?_?,,,,,,,,,,,,,,,,,,,,,,,,,,,,,,,,,
2731,100_3_18,118_5_5,126_5_5,124_5_5,125_5_5,812_?_?,,,,,,,,,,,,,,,,,,,,,,,,,,,,,,,,,,
2732,100_7_18,126_5_5,123_5_5,125_5_5,812_?_?,,,,,,,,,,,,,,,,,,,,,,,,,,,,,,,,,,,
2733,97_6_16,126_5_5,119_10_10,124_5_5,125_5_5,812_?_?,,,,,,,,,,,,,,,,,,,,,,,,,,,,,,,,,,
2734,98_4_15,118_5_5,124_6_10,125_5_5,812_?_?,,,,,,,,,,,,,,,,,,,,,,,,,,,,,,,,,,,
2735,97_7_19,126_6_10,119_5_5,124_5_5,152_5_5,812_?_?,,,,,,,,,,,,,,,,,,,,,,,,,,,,,,,,,,
2736,99_7_19,126_5_5,119_5_5,125_6_10,812_?_?,,,,,,,,,,,,,,,,,,,,,,,,,,,,,,,,,,,
2737,100_6_16,126_5_5,123_5_5,812_?_?,,,,,,,,,,,,,,,,,,,,,,,,,,,,,,,,,,,,
2738,99_7_19,118_5_5,126_5_5,119_5_5,152_10_10,812_?_?,,,,,,,,,,,,,,,,,,,,,,,,,,,,,,,,,,
2739,99_4_19,126_5_5,123_5_5,119_5_5,125_5_5,812_?_?,,,,,,,,,,,,,,,,,,,,,,,,,,,,,,,,,,
2740,100_5_17,126_5_5,124_5_5,125_5_5,812_?_?,,,,,,,,,,,,,,,,,,,,,,,,,,,,,,,,,,,
2741,97_4_17,126_10_10,119_5_5,125_5_5,812_?_?,,,,,,,,,,,,,,,,,,,,,,,,,,,,,,,,,,,
2742,96_8_18,118_5_5,126_5_5,123_5_5,812_?_?,,,,,,,,,,,,,,,,,,,,,,,,,,,,,,,,,,,
2743,100_4_18,123_15_15,124_5_5,125_5_5,155_10_10,154_5_5,812_?_?,,,,,,,,,,,,,,,,,,,,,,,,,,,,,,,,,
2744,100_6_18,118_9_15,124_5_5,153_5_5,812_?_?,,,,,,,,,,,,,,,,,,,,,,,,,,,,,,,,,,,
2745,100_7_21,118_5_5,123_5_5,153_5_5,812_?_?,,,,,,,,,,,,,,,,,,,,,,,,,,,,,,,,,,,
2746,100_5_21,118_6_10,119_5_5,124_5_5,125_5_5,152_10_10,812_?_?,,,,,,,,,,,,,,,,,,,,,,,,,,,,,,,,,
2747,97_4_21,118_9_15,126_5_5,123_5_5,812_?_?,,,,,,,,,,,,,,,,,,,,,,,,,,,,,,,,,,,
2748,100_7_22,119_5_5,124_5_5,125_5_5,812_?_?,,,,,,,,,,,,,,,,,,,,,,,,,,,,,,,,,,,
2749,100_9_22,118_6_10,125_5_5,152_5_5,154_5_5,812_?_?,,,,,,,,,,,,,,,,,,,,,,,,,,,,,,,,,,
2750,100_7_22,118_9_15,126_5_5,152_6_10,812_?_?,,,,,,,,,,,,,,,,,,,,,,,,,,,,,,,,,,,
2751,100_5_21,118_5_5,126_10_10,123_5_5,125_5_5,154_10_10,812_?_?,,,,,,,,,,,,,,,,,,,,,,,,,,,,,,,,,
2752,99_6_20,119_5_5,125_15_15,156_9_10,812_?_?,,,,,,,,,,,,,,,,,,,,,,,,,,,,,,,,,,,
2753,96_5_21,123_11_15,157_5_5,812_?_?,,,,,,,,,,,,,,,,,,,,,,,,,,,,,,,,,,,,
2754,100_9_23,126_5_5,123_5_5,119_6_10,156_9_10,812_?_?,,,,,,,,,,,,,,,,,,,,,,,,,,,,,,,,,,
2755,100_6_23,126_10_10,119_5_5,125_10_10,152_9_10,812_?_?,,,,,,,,,,,,,,,,,,,,,,,,,,,,,,,,,,
2756,97_10_23,126_5_5,124_6_15,812_?_?,,,,,,,,,,,,,,,,,,,,,,,,,,,,,,,,,,,,
2757,100_9_21,119_15_15,125_5_5,155_9_10,812_?_?,,,,,,,,,,,,,,,,,,,,,,,,,,,,,,,,,,,
2758,97_4_23,118_10_10,126_5_5,123_15_15,156_5_5,812_?_?,,,,,,,,,,,,,,,,,,,,,,,,,,,,,,,,,,
2759,97_8_21,126_5_5,123_5_5,119_10_10,153_10_10,812_?_?,,,,,,,,,,,,,,,,,,,,,,,,,,,,,,,,,,
2760,100_7_22,118_6_10,124_5_5,152_9_10,812_?_?,,,,,,,,,,,,,,,,,,,,,,,,,,,,,,,,,,,
2761,99_6_23,126_5_5,123_5_5,119_5_5,124_5_5,157_5_5,812_10_10,,,,,,,,,,,,,,,,,,,,,,,,,,,,,,,,,
2762,97_6_22,118_5_5,124_5_5,125_25_25,154_20_25,812_10_10,,,,,,,,,,,,,,,,,,,,,,,,,,,,,,,,,,
2763,97_7_24,118_5_5,119_5_5,153_5_5,812_10_10,,,,,,,,,,,,,,,,,,,,,,,,,,,,,,,,,,,
2764,100_10_23,124_5_5,125_10_10,154_5_5,812_10_10,,,,,,,,,,,,,,,,,,,,,,,,,,,,,,,,,,,
2765,100_8_22,118_5_5,126_5_5,125_5_5,812_11_11,,,,,,,,,,,,,,,,,,,,,,,,,,,,,,,,,,,
2766,100_9_24,118_5_5,123_10_10,119_5_5,153_12_15,812_11_11,,,,,,,,,,,,,,,,,,,,,,,,,,,,,,,,,,
2767,97_10_25,118_5_5,126_6_10,125_5_5,156_9_10,812_11_11,,,,,,,,,,,,,,,,,,,,,,,,,,,,,,,,,,
2768,100_9_24,126_10_10,124_5_5,152_5_5,154_9_10,812_11_11,,,,,,,,,,,,,,,,,,,,,,,,,,,,,,,,,,
2769,100_11_24,118_6_10,126_5_5,123_5_5,124_5_5,153_9_10,812_12_12,,,,,,,,,,,,,,,,,,,,,,,,,,,,,,,,,
2770,96_11_23,123_5_5,124_5_5,125_5_5,157_9_10,812_12_12,,,,,,,,,,,,,,,,,,,,,,,,,,,,,,,,,,
2771,98_8_26,118_5_5,126_5_5,125_5_5,152_12_15,812_12_12,,,,,,,,,,,,,,,,,,,,,,,,,,,,,,,,,,
2772,97_9_24,118_5_5,123_5_5,154_12_15,812_12_12,,,,,,,,,,,,,,,,,,,,,,,,,,,,,,,,,,,
2773,100_10_23,118_11_20,123_5_5,124_5_5,155_9_10,153_5_5,812_13_13,,,,,,,,,,,,,,,,,,,,,,,,,,,,,,,,,
2774,98_10_26,123_10_10,119_16_20,157_6_10,155_6_10,812_13_13,,,,,,,,,,,,,,,,,,,,,,,,,,,,,,,,,,
2775,96_12_24,118_10_10,125_6_15,156_5_5,812_13_13,,,,,,,,,,,,,,,,,,,,,,,,,,,,,,,,,,,
2776,98_12_24,119_11_20,124_5_5,125_6_10,152_16_20,812_13_13,,,,,,,,,,,,,,,,,,,,,,,,,,,,,,,,,,
2777,97_12_27,123_25_25,119_5_5,124_6_10,153_16_20,812_14_14,,,,,,,,,,,,,,,,,,,,,,,,,,,,,,,,,,
2778,100_5_25,118_6_10,123_16_20,124_5_5,153_11_15,812_14_14,,,,,,,,,,,,,,,,,,,,,,,,,,,,,,,,,,
2779,97_16_35,156_11_20,812_?_?,,,,,,,,,,,,,,,,,,,,,,,,,,,,,,,,,,,,,
2780,97_8_24,118_15_15,154_11_15,812_14_14,,,,,,,,,,,,,,,,,,,,,,,,,,,,,,,,,,,,
2781,100_9_28,118_30_30,154_10_10,156_1_10,812_15_15,,,,,,,,,,,,,,,,,,,,,,,,,,,,,,,,,,,
2782,100_11_28,123_10_10,119_10_10,118_12_15,156_9_10,812_15_15,,,,,,,,,,,,,,,,,,,,,,,,,,,,,,,,,,
2783,97_15_30,118_6_30,125_11_15,812_15_15,,,,,,,,,,,,,,,,,,,,,,,,,,,,,,,,,,,,
2784,97_8_26,123_15_15,119_15_15,156_1_10,812_15_15,,,,,,,,,,,,,,,,,,,,,,,,,,,,,,,,,,,
2785,100_12_27,124_16_20,155_5_5,154_16_20,812_16_16,,,,,,,,,,,,,,,,,,,,,,,,,,,,,,,,,,,
2786,100_7_25,123_5_5,124_6_20,153_5_5,812_16_16,,,,,,,,,,,,,,,,,,,,,,,,,,,,,,,,,,,
2787,99_14_29,125_6_10,812_16_16,,,,,,,,,,,,,,,,,,,,,,,,,,,,,,,,,,,,,
2788,99_7_28,126_15_15,125_25_25,152_16_20,812_16_16,,,,,,,,,,,,,,,,,,,,,,,,,,,,,,,,,,,
2789,100_6_26,124_20_20,812_17_17,,,,,,,,,,,,,,,,,,,,,,,,,,,,,,,,,,,,,
2790,99_13_29,126_31_45,156_5_5,153_11_15,812_17_17,,,,,,,,,,,,,,,,,,,,,,,,,,,,,,,,,,,
2791,97_11_26,124_16_25,118_11_20,812_17_17,,,,,,,,,,,,,,,,,,,,,,,,,,,,,,,,,,,,
2792,99_8_29,126_6_20,152_10_10,812_17_17,,,,,,,,,,,,,,,,,,,,,,,,,,,,,,,,,,,,
2793,99_14_26,126_1_40,156_11_15,812_18_18,,,,,,,,,,,,,,,,,,,,,,,,,,,,,,,,,,,,
2794,100_7_28,118_16_25,119_16_25,152_16_25,812_18_18,,,,,,,,,,,,,,,,,,,,,,,,,,,,,,,,,,,
2795,100_15_28,118_21_50,123_20_20,125_20_20,156_1_20,812_18_18,,,,,,,,,,,,,,,,,,,,,,,,,,,,,,,,,,
2796,99_15_28,126_11_20,154_6_10,812_18_18,,,,,,,,,,,,,,,,,,,,,,,,,,,,,,,,,,,,
2797,99_13_29,126_11_25,812_19_19,,,,,,,,,,,,,,,,,,,,,,,,,,,,,,,,,,,,,
2798,97_7_30,124_11_20,154_10_10,153_5_5,812_19_19,,,,,,,,,,,,,,,,,,,,,,,,,,,,,,,,,,,
2799,98_10_30,118_20_20,119_10_10,153_11_15,812_19_19,,,,,,,,,,,,,,,,,,,,,,,,,,,,,,,,,,,
2800,98_7_30,119_30_30,152_11_15,812_19_19,,,,,,,,,,,,,,,,,,,,,,,,,,,,,,,,,,,,
2801,97_13_28,118_11_15,125_5_5,152_1_10,812_?_?,,,,,,,,,,,,,,,,,,,,,,,,,,,,,,,,,,,
2802,98_13_31,119_1_45,123_15_15,157_35_35,812_?_?,,,,,,,,,,,,,,,,,,,,,,,,,,,,,,,,,,,
2803,211_3_5,218_11_15,,,,,,,,,,,,,,,,,,,,,,,,,,,,,,,,,,,,,,
2804,118_26_40,125_41_70,124_21_30,119_26_40,174_151_200,211_3_5,210_3_5,,,,,,,,,,,,,,,,,,,,,,,,,,,,,,,,,
2807,124_31_50,112_5_10,174_401_600,242_11_15,125_151_300,241_11_15,243_11_15,240_11_15,,,,,,,,,,,,,,,,,,,,,,,,,,,,,,,,
2808,124_31_40,123_21_40,117_1_2,182_2_3,214_3_5,211_3_5,,,,,,,,,,,,,,,,,,,,,,,,,,,,,,,,,,
2809,118_26_40,125_31_50,115_1_9,,,,,,,,,,,,,,,,,,,,,,,,,,,,,,,,,,,,,
2810,124_11_15,,,,,,,,,,,,,,,,,,,,,,,,,,,,,,,,,,,,,,,
2811,119_11_25,123_11_25,112_1_2,138_11_15,213_3_5,212_3_5,,,,,,,,,,,,,,,,,,,,,,,,,,,,,,,,,,
2898,97_9_28,118_21_40,119_1_20,152_5_5,156_5_5,812_?_?,,,,,,,,,,,,,,,,,,,,,,,,,,,,,,,,,,
2899,97_21_31,118_10_10,126_10_10,124_1_10,812_?_?,,,,,,,,,,,,,,,,,,,,,,,,,,,,,,,,,,,
2900,100_9_28,125_26_55,156_5_5,812_?_?,,,,,,,,,,,,,,,,,,,,,,,,,,,,,,,,,,,,
2901,99_17_30,126_51_55,156_26_35,812_?_?,,,,,,,,,,,,,,,,,,,,,,,,,,,,,,,,,,,,
2902,97_26_30,118_21_30,124_6_15,125_1_20,154_31_40,812_?_?,,,,,,,,,,,,,,,,,,,,,,,,,,,,,,,,,,
2903,100_20_28,118_1_60,812_?_?,,,,,,,,,,,,,,,,,,,,,,,,,,,,,,,,,,,,,
2904,97_11_29,119_10_10,125_16_20,812_?_?,,,,,,,,,,,,,,,,,,,,,,,,,,,,,,,,,,,,
2905,96_21_29,123_1_30,124_6_15,155_51_55,812_?_?,,,,,,,,,,,,,,,,,,,,,,,,,,,,,,,,,,,
2906,96_13_32,126_5_5,119_5_5,125_5_5,812_?_?,,,,,,,,,,,,,,,,,,,,,,,,,,,,,,,,,,,
2907,100_12_32,119_25_25,156_5_5,153_9_10,812_?_?,,,,,,,,,,,,,,,,,,,,,,,,,,,,,,,,,,,
2908,96_10_29,123_40_40,125_5_5,155_12_15,154_16_20,812_?_?,,,,,,,,,,,,,,,,,,,,,,,,,,,,,,,,,,
2909,100_9_29,123_5_5,119_35_35,155_12_15,812_?_?,,,,,,,,,,,,,,,,,,,,,,,,,,,,,,,,,,,
2910,100_12_32,126_10_10,153_16_20,812_?_?,,,,,,,,,,,,,,,,,,,,,,,,,,,,,,,,,,,,
2911,97_14_32,119_15_15,152_20_25,812_?_?,,,,,,,,,,,,,,,,,,,,,,,,,,,,,,,,,,,,
2912,96_14_30,123_40_40,154_16_20,153_20_25,812_?_?,,,,,,,,,,,,,,,,,,,,,,,,,,,,,,,,,,,
2913,97_16_31,119_10_10,155_16_20,812_?_?,,,,,,,,,,,,,,,,,,,,,,,,,,,,,,,,,,,,
2914,96_15_33,118_30_30,125_15_15,156_16_20,812_?_?,,,,,,,,,,,,,,,,,,,,,,,,,,,,,,,,,,,
2915,100_13_30,126_5_5,124_15_15,152_16_20,154_16_20,812_?_?,,,,,,,,,,,,,,,,,,,,,,,,,,,,,,,,,,
2916,97_8_30,124_20_20,152_9_10,154_9_10,812_?_?,,,,,,,,,,,,,,,,,,,,,,,,,,,,,,,,,,,
2917,100_13_33,123_35_35,156_12_15,812_?_?,,,,,,,,,,,,,,,,,,,,,,,,,,,,,,,,,,,,
2918,98_9_33,126_30_30,152_1_5,812_?_?,,,,,,,,,,,,,,,,,,,,,,,,,,,,,,,,,,,,
2919,100_9_31,126_50_50,156_12_15,812_?_?,,,,,,,,,,,,,,,,,,,,,,,,,,,,,,,,,,,,
2920,100_15_33,125_35_35,155_16_20,812_20_20,,,,,,,,,,,,,,,,,,,,,,,,,,,,,,,,,,,,
2921,98_12_34,126_9_15,119_11_20,156_12_15,812_20_20,,,,,,,,,,,,,,,,,,,,,,,,,,,,,,,,,,,
2922,100_9_32,123_40_40,119_15_15,155_20_25,153_9_10,812_20_20,,,,,,,,,,,,,,,,,,,,,,,,,,,,,,,,,,
2923,100_12_32,125_20_20,154_12_15,156_9_10,812_20_20,,,,,,,,,,,,,,,,,,,,,,,,,,,,,,,,,,,
2924,97_10_31,118_11_15,812_21_21,,,,,,,,,,,,,,,,,,,,,,,,,,,,,,,,,,,,,
2925,97_8_33,118_24_45,125_14_25,155_1_5,156_12_15,812_21_21,,,,,,,,,,,,,,,,,,,,,,,,,,,,,,,,,,
2926,97_22_32,126_10_10,812_21_21,,,,,,,,,,,,,,,,,,,,,,,,,,,,,,,,,,,,,
2927,100_13_32,118_19_55,126_6_15,154_12_15,153_16_20,812_21_21,,,,,,,,,,,,,,,,,,,,,,,,,,,,,,,,,,
2928,97_13_34,124_15_15,154_12_15,812_22_22,,,,,,,,,,,,,,,,,,,,,,,,,,,,,,,,,,,,
2929,97_8_32,118_15_15,125_30_30,154_24_30,812_22_22,,,,,,,,,,,,,,,,,,,,,,,,,,,,,,,,,,,
2930,96_11_32,118_35_35,123_25_25,119_70_70,156_71_95,812_22_22,,,,,,,,,,,,,,,,,,,,,,,,,,,,,,,,,,
2931,98_12_34,118_36_40,125_26_40,152_6_10,812_22_22,,,,,,,,,,,,,,,,,,,,,,,,,,,,,,,,,,,
2932,100_14_32,126_30_30,124_10_10,154_9_10,153_20_25,812_23_23,,,,,,,,,,,,,,,,,,,,,,,,,,,,,,,,,,
2933,96_11_32,119_50_50,124_5_5,153_12_15,812_23_23,,,,,,,,,,,,,,,,,,,,,,,,,,,,,,,,,,,
2934,100_16_34,123_55_55,156_16_20,153_16_20,812_23_23,,,,,,,,,,,,,,,,,,,,,,,,,,,,,,,,,,,
2935,97_15_32,124_25_25,125_5_5,152_50_65,812_23_23,,,,,,,,,,,,,,,,,,,,,,,,,,,,,,,,,,,
2936,97_16_34,119_20_20,152_6_10,812_24_24,,,,,,,,,,,,,,,,,,,,,,,,,,,,,,,,,,,,
2937,100_17_36,125_60_60,156_11_15,812_24_24,,,,,,,,,,,,,,,,,,,,,,,,,,,,,,,,,,,,
2938,96_15_35,118_60_60,812_24_24,,,,,,,,,,,,,,,,,,,,,,,,,,,,,,,,,,,,,
2939,97_18_34,118_21_60,155_11_15,812_24_24,,,,,,,,,,,,,,,,,,,,,,,,,,,,,,,,,,,,
2940,100_16_33,124_25_25,152_21_25,153_1_10,812_25_25,,,,,,,,,,,,,,,,,,,,,,,,,,,,,,,,,,,
2941,96_17_36,126_21_40,125_5_5,154_21_25,812_25_25,,,,,,,,,,,,,,,,,,,,,,,,,,,,,,,,,,,
2942,99_9_34,118_75_75,125_45_45,155_21_25,152_16_20,812_25_25,,,,,,,,,,,,,,,,,,,,,,,,,,,,,,,,,,
2943,98_10_35,118_5_5,126_65_65,152_9_10,154_9_10,812_25_25,,,,,,,,,,,,,,,,,,,,,,,,,,,,,,,,,,
2944,100_15_36,124_15_15,125_35_35,155_24_30,154_20_25,812_26_26,,,,,,,,,,,,,,,,,,,,,,,,,,,,,,,,,,
2945,97_9_37,123_5_5,119_35_35,124_15_15,155_26_30,153_16_20,812_26_26,,,,,,,,,,,,,,,,,,,,,,,,,,,,,,,,,
2946,100_16_34,124_30_30,153_46_60,812_26_26,,,,,,,,,,,,,,,,,,,,,,,,,,,,,,,,,,,,
2947,100_9_34,118_21_40,126_31_60,154_16_20,153_16_20,812_26_26,,,,,,,,,,,,,,,,,,,,,,,,,,,,,,,,,,
2948,97_9_34,118_21_40,119_26_50,124_5_5,153_20_25,812_27_27,,,,,,,,,,,,,,,,,,,,,,,,,,,,,,,,,,
2949,98_16_33,119_16_30,125_16_30,812_27_27,,,,,,,,,,,,,,,,,,,,,,,,,,,,,,,,,,,,
2950,100_11_36,126_35_35,119_40_40,153_5_5,812_27_27,,,,,,,,,,,,,,,,,,,,,,,,,,,,,,,,,,,
2951,100_11_36,119_5_5,124_9_15,125_34_65,152_39_50,812_27_27,,,,,,,,,,,,,,,,,,,,,,,,,,,,,,,,,,
2952,100_16_37,126_15_15,123_25_25,153_9_10,812_28_28,,,,,,,,,,,,,,,,,,,,,,,,,,,,,,,,,,,
2953,100_14_35,118_28_80,152_5_5,156_9_10,812_28_28,,,,,,,,,,,,,,,,,,,,,,,,,,,,,,,,,,,
2954,100_10_38,124_16_30,125_5_5,155_16_20,812_28_28,,,,,,,,,,,,,,,,,,,,,,,,,,,,,,,,,,,
2955,97_16_37,124_25_25,152_24_30,153_12_15,812_28_28,,,,,,,,,,,,,,,,,,,,,,,,,,,,,,,,,,,
2956,100_18_37,118_5_5,119_19_35,125_31_60,152_20_25,156_20_25,812_29_29,,,,,,,,,,,,,,,,,,,,,,,,,,,,,,,,,
2957,98_15_36,126_11_20,119_39_75,152_65_85,812_29_29,,,,,,,,,,,,,,,,,,,,,,,,,,,,,,,,,,,
2958,97_16_36,126_5_5,124_10_10,153_20_25,812_29_29,,,,,,,,,,,,,,,,,,,,,,,,,,,,,,,,,,,
2959,99_10_36,118_30_30,126_30_30,152_24_30,153_12_15,812_29_29,,,,,,,,,,,,,,,,,,,,,,,,,,,,,,,,,,
2960,99_18_37,126_11_30,123_11_30,812_?_?,,,,,,,,,,,,,,,,,,,,,,,,,,,,,,,,,,,,
2961,100_11_35,126_40_40,123_20_20,119_5_5,125_65_65,156_20_25,812_?_?,,,,,,,,,,,,,,,,,,,,,,,,,,,,,,,,,
2962,96_12_36,118_46_90,123_21_40,154_6_10,812_?_?,,,,,,,,,,,,,,,,,,,,,,,,,,,,,,,,,,,
2963,99_15_37,118_55_55,125_45_45,154_11_15,812_?_?,,,,,,,,,,,,,,,,,,,,,,,,,,,,,,,,,,,
2964,97_16_37,124_35_35,153_41_50,812_?_?,,,,,,,,,,,,,,,,,,,,,,,,,,,,,,,,,,,,
2965,98_16_39,123_35_35,124_10_10,153_26_35,812_?_?,,,,,,,,,,,,,,,,,,,,,,,,,,,,,,,,,,,
2966,98_14_37,123_5_5,124_40_40,153_42_55,812_?_?,,,,,,,,,,,,,,,,,,,,,,,,,,,,,,,,,,,
2967,100_18_36,119_55_55,156_5_5,812_?_?,,,,,,,,,,,,,,,,,,,,,,,,,,,,,,,,,,,,
2968,100_10_39,126_6_10,123_9_15,124_11_20,125_6_10,154_16_20,812_?_?,,,,,,,,,,,,,,,,,,,,,,,,,,,,,,,,,
2969,99_12_38,126_14_25,123_5_5,125_41_80,154_12_15,156_16_20,812_?_?,,,,,,,,,,,,,,,,,,,,,,,,,,,,,,,,,
2970,100_12_39,118_21_40,123_11_20,125_19_35,154_12_15,156_9_10,812_?_?,,,,,,,,,,,,,,,,,,,,,,,,,,,,,,,,,
2971,100_12_37,126_35_35,123_25_25,119_15_15,124_5_5,812_?_?,,,,,,,,,,,,,,,,,,,,,,,,,,,,,,,,,,
2972,100_11_37,118_26_75,119_16_45,155_20_25,812_?_?,,,,,,,,,,,,,,,,,,,,,,,,,,,,,,,,,,,
2973,100_19_38,118_31_90,123_14_40,156_12_15,153_31_40,812_?_?,,,,,,,,,,,,,,,,,,,,,,,,,,,,,,,,,,
2974,100_19_39,123_28_80,153_16_20,812_?_?,,,,,,,,,,,,,,,,,,,,,,,,,,,,,,,,,,,,
2975,100_15_38,126_75_75,119_10_10,153_5_5,812_?_?,,,,,,,,,,,,,,,,,,,,,,,,,,,,,,,,,,,
2976,100_19_37,118_24_70,119_6_15,155_12_15,812_?_?,,,,,,,,,,,,,,,,,,,,,,,,,,,,,,,,,,,
2977,100_15_37,124_26_50,155_31_40,154_27_35,812_?_?,,,,,,,,,,,,,,,,,,,,,,,,,,,,,,,,,,,
2978,98_18_37,126_95_95,125_5_5,154_24_30,812_?_?,,,,,,,,,,,,,,,,,,,,,,,,,,,,,,,,,,,
2979,99_16_37,123_65_65,125_55_55,156_9_10,812_?_?,,,,,,,,,,,,,,,,,,,,,,,,,,,,,,,,,,,
2980,99_14_39,118_40_40,123_5_5,119_40_40,124_10_10,125_80_80,155_91_120,812_?_?,,,,,,,,,,,,,,,,,,,,,,,,,,,,,,,,
2981,100_15_41,126_25_25,119_70_70,124_5_5,153_16_20,812_?_?,,,,,,,,,,,,,,,,,,,,,,,,,,,,,,,,,,
2982,97_15_41,118_11_20,119_39_75,155_9_10,152_12_15,812_?_?,,,,,,,,,,,,,,,,,,,,,,,,,,,,,,,,,,
2983,97_11_39,119_35_35,125_65_65,812_?_?,,,,,,,,,,,,,,,,,,,,,,,,,,,,,,,,,,,,
2984,100_20_41,118_21_80,152_12_15,153_20_25,812_30_30,,,,,,,,,,,,,,,,,,,,,,,,,,,,,,,,,,,
2985,97_19_39,118_21_60,125_33_95,156_27_35,812_30_30,,,,,,,,,,,,,,,,,,,,,,,,,,,,,,,,,,,
2986,96_12_41,118_26_50,119_34_65,124_9_15,155_27_35,812_30_30,,,,,,,,,,,,,,,,,,,,,,,,,,,,,,,,,,
2987,97_13_41,126_80_80,125_20_20,154_9_10,812_30_30,,,,,,,,,,,,,,,,,,,,,,,,,,,,,,,,,,,
2988,97_19_41,123_85_85,154_24_30,812_31_31,,,,,,,,,,,,,,,,,,,,,,,,,,,,,,,,,,,,
2989,100_14_38,118_21_40,126_6_10,119_41_80,152_27_35,812_31_31,,,,,,,,,,,,,,,,,,,,,,,,,,,,,,,,,,
2990,97_13_41,126_35_35,123_65_65,154_24_30,812_31_31,,,,,,,,,,,,,,,,,,,,,,,,,,,,,,,,,,,
2991,100_15_42,126_50_50,123_15_15,119_70_70,156_24_30,812_31_31,,,,,,,,,,,,,,,,,,,,,,,,,,,,,,,,,,
2992,100_19_39,123_15_15,119_100_100,812_32_32,,,,,,,,,,,,,,,,,,,,,,,,,,,,,,,,,,,,
2993,97_17_40,118_14_25,123_26_50,119_31_60,155_9_10,153_24_30,812_32_32,,,,,,,,,,,,,,,,,,,,,,,,,,,,,,,,,
2994,97_14_39,118_5_5,126_100_100,123_5_5,812_32_32,,,,,,,,,,,,,,,,,,,,,,,,,,,,,,,,,,,
2995,99_16_41,118_29_55,126_11_20,123_31_60,156_16_20,812_32_32,,,,,,,,,,,,,,,,,,,,,,,,,,,,,,,,,,
2996,100_20_42,126_13_35,123_31_90,125_14_40,154_35_45,156_35_45,812_33_33,,,,,,,,,,,,,,,,,,,,,,,,,,,,,,,,,
2997,96_14_40,126_55_55,123_5_5,125_75_75,154_35_45,156_5_5,812_33_33,,,,,,,,,,,,,,,,,,,,,,,,,,,,,,,,,
3103,100_12_41,119_34_65,124_11_20,155_39_50,812_33_33,,,,,,,,,,,,,,,,,,,,,,,,,,,,,,,,,,,
3104,97_20_40,118_26_75,123_8_20,125_24_70,156_31_40,812_33_33,,,,,,,,,,,,,,,,,,,,,,,,,,,,,,,,,,
3105,96_17_43,118_49_95,124_14_25,125_16_30,154_69_90,812_34_34,,,,,,,,,,,,,,,,,,,,,,,,,,,,,,,,,,
3106,97_15_41,126_55_55,123_35_35,119_15_15,124_5_5,812_34_34,,,,,,,,,,,,,,,,,,,,,,,,,,,,,,,,,,
3107,100_13_42,118_14_25,126_46_90,125_26_50,152_9_10,812_34_34,,,,,,,,,,,,,,,,,,,,,,,,,,,,,,,,,,
3108,97_20_40,119_90_90,153_9_10,812_34_34,,,,,,,,,,,,,,,,,,,,,,,,,,,,,,,,,,,,
3109,100_18_42,118_11_20,126_31_60,123_34_65,119_6_10,153_46_60,812_35_35,,,,,,,,,,,,,,,,,,,,,,,,,,,,,,,,,
3110,99_21_43,123_29_55,124_11_20,153_39_50,812_35_35,,,,,,,,,,,,,,,,,,,,,,,,,,,,,,,,,,,
3111,100_15_41,118_24_70,119_36_105,152_12_15,812_35_35,,,,,,,,,,,,,,,,,,,,,,,,,,,,,,,,,,,
3112,100_12_40,119_56_110,124_11_20,153_27_35,812_35_35,,,,,,,,,,,,,,,,,,,,,,,,,,,,,,,,,,,
3113,97_21_43,118_19_105,126_7_35,125_12_65,156_39_50,812_36_36,,,,,,,,,,,,,,,,,,,,,,,,,,,,,,,,,,
3114,100_17_42,118_28_80,126_19_55,119_11_30,152_5_5,812_36_36,,,,,,,,,,,,,,,,,,,,,,,,,,,,,,,,,,
3115,98_12_44,118_31_60,126_46_90,119_14_25,153_31_40,812_36_36,,,,,,,,,,,,,,,,,,,,,,,,,,,,,,,,,,
3116,100_21_44,118_9_30,126_15_55,124_9_30,152_39_50,154_12_15,812_36_36,,,,,,,,,,,,,,,,,,,,,,,,,,,,,,,,,
3117,100_20_41,119_110_110,156_9_28,812_37_37,,,,,,,,,,,,,,,,,,,,,,,,,,,,,,,,,,,,
3118,100_12_43,123_4_10,124_19_55,125_13_35,154_24_30,812_37_37,,,,,,,,,,,,,,,,,,,,,,,,,,,,,,,,,,
3119,96_19_44,123_33_95,119_16_45,156_35_45,812_37_37,,,,,,,,,,,,,,,,,,,,,,,,,,,,,,,,,,,
3120,96_22_44,118_9_45,123_18_100,155_31_40,153_9_10,812_37_37,,,,,,,,,,,,,,,,,,,,,,,,,,,,,,,,,,
3121,100_19_42,126_65_65,123_20_20,812_38_38,,,,,,,,,,,,,,,,,,,,,,,,,,,,,,,,,,,,
3122,96_17_41,118_18_50,126_21_60,123_29_85,154_12_25,153_12_25,812_38_38,,,,,,,,,,,,,,,,,,,,,,,,,,,,,,,,,
3123,97_19_44,118_21_40,126_51_100,123_6_10,154_12_15,156_24_30,812_38_38,,,,,,,,,,,,,,,,,,,,,,,,,,,,,,,,,
3124,98_14_43,123_6_15,119_31_90,125_36_105,812_38_38,,,,,,,,,,,,,,,,,,,,,,,,,,,,,,,,,,,
3125,100_13_42,126_29_55,123_5_5,119_6_10,124_9_15,125_46_90,812_39_39,,,,,,,,,,,,,,,,,,,,,,,,,,,,,,,,,
3126,100_16_42,126_16_30,119_49_95,124_9_15,812_39_39,,,,,,,,,,,,,,,,,,,,,,,,,,,,,,,,,,,
3127,96_13_43,118_55_55,126_35_35,156_20_25,812_39_39,,,,,,,,,,,,,,,,,,,,,,,,,,,,,,,,,,,
3128,97_13_45,118_6_15,126_11_30,124_13_35,125_24_70,812_39_39,,,,,,,,,,,,,,,,,,,,,,,,,,,,,,,,,,
3129,100_13_42,124_44_85,155_24_30,154_24_30,812_?_?,,,,,,,,,,,,,,,,,,,,,,,,,,,,,,,,,,,
3130,99_18_43,118_11_20,126_24_45,123_59_115,156_24_30,812_?_?,,,,,,,,,,,,,,,,,,,,,,,,,,,,,,,,,,
3131,96_15_45,118_115_115,126_15_15,124_15_15,125_35_35,152_20_25,812_?_?,,,,,,,,,,,,,,,,,,,,,,,,,,,,,,,,,
3132,99_21_42,124_14_25,125_56_110,154_24_30,812_?_?,,,,,,,,,,,,,,,,,,,,,,,,,,,,,,,,,,,
3133,96_21_43,123_19_55,119_19_55,125_16_45,156_16_20,812_?_?,,,,,,,,,,,,,,,,,,,,,,,,,,,,,,,,,,
3134,97_14_43,118_24_45,123_54_105,119_5_5,125_6_10,156_27_35,812_?_?,,,,,,,,,,,,,,,,,,,,,,,,,,,,,,,,,
3135,97_20_42,118_24_70,126_16_45,123_13_35,125_28_80,154_35_45,812_?_?,,,,,,,,,,,,,,,,,,,,,,,,,,,,,,,,,
3136,97_13_42,126_120_120,123_40_40,119_85_85,156_27_35,153_42_55,812_?_?,,,,,,,,,,,,,,,,,,,,,,,,,,,,,,,,,
3137,96_22_45,118_14_40,126_39_115,123_13_35,156_27_35,812_?_?,,,,,,,,,,,,,,,,,,,,,,,,,,,,,,,,,,
3138,100_20_46,118_11_30,124_16_45,125_6_15,154_12_15,812_?_?,,,,,,,,,,,,,,,,,,,,,,,,,,,,,,,,,,
3139,97_21_43,123_36_70,124_29_55,155_31_40,154_35_45,812_?_?,,,,,,,,,,,,,,,,,,,,,,,,,,,,,,,,,,
3140,97_17_44,118_11_30,123_13_35,119_8_20,124_23_65,153_76_100,812_?_?,,,,,,,,,,,,,,,,,,,,,,,,,,,,,,,,,
3141,100_20_43,124_44_85,155_9_10,152_39_50,812_?_?,,,,,,,,,,,,,,,,,,,,,,,,,,,,,,,,,,,
3142,97_23_44,124_21_40,154_16_20,812_?_?,,,,,,,,,,,,,,,,,,,,,,,,,,,,,,,,,,,,
3143,97_15_45,118_19_35,123_49_95,119_59_115,153_46_60,812_?_?,,,,,,,,,,,,,,,,,,,,,,,,,,,,,,,,,,
3144,98_21_46,118_5_5,124_14_25,125_21_40,152_31_40,812_?_?,,,,,,,,,,,,,,,,,,,,,,,,,,,,,,,,,,
3145,97_18_44,118_27_105,126_25_95,153_99_130,812_?_?,,,,,,,,,,,,,,,,,,,,,,,,,,,,,,,,,,,
3146,97_15_44,118_30_115,125_24_90,152_42_55,156_24_30,812_?_?,,,,,,,,,,,,,,,,,,,,,,,,,,,,,,,,,,
3147,97_18_46,118_28_80,126_11_30,119_34_100,152_24_30,812_?_?,,,,,,,,,,,,,,,,,,,,,,,,,,,,,,,,,,
3148,97_19_47,126_110_110,119_65_65,153_12_15,812_?_?,,,,,,,,,,,,,,,,,,,,,,,,,,,,,,,,,,,
3149,97_20_44,118_26_75,126_43_125,152_24_30,812_?_?,,,,,,,,,,,,,,,,,,,,,,,,,,,,,,,,,,,
3150,98_15_45,118_44_85,119_24_45,125_36_70,156_24_30,812_?_?,,,,,,,,,,,,,,,,,,,,,,,,,,,,,,,,,,
3151,100_16_44,118_18_50,123_38_110,119_26_75,125_13_35,812_?_?,,,,,,,,,,,,,,,,,,,,,,,,,,,,,,,,,,
3152,100_22_47,126_100_100,119_80_80,153_42_55,812_?_?,,,,,,,,,,,,,,,,,,,,,,,,,,,,,,,,,,,
3153,97_20_45,126_80_80,125_105_105,152_24_30,812_40_40,,,,,,,,,,,,,,,,,,,,,,,,,,,,,,,,,,,
3154,100_21_45,126_75_75,119_75_75,125_95_95,812_40_40,,,,,,,,,,,,,,,,,,,,,,,,,,,,,,,,,,,
3155,100_17_46,119_130_130,125_115_115,156_5_5,812_40_40,,,,,,,,,,,,,,,,,,,,,,,,,,,,,,,,,,,
3156,96_16_45,126_45_45,119_120_120,124_15_15,152_12_15,153_5_5,812_40_40,,,,,,,,,,,,,,,,,,,,,,,,,,,,,,,,,
3157,99_23_45,126_18_50,123_34_100,125_44_130,154_39_50,812_41_41,,,,,,,,,,,,,,,,,,,,,,,,,,,,,,,,,,
3158,97_17_44,118_31_120,119_19_70,124_5_5,125_19_70,152_35_45,812_41_41,,,,,,,,,,,,,,,,,,,,,,,,,,,,,,,,,
3159,97_18_45,118_32_125,126_31_120,123_11_40,124_5_5,154_24_30,812_41_41,,,,,,,,,,,,,,,,,,,,,,,,,,,,,,,,,
3160,99_23_45,126_29_110,123_11_40,125_27_105,156_35_45,812_41_41,,,,,,,,,,,,,,,,,,,,,,,,,,,,,,,,,,
3161,100_23_47,126_16_45,119_19_55,124_13_35,812_42_42,,,,,,,,,,,,,,,,,,,,,,,,,,,,,,,,,,,
3162,100_21_45,123_70_70,119_20_20,125_125_125,156_31_40,812_42_42,,,,,,,,,,,,,,,,,,,,,,,,,,,,,,,,,,
3163,99_25_48,124_23_65,125_26_75,155_27_35,154_5_5,812_42_42,,,,,,,,,,,,,,,,,,,,,,,,,,,,,,,,,,
3164,97_20_46,126_64_125,124_16_30,152_16_20,812_42_42,,,,,,,,,,,,,,,,,,,,,,,,,,,,,,,,,,,
3165,100_18_45,118_24_115,123_26_125,124_6_25,154_46_60,812_43_43,,,,,,,,,,,,,,,,,,,,,,,,,,,,,,,,,,
3166,96_23_45,126_12_45,123_30_115,125_26_100,812_43_43,,,,,,,,,,,,,,,,,,,,,,,,,,,,,,,,,,,
3167,100_21_46,126_80_80,119_135_135,156_5_5,812_43_43,,,,,,,,,,,,,,,,,,,,,,,,,,,,,,,,,,,
3168,98_24_47,123_24_70,124_11_30,812_43_43,,,,,,,,,,,,,,,,,,,,,,,,,,,,,,,,,,,,
3169,98_19_46,126_40_40,123_75_75,125_5_5,156_39_50,812_44_44,,,,,,,,,,,,,,,,,,,,,,,,,,,,,,,,,,
3170,97_17_47,126_60_60,119_135_135,156_12_15,812_44_44,,,,,,,,,,,,,,,,,,,,,,,,,,,,,,,,,,,
3171,97_25_49,126_5_5,119_26_100,124_6_20,812_44_44,,,,,,,,,,,,,,,,,,,,,,,,,,,,,,,,,,,
3172,98_22_46,118_36_105,126_16_45,124_21_60,152_39_50,812_44_44,,,,,,,,,,,,,,,,,,,,,,,,,,,,,,,,,,
3173,97_15_46,118_32_125,126_27_105,123_21_80,154_5_34,812_45_45,,,,,,,,,,,,,,,,,,,,,,,,,,,,,,,,,,
3174,100_18_47,118_16_30,126_41_80,123_34_65,125_61_120,812_45_45,,,,,,,,,,,,,,,,,,,,,,,,,,,,,,,,,,
3175,97_19_48,118_23_65,119_4_10,124_5_5,125_8_20,812_45_45,,,,,,,,,,,,,,,,,,,,,,,,,,,,,,,,,,
3176,100_15_48,123_5_5,124_24_70,154_35_45,812_45_45,,,,,,,,,,,,,,,,,,,,,,,,,,,,,,,,,,,
3177,96_24_49,118_56_105,126_31_130,125_25_25,152_20_54,156_16_50,812_46_46,,,,,,,,,,,,,,,,,,,,,,,,,,,,,,,,,
3178,99_17_47,118_16_60,124_29_110,154_24_30,153_76_90,812_46_46,,,,,,,,,,,,,,,,,,,,,,,,,,,,,,,,,,
3179,100_24_48,118_15_85,119_3_10,124_15_85,155_24_30,153_27_35,812_46_46,,,,,,,,,,,,,,,,,,,,,,,,,,,,,,,,,
3180,98_23_46,126_10_10,123_40_40,125_10_10,154_9_10,812_46_46,,,,,,,,,,,,,,,,,,,,,,,,,,,,,,,,,,
3181,99_22_47,118_140_140,119_105_105,125_135_135,152_35_45,812_47_47,,,,,,,,,,,,,,,,,,,,,,,,,,,,,,,,,,
3182,97_24_48,126_16_60,119_7_25,124_9_30,125_17_65,152_35_45,812_47_47,,,,,,,,,,,,,,,,,,,,,,,,,,,,,,,,,
3183,100_22_48,118_29_85,126_33_95,123_6_15,124_5_5,125_48_140,812_47_47,,,,,,,,,,,,,,,,,,,,,,,,,,,,,,,,,
3184,96_20_48,124_46_90,125_24_45,152_12_15,154_9_10,812_47_47,,,,,,,,,,,,,,,,,,,,,,,,,,,,,,,,,,
3185,100_17_50,118_24_70,126_11_30,123_38_110,119_23_65,156_27_35,812_48_48,,,,,,,,,,,,,,,,,,,,,,,,,,,,,,,,,
3186,100_19_48,126_8_20,123_11_30,119_34_100,124_18_50,125_4_10,812_48_48,,,,,,,,,,,,,,,,,,,,,,,,,,,,,,,,,
3187,98_22_49,123_125_125,125_105_105,155_5_5,154_31_40,812_48_48,,,,,,,,,,,,,,,,,,,,,,,,,,,,,,,,,,
3188,97_20_48,118_24_135,119_6_30,124_13_70,155_31_40,152_46_60,812_48_48,,,,,,,,,,,,,,,,,,,,,,,,,,,,,,,,,
3189,96_23_47,118_36_140,123_27_105,155_31_40,812_49_49,,,,,,,,,,,,,,,,,,,,,,,,,,,,,,,,,,,
3190,99_24_47,123_34_65,124_39_75,125_29_55,155_31_40,812_49_49,,,,,,,,,,,,,,,,,,,,,,,,,,,,,,,,,,
3191,97_19_50,123_95_95,119_95_95,124_5_5,125_10_10,812_49_49,,,,,,,,,,,,,,,,,,,,,,,,,,,,,,,,,,
3192,97_21_47,123_16_60,124_29_110,155_42_55,812_49_49,,,,,,,,,,,,,,,,,,,,,,,,,,,,,,,,,,,
3193,100_24_48,118_37_145,119_22_85,125_32_125,812_?_?,,,,,,,,,,,,,,,,,,,,,,,,,,,,,,,,,,,
3194,100_20_49,118_29_85,119_26_75,125_8_20,155_42_55,152_42_55,812_?_?,,,,,,,,,,,,,,,,,,,,,,,,,,,,,,,,,
3195,97_17_51,118_20_95,126_17_80,119_8_35,124_15_70,153_24_30,812_?_?,,,,,,,,,,,,,,,,,,,,,,,,,,,,,,,,,
3196,97_23_49,126_135_135,125_120_120,154_35_45,812_?_?,,,,,,,,,,,,,,,,,,,,,,,,,,,,,,,,,,,
3197,97_23_48,118_5_5,119_17_65,124_30_115,155_39_50,152_46_60,812_?_?,,,,,,,,,,,,,,,,,,,,,,,,,,,,,,,,,
3198,99_16_50,118_130_130,124_5_5,125_135_135,154_20_25,812_?_?,,,,,,,,,,,,,,,,,,,,,,,,,,,,,,,,,,
3199,100_20_49,124_36_140,155_42_55,153_5_5,812_?_?,,,,,,,,,,,,,,,,,,,,,,,,,,,,,,,,,,,
3200,96_21_48,118_100_100,126_130_130,119_25_25,125_15_15,152_46_60,812_?_?,,,,,,,,,,,,,,,,,,,,,,,,,,,,,,,,,
3201,100_23_50,118_17_65,123_37_145,119_7_25,124_10_35,812_?_?,,,,,,,,,,,,,,,,,,,,,,,,,,,,,,,,,,
3202,98_23_51,118_7_30,119_25_120,124_4_15,153_46_60,812_?_?,,,,,,,,,,,,,,,,,,,,,,,,,,,,,,,,,,
3203,125_6_15,124_6_15,115_2_3,112_2_2,182_1_1,174_101_150,,,,,,,,,,,,,,,,,,,,,,,,,,,,,,,,,,
3204,174_101_150,241_3_5,242_3_5,243_3_5,126_16_30,213_3_5,,,,,,,,,,,,,,,,,,,,,,,,,,,,,,,,,,
3205,174_101_150,240_3_5,244_3_5,118_16_30,210_3_5,,,,,,,,,,,,,,,,,,,,,,,,,,,,,,,,,,,
3206,118_21_35,124_11_20,119_21_35,112_3_5,138_3_5,182_1_1,158_151_250,212_1_2,,,,,,,,,,,,,,,,,,,,,,,,,,,,,,,,
3207,155_21_50,154_21_50,152_21_50,157_21_50,128_1_1,,,,,,,,,,,,,,,,,,,,,,,,,,,,,,,,,,,
3210,97_2_9,119_5_5,812_?_?,,,,,,,,,,,,,,,,,,,,,,,,,,,,,,,,,,,,,
3211,99_2_11,126_5_5,153_5_5,812_?_?,,,,,,,,,,,,,,,,,,,,,,,,,,,,,,,,,,,,
3212,97_3_10,126_5_5,812_?_?,,,,,,,,,,,,,,,,,,,,,,,,,,,,,,,,,,,,,
3213,100_4_11,156_5_5,812_?_?,,,,,,,,,,,,,,,,,,,,,,,,,,,,,,,,,,,,,
3214,97_4_12,126_5_5,123_10_10,119_5_5,156_9_10,812_?_?,,,,,,,,,,,,,,,,,,,,,,,,,,,,,,,,,,
3215,98_3_13,123_5_5,125_5_5,812_?_?,,,,,,,,,,,,,,,,,,,,,,,,,,,,,,,,,,,,
3216,100_2_12,123_5_5,812_?_?,,,,,,,,,,,,,,,,,,,,,,,,,,,,,,,,,,,,,
3217,96_3_12,118_5_5,812_?_?,,,,,,,,,,,,,,,,,,,,,,,,,,,,,,,,,,,,,
3218,100_5_15,118_6_10,812_?_?,,,,,,,,,,,,,,,,,,,,,,,,,,,,,,,,,,,,,
3219,100_3_15,126_5_5,123_5_5,156_5_5,812_?_?,,,,,,,,,,,,,,,,,,,,,,,,,,,,,,,,,,,
3220,96_5_14,119_5_5,124_5_5,153_5_5,812_?_?,,,,,,,,,,,,,,,,,,,,,,,,,,,,,,,,,,,
3221,97_3_16,118_5_5,119_10_10,152_5_5,812_?_?,,,,,,,,,,,,,,,,,,,,,,,,,,,,,,,,,,,
3222,100_6_17,118_10_10,154_5_5,153_9_10,812_?_?,,,,,,,,,,,,,,,,,,,,,,,,,,,,,,,,,,,
3223,98_6_17,119_5_5,155_5_5,812_?_?,,,,,,,,,,,,,,,,,,,,,,,,,,,,,,,,,,,,
3224,97_5_16,124_5_5,154_5_5,812_?_?,,,,,,,,,,,,,,,,,,,,,,,,,,,,,,,,,,,,
3225,100_3_18,124_5_5,155_9_10,154_9_10,812_?_?,,,,,,,,,,,,,,,,,,,,,,,,,,,,,,,,,,,
3226,100_3_19,156_5_5,812_?_?,,,,,,,,,,,,,,,,,,,,,,,,,,,,,,,,,,,,,
3227,97_5_17,124_5_5,125_10_10,154_5_5,812_?_?,,,,,,,,,,,,,,,,,,,,,,,,,,,,,,,,,,,
3228,97_6_18,123_10_10,155_9_10,812_?_?,,,,,,,,,,,,,,,,,,,,,,,,,,,,,,,,,,,,
3229,97_3_18,126_10_10,152_9_10,812_?_?,,,,,,,,,,,,,,,,,,,,,,,,,,,,,,,,,,,,
3230,100_7_18,126_10_10,152_9_10,812_?_?,,,,,,,,,,,,,,,,,,,,,,,,,,,,,,,,,,,,
3231,99_8_19,118_10_10,123_5_5,156_9_10,812_?_?,,,,,,,,,,,,,,,,,,,,,,,,,,,,,,,,,,,
3232,97_9_19,118_10_10,125_15_15,152_9_10,156_9_10,812_?_?,,,,,,,,,,,,,,,,,,,,,,,,,,,,,,,,,,
3233,99_6_20,123_10_10,154_9_10,812_?_?,,,,,,,,,,,,,,,,,,,,,,,,,,,,,,,,,,,,
3234,100_9_20,123_10_10,154_5_5,153_9_10,812_?_?,,,,,,,,,,,,,,,,,,,,,,,,,,,,,,,,,,,
3235,97_4_21,123_5_5,155_9_10,812_10_10,,,,,,,,,,,,,,,,,,,,,,,,,,,,,,,,,,,,
3236,97_5_21,118_5_5,124_5_5,155_5_5,154_12_15,812_10_10,,,,,,,,,,,,,,,,,,,,,,,,,,,,,,,,,,
3237,100_7_23,126_10_10,125_15_15,152_24_30,812_11_11,,,,,,,,,,,,,,,,,,,,,,,,,,,,,,,,,,,
3238,99_9_22,123_10_10,154_9_10,812_11_11,,,,,,,,,,,,,,,,,,,,,,,,,,,,,,,,,,,,
3239,100_9_23,123_10_10,155_9_10,812_12_12,,,,,,,,,,,,,,,,,,,,,,,,,,,,,,,,,,,,
3240,96_10_24,118_20_20,152_12_15,153_9_10,812_12_12,,,,,,,,,,,,,,,,,,,,,,,,,,,,,,,,,,,
3241,100_4_22,124_10_10,153_24_30,812_13_13,,,,,,,,,,,,,,,,,,,,,,,,,,,,,,,,,,,,
3242,96_7_25,126_20_20,156_9_10,153_9_10,812_13_13,,,,,,,,,,,,,,,,,,,,,,,,,,,,,,,,,,,
3243,96_6_24,119_20_20,125_5_5,152_16_20,812_14_14,,,,,,,,,,,,,,,,,,,,,,,,,,,,,,,,,,,
3244,98_8_25,124_10_10,152_12_15,154_12_15,812_14_14,,,,,,,,,,,,,,,,,,,,,,,,,,,,,,,,,,,
3245,100_7_26,124_5_5,125_25_25,155_12_15,152_12_15,812_15_15,,,,,,,,,,,,,,,,,,,,,,,,,,,,,,,,,,
3246,98_10_24,119_5_5,124_5_5,155_5_5,812_15_15,,,,,,,,,,,,,,,,,,,,,,,,,,,,,,,,,,,
3247,100_9_24,123_15_15,154_9_10,812_16_16,,,,,,,,,,,,,,,,,,,,,,,,,,,,,,,,,,,,
3248,100_9_27,126_25_25,123_5_5,154_27_35,812_16_16,,,,,,,,,,,,,,,,,,,,,,,,,,,,,,,,,,,
3249,97_11_26,123_10_10,812_17_17,,,,,,,,,,,,,,,,,,,,,,,,,,,,,,,,,,,,,
3250,97_13_26,119_10_10,812_17_17,,,,,,,,,,,,,,,,,,,,,,,,,,,,,,,,,,,,,
3251,97_5_25,118_26_50,119_5_5,155_35_45,812_18_18,,,,,,,,,,,,,,,,,,,,,,,,,,,,,,,,,,,
3252,97_7_28,118_14_25,126_5_5,153_5_5,812_18_18,,,,,,,,,,,,,,,,,,,,,,,,,,,,,,,,,,,
3253,100_12_27,124_10_10,154_9_10,153_16_20,812_19_19,,,,,,,,,,,,,,,,,,,,,,,,,,,,,,,,,,,
3254,100_9_26,119_15_15,152_20_25,812_19_19,,,,,,,,,,,,,,,,,,,,,,,,,,,,,,,,,,,,
3255,100_11_28,126_20_20,156_12_15,812_?_?,,,,,,,,,,,,,,,,,,,,,,,,,,,,,,,,,,,,
3256,100_7_28,119_40_40,155_5_5,153_16_20,812_?_?,,,,,,,,,,,,,,,,,,,,,,,,,,,,,,,,,,,
3257,100_13_29,126_25_25,152_12_15,153_9_10,812_?_?,,,,,,,,,,,,,,,,,,,,,,,,,,,,,,,,,,,
3258,99_11_27,118_30_30,119_15_15,152_24_30,812_?_?,,,,,,,,,,,,,,,,,,,,,,,,,,,,,,,,,,,
3259,97_14_28,118_20_20,126_25_25,152_20_25,154_12_15,812_?_?,,,,,,,,,,,,,,,,,,,,,,,,,,,,,,,,,,
3260,100_8_30,123_35_35,155_12_15,812_?_?,,,,,,,,,,,,,,,,,,,,,,,,,,,,,,,,,,,,
3261,100_12_28,123_40_40,155_9_10,156_12_15,812_?_?,,,,,,,,,,,,,,,,,,,,,,,,,,,,,,,,,,,
3262,97_15_28,126_15_15,152_16_20,812_?_?,,,,,,,,,,,,,,,,,,,,,,,,,,,,,,,,,,,,
3263,100_6_29,126_50_50,153_16_20,812_?_?,,,,,,,,,,,,,,,,,,,,,,,,,,,,,,,,,,,,
3264,100_14_29,123_35_35,119_5_5,153_20_25,812_?_?,,,,,,,,,,,,,,,,,,,,,,,,,,,,,,,,,,,
3265,99_12_31,126_19_35,152_5_5,812_?_?,,,,,,,,,,,,,,,,,,,,,,,,,,,,,,,,,,,,
3266,97_7_30,118_11_20,126_5_5,119_14_25,125_19_35,152_39_50,812_?_?,,,,,,,,,,,,,,,,,,,,,,,,,,,,,,,,,
3267,97_17_32,123_5_5,119_35_35,156_9_10,153_20_25,812_20_20,,,,,,,,,,,,,,,,,,,,,,,,,,,,,,,,,,
3268,96_16_30,126_40_40,152_27_35,812_20_20,,,,,,,,,,,,,,,,,,,,,,,,,,,,,,,,,,,,
3269,96_13_32,118_5_5,126_25_25,125_25_25,152_24_30,812_21_21,,,,,,,,,,,,,,,,,,,,,,,,,,,,,,,,,,
3270,97_16_31,118_19_35,812_21_21,,,,,,,,,,,,,,,,,,,,,,,,,,,,,,,,,,,,,
3271,96_9_31,118_55_55,125_45_45,156_24_30,812_22_22,,,,,,,,,,,,,,,,,,,,,,,,,,,,,,,,,,,
3272,100_7_31,119_60_60,153_24_30,812_22_22,,,,,,,,,,,,,,,,,,,,,,,,,,,,,,,,,,,,
3273,98_8_32,123_40_40,125_30_30,154_24_30,812_23_23,,,,,,,,,,,,,,,,,,,,,,,,,,,,,,,,,,,
3274,100_14_31,118_5_5,119_50_50,156_20_25,812_23_23,,,,,,,,,,,,,,,,,,,,,,,,,,,,,,,,,,,
3275,100_16_32,118_21_40,126_5_5,123_14_25,154_9_10,153_5_5,812_24_24,,,,,,,,,,,,,,,,,,,,,,,,,,,,,,,,,
3276,97_8_32,126_65_65,125_45_45,154_61_80,812_24_24,,,,,,,,,,,,,,,,,,,,,,,,,,,,,,,,,,,
3277,99_13_34,119_10_10,125_60_60,156_16_20,812_25_25,,,,,,,,,,,,,,,,,,,,,,,,,,,,,,,,,,,
3278,97_10_34,119_10_10,125_55_55,812_25_25,,,,,,,,,,,,,,,,,,,,,,,,,,,,,,,,,,,,
3279,99_13_33,126_23_65,152_12_15,812_26_26,,,,,,,,,,,,,,,,,,,,,,,,,,,,,,,,,,,,
3280,100_11_35,118_5_5,123_80_80,155_24_30,156_5_5,812_26_26,,,,,,,,,,,,,,,,,,,,,,,,,,,,,,,,,,
3281,96_11_34,118_10_10,119_70_70,152_16_20,153_12_15,812_27_27,,,,,,,,,,,,,,,,,,,,,,,,,,,,,,,,,,
3282,100_11_34,124_6_10,153_5_5,812_27_27,,,,,,,,,,,,,,,,,,,,,,,,,,,,,,,,,,,,
3283,98_8_34,124_19_35,812_28_28,,,,,,,,,,,,,,,,,,,,,,,,,,,,,,,,,,,,,
3284,97_18_34,123_40_40,125_65_65,156_27_35,812_28_28,,,,,,,,,,,,,,,,,,,,,,,,,,,,,,,,,,,
3285,98_18_34,124_30_30,154_24_30,153_9_10,812_29_29,,,,,,,,,,,,,,,,,,,,,,,,,,,,,,,,,,,
3286,97_13_36,126_40_40,123_30_30,156_20_25,153_9_10,812_29_29,,,,,,,,,,,,,,,,,,,,,,,,,,,,,,,,,,
3287,100_12_35,126_60_60,812_?_?,,,,,,,,,,,,,,,,,,,,,,,,,,,,,,,,,,,,,
3288,97_9_35,118_5_5,123_80_80,119_20_20,156_12_15,812_?_?,,,,,,,,,,,,,,,,,,,,,,,,,,,,,,,,,,
3289,98_11_36,118_65_65,126_60_60,124_5_5,154_46_60,812_?_?,,,,,,,,,,,,,,,,,,,,,,,,,,,,,,,,,,
3290,96_9_37,123_11_20,119_6_10,125_36_70,155_12_15,812_?_?,,,,,,,,,,,,,,,,,,,,,,,,,,,,,,,,,,
3291,97_13_35,126_65_65,119_20_20,152_20_25,812_?_?,,,,,,,,,,,,,,,,,,,,,,,,,,,,,,,,,,,
3292,96_11_38,126_24_45,123_6_10,124_5_5,125_44_85,154_39_50,812_?_?,,,,,,,,,,,,,,,,,,,,,,,,,,,,,,,,,
3293,97_10_37,118_28_80,125_16_45,155_31_40,152_5_5,812_?_?,,,,,,,,,,,,,,,,,,,,,,,,,,,,,,,,,,
3294,99_15_37,123_65_65,119_35_35,156_16_20,812_?_?,,,,,,,,,,,,,,,,,,,,,,,,,,,,,,,,,,,
3295,97_14_36,119_45_45,125_85_85,812_?_?,,,,,,,,,,,,,,,,,,,,,,,,,,,,,,,,,,,,
3296,98_13_36,118_4_10,123_4_10,119_31_90,156_35_45,812_?_?,,,,,,,,,,,,,,,,,,,,,,,,,,,,,,,,,,
3297,97_19_37,124_16_30,152_5_5,812_?_?,,,,,,,,,,,,,,,,,,,,,,,,,,,,,,,,,,,,
3298,99_12_38,123_10_10,124_20_20,125_85_85,155_5_5,812_?_?,,,,,,,,,,,,,,,,,,,,,,,,,,,,,,,,,,
3299,97_19_37,118_26_75,126_4_10,125_26_75,152_5_5,154_9_10,812_30_30,,,,,,,,,,,,,,,,,,,,,,,,,,,,,,,,,
3300,100_18_39,124_26_50,152_35_45,154_20_25,812_30_30,,,,,,,,,,,,,,,,,,,,,,,,,,,,,,,,,,,
3301,97_19_39,118_6_15,119_5_5,124_9_25,125_19_55,152_35_45,812_31_31,,,,,,,,,,,,,,,,,,,,,,,,,,,,,,,,,
3302,98_18_38,118_90_90,126_90_90,156_39_50,812_31_31,,,,,,,,,,,,,,,,,,,,,,,,,,,,,,,,,,,
3303,100_16_39,124_26_50,152_9_10,153_20_25,812_32_32,,,,,,,,,,,,,,,,,,,,,,,,,,,,,,,,,,,
3304,100_13_38,118_5_5,126_50_50,123_60_60,812_32_32,,,,,,,,,,,,,,,,,,,,,,,,,,,,,,,,,,,
3305,97_13_40,118_16_30,123_46_90,119_5_5,124_5_5,125_24_45,155_27_35,812_33_33,,,,,,,,,,,,,,,,,,,,,,,,,,,,,,,,
3306,97_12_40,126_10_10,123_65_65,119_90_90,125_15_15,156_31_40,812_33_33,,,,,,,,,,,,,,,,,,,,,,,,,,,,,,,,,
3307,97_20_40,119_60_60,125_90_90,155_12_15,812_34_34,,,,,,,,,,,,,,,,,,,,,,,,,,,,,,,,,,,
3308,100_20_39,124_35_35,153_24_30,812_34_34,,,,,,,,,,,,,,,,,,,,,,,,,,,,,,,,,,,,
3309,97_18_39,118_5_5,124_31_60,155_35_45,812_35_35,,,,,,,,,,,,,,,,,,,,,,,,,,,,,,,,,,,
3310,97_16_41,126_60_60,119_65_65,125_40_40,152_16_20,812_35_35,,,,,,,,,,,,,,,,,,,,,,,,,,,,,,,,,,
3311,100_13_40,126_40_40,123_25_25,125_55_55,812_36_36,,,,,,,,,,,,,,,,,,,,,,,,,,,,,,,,,,,
3312,97_16_40,118_22_105,119_4_15,124_8_35,155_9_10,152_31_40,812_36_36,,,,,,,,,,,,,,,,,,,,,,,,,,,,,,,,,
3313,100_12_41,118_31_90,123_28_80,125_28_80,155_12_15,156_9_10,812_37_37,,,,,,,,,,,,,,,,,,,,,,,,,,,,,,,,,
3314,100_13_41,118_31_90,119_31_90,125_18_50,152_35_45,812_37_37,,,,,,,,,,,,,,,,,,,,,,,,,,,,,,,,,,
3315,97_18_41,118_15_55,124_16_60,152_39_50,154_24_30,812_38_38,,,,,,,,,,,,,,,,,,,,,,,,,,,,,,,,,,
3316,98_13_42,118_33_95,119_16_45,124_6_15,155_9_10,812_38_38,,,,,,,,,,,,,,,,,,,,,,,,,,,,,,,,,,
3317,97_21_42,118_15_55,119_5_5,124_12_45,152_9_10,153_31_40,812_39_39,,,,,,,,,,,,,,,,,,,,,,,,,,,,,,,,,
3318,97_20_42,123_85_85,119_35_35,125_60_60,156_5_5,812_39_39,,,,,,,,,,,,,,,,,,,,,,,,,,,,,,,,,,
3319,100_13_42,118_18_50,126_24_70,119_18_50,125_23_65,152_27_35,812_?_?,,,,,,,,,,,,,,,,,,,,,,,,,,,,,,,,,
3320,97_16_41,123_54_105,124_6_10,125_41_80,155_39_50,812_?_?,,,,,,,,,,,,,,,,,,,,,,,,,,,,,,,,,,
3321,100_21_42,118_14_40,126_29_85,124_9_25,154_12_15,812_?_?,,,,,,,,,,,,,,,,,,,,,,,,,,,,,,,,,,
3322,97_12_43,126_19_35,119_51_100,124_24_45,152_35_45,153_20_25,812_?_?,,,,,,,,,,,,,,,,,,,,,,,,,,,,,,,,,
3323,100_18_43,126_65_65,123_110_110,154_95_125,812_?_?,,,,,,,,,,,,,,,,,,,,,,,,,,,,,,,,,,,
3324,100_13_43,118_16_75,119_13_60,124_11_50,153_42_55,812_?_?,,,,,,,,,,,,,,,,,,,,,,,,,,,,,,,,,,
3325,100_18_43,126_50_50,123_85_85,125_15_15,154_35_45,812_?_?,,,,,,,,,,,,,,,,,,,,,,,,,,,,,,,,,,
3326,99_17_44,124_23_65,154_20_25,812_?_?,,,,,,,,,,,,,,,,,,,,,,,,,,,,,,,,,,,,
3327,97_20_44,118_26_75,123_8_20,119_23_65,156_5_5,153_9_10,812_?_?,,,,,,,,,,,,,,,,,,,,,,,,,,,,,,,,,
3328,100_23_45,123_125_125,125_55_55,155_12_15,812_?_?,,,,,,,,,,,,,,,,,,,,,,,,,,,,,,,,,,,
3329,97_14_45,118_19_55,119_21_60,125_41_120,152_31_40,156_27_35,812_?_?,,,,,,,,,,,,,,,,,,,,,,,,,,,,,,,,,
3330,99_16_44,123_54_105,124_31_60,155_16_20,154_20_25,812_?_?,,,,,,,,,,,,,,,,,,,,,,,,,,,,,,,,,,
3331,99_13_43,126_28_80,119_43_125,125_24_70,152_24_30,156_24_30,812_40_40,,,,,,,,,,,,,,,,,,,,,,,,,,,,,,,,,
3332,97_22_44,118_22_85,119_26_100,124_11_40,155_84_110,812_40_40,,,,,,,,,,,,,,,,,,,,,,,,,,,,,,,,,,
3333,100_20_44,119_16_30,124_11_20,125_24_45,812_41_41,,,,,,,,,,,,,,,,,,,,,,,,,,,,,,,,,,,
3334,100_19_46,126_5_5,124_26_75,153_24_30,812_41_41,,,,,,,,,,,,,,,,,,,,,,,,,,,,,,,,,,,
3335,100_19_45,118_19_55,126_16_45,123_24_70,154_42_55,156_16_20,812_42_42,,,,,,,,,,,,,,,,,,,,,,,,,,,,,,,,,
3336,100_16_45,118_5_5,126_8_20,119_14_40,124_21_60,812_42_42,,,,,,,,,,,,,,,,,,,,,,,,,,,,,,,,,,
3337,96_22_46,126_39_115,123_18_50,125_34_100,156_24_30,812_43_43,,,,,,,,,,,,,,,,,,,,,,,,,,,,,,,,,,
3338,96_20_46,118_80_80,126_130_130,119_40_40,153_5_5,812_43_43,,,,,,,,,,,,,,,,,,,,,,,,,,,,,,,,,,
3339,97_15_44,118_17_80,119_19_90,124_13_60,812_44_44,,,,,,,,,,,,,,,,,,,,,,,,,,,,,,,,,,,
3340,100_19_45,126_26_75,124_28_80,153_9_10,812_44_44,,,,,,,,,,,,,,,,,,,,,,,,,,,,,,,,,,,
3341,96_14_47,123_33_95,125_39_115,154_50_65,812_45_45,,,,,,,,,,,,,,,,,,,,,,,,,,,,,,,,,,,
3342,99_19_45,118_6_10,126_24_45,119_6_10,125_39_75,812_45_45,,,,,,,,,,,,,,,,,,,,,,,,,,,,,,,,,,
3343,100_22_47,118_34_130,119_4_10,153_24_30,812_46_46,,,,,,,,,,,,,,,,,,,,,,,,,,,,,,,,,,,
3344,100_19_46,124_44_130,155_35_45,153_54_70,812_46_46,,,,,,,,,,,,,,,,,,,,,,,,,,,,,,,,,,,
3345,100_23_45,118_23_65,126_9_25,123_9_25,125_26_75,812_47_47,,,,,,,,,,,,,,,,,,,,,,,,,,,,,,,,,,
3346,97_19_46,118_24_70,126_31_90,123_29_85,119_34_100,156_39_50,153_9_10,812_47_47,,,,,,,,,,,,,,,,,,,,,,,,,,,,,,,,
3347,100_22_48,124_23_65,125_4_10,812_48_48,,,,,,,,,,,,,,,,,,,,,,,,,,,,,,,,,,,,
3348,97_21_47,123_64_125,119_51_100,124_6_10,153_27_35,812_48_48,,,,,,,,,,,,,,,,,,,,,,,,,,,,,,,,,,
3349,100_23_48,119_60_60,125_100_100,152_46_60,812_49_49,,,,,,,,,,,,,,,,,,,,,,,,,,,,,,,,,,,
3350,97_23_46,118_16_30,123_51_100,119_6_10,125_51_100,155_16_20,156_6_15,812_49_49,,,,,,,,,,,,,,,,,,,,,,,,,,,,,,,,
3351,100_18_47,118_36_145,123_26_100,119_26_105,155_51_70,156_11_30,812_?_?,,,,,,,,,,,,,,,,,,,,,,,,,,,,,,,,,
3352,100_24_48,118_26_105,123_6_20,119_26_100,156_31_40,812_?_?,,,,,,,,,,,,,,,,,,,,,,,,,,,,,,,,,,
3353,99_25_49,118_21_75,124_26_100,154_16_20,812_?_?,,,,,,,,,,,,,,,,,,,,,,,,,,,,,,,,,,,
3354,100_22_47,118_16_30,123_66_130,119_41_80,125_5_5,156_46_60,812_?_?,,,,,,,,,,,,,,,,,,,,,,,,,,,,,,,,,
3355,100_22_48,118_36_135,125_26_65,154_11_15,156_36_50,812_?_?,,,,,,,,,,,,,,,,,,,,,,,,,,,,,,,,,,
3356,100_11_30,125_16_35,123_16_35,112_2_3,,,,,,,,,,,,,,,,,,,,,,,,,,,,,,,,,,,,
3357,118_16_25,126_16_25,112_1_1,138_1_5,174_51_100,100_16_25,,,,,,,,,,,,,,,,,,,,,,,,,,,,,,,,,,
3359,100_2_5,118_5_5,124_5_5,812_?_?,,,,,,,,,,,,,,,,,,,,,,,,,,,,,,,,,,,,
3360,100_2_7,126_5_5,119_5_5,812_?_?,,,,,,,,,,,,,,,,,,,,,,,,,,,,,,,,,,,,
3361,98_3_5,119_10_10,812_?_?,,,,,,,,,,,,,,,,,,,,,,,,,,,,,,,,,,,,,
3362,100_4_6,812_?_?,,,,,,,,,,,,,,,,,,,,,,,,,,,,,,,,,,,,,,
3363,99_3_6,118_5_5,126_5_5,119_5_5,812_?_?,,,,,,,,,,,,,,,,,,,,,,,,,,,,,,,,,,,
3364,99_3_7,126_5_5,119_5_5,125_5_5,812_?_?,,,,,,,,,,,,,,,,,,,,,,,,,,,,,,,,,,,
3365,98_3_7,119_10_10,156_1_5,812_?_?,,,,,,,,,,,,,,,,,,,,,,,,,,,,,,,,,,,,
3366,97_4_7,123_5_5,119_5_5,812_?_?,,,,,,,,,,,,,,,,,,,,,,,,,,,,,,,,,,,,
3367,97_4_6,118_5_5,119_5_5,156_1_5,812_?_?,,,,,,,,,,,,,,,,,,,,,,,,,,,,,,,,,,,
3368,100_3_7,126_5_5,812_?_?,,,,,,,,,,,,,,,,,,,,,,,,,,,,,,,,,,,,,
3369,96_4_8,124_5_5,125_5_5,155_9_10,812_?_?,,,,,,,,,,,,,,,,,,,,,,,,,,,,,,,,,,,
3370,98_1_10,118_5_5,124_5_5,812_?_?,,,,,,,,,,,,,,,,,,,,,,,,,,,,,,,,,,,,
3371,97_3_9,119_5_5,125_5_5,155_5_5,812_?_?,,,,,,,,,,,,,,,,,,,,,,,,,,,,,,,,,,,
3372,96_3_9,124_6_10,155_6_10,812_?_?,,,,,,,,,,,,,,,,,,,,,,,,,,,,,,,,,,,,
3373,98_7_9,119_6_10,812_?_?,,,,,,,,,,,,,,,,,,,,,,,,,,,,,,,,,,,,,
3374,98_6_8,125_6_15,812_?_?,,,,,,,,,,,,,,,,,,,,,,,,,,,,,,,,,,,,,
3375,99_4_7,125_6_25,812_?_?,,,,,,,,,,,,,,,,,,,,,,,,,,,,,,,,,,,,,
3376,100_6_8,123_6_10,119_6_10,812_?_?,,,,,,,,,,,,,,,,,,,,,,,,,,,,,,,,,,,,
3377,100_3_8,119_10_10,125_5_5,812_?_?,,,,,,,,,,,,,,,,,,,,,,,,,,,,,,,,,,,,
3378,98_7_9,123_6_10,119_6_10,125_6_10,155_5_5,156_5_5,812_?_?,,,,,,,,,,,,,,,,,,,,,,,,,,,,,,,,,
3379,98_5_8,118_5_5,124_5_5,153_1_5,812_?_?,,,,,,,,,,,,,,,,,,,,,,,,,,,,,,,,,,,
3380,99_6_7,126_10_10,812_?_?,,,,,,,,,,,,,,,,,,,,,,,,,,,,,,,,,,,,,
3381,100_5_8,812_?_?,,,,,,,,,,,,,,,,,,,,,,,,,,,,,,,,,,,,,,
3382,98_3_8,119_6_10,125_5_5,812_?_?,,,,,,,,,,,,,,,,,,,,,,,,,,,,,,,,,,,,
3383,98_4_10,118_4_10,812_?_?,,,,,,,,,,,,,,,,,,,,,,,,,,,,,,,,,,,,,
3384,98_3_9,812_?_?,,,,,,,,,,,,,,,,,,,,,,,,,,,,,,,,,,,,,,
3385,100_5_8,119_5_5,125_6_15,152_1_20,812_?_?,,,,,,,,,,,,,,,,,,,,,,,,,,,,,,,,,,,
3386,100_4_9,118_5_5,119_5_5,152_10_10,812_?_?,,,,,,,,,,,,,,,,,,,,,,,,,,,,,,,,,,,
3387,98_4_10,812_?_?,,,,,,,,,,,,,,,,,,,,,,,,,,,,,,,,,,,,,,
3388,100_6_10,119_6_20,152_15_15,812_?_?,,,,,,,,,,,,,,,,,,,,,,,,,,,,,,,,,,,,
3389,98_4_6,119_6_35,812_?_?,,,,,,,,,,,,,,,,,,,,,,,,,,,,,,,,,,,,,
3390,96_6_10,118_5_5,124_5_5,152_16_20,812_?_?,,,,,,,,,,,,,,,,,,,,,,,,,,,,,,,,,,,
3391,96_3_8,123_6_15,119_5_5,157_6_15,812_?_?,,,,,,,,,,,,,,,,,,,,,,,,,,,,,,,,,,,
3392,100_6_11,124_6_15,152_16_35,812_?_?,,,,,,,,,,,,,,,,,,,,,,,,,,,,,,,,,,,,
3393,97_4_9,118_5_5,155_11_15,812_?_?,,,,,,,,,,,,,,,,,,,,,,,,,,,,,,,,,,,,
3394,98_4_9,118_5_5,119_6_10,124_5_5,155_1_15,812_?_?,,,,,,,,,,,,,,,,,,,,,,,,,,,,,,,,,,
3395,100_6_10,119_6_15,157_1_10,812_?_?,,,,,,,,,,,,,,,,,,,,,,,,,,,,,,,,,,,,
3396,98_4_11,124_5_5,152_5_5,812_?_?,,,,,,,,,,,,,,,,,,,,,,,,,,,,,,,,,,,,
3397,96_5_8,123_11_20,157_1_20,812_?_?,,,,,,,,,,,,,,,,,,,,,,,,,,,,,,,,,,,,
3398,98_5_11,119_16_20,157_16_30,812_?_?,,,,,,,,,,,,,,,,,,,,,,,,,,,,,,,,,,,,
3399,100_6_9,119_5_5,125_11_30,156_11_15,812_?_?,,,,,,,,,,,,,,,,,,,,,,,,,,,,,,,,,,,
3400,96_6_10,125_6_15,812_?_?,,,,,,,,,,,,,,,,,,,,,,,,,,,,,,,,,,,,,
3401,98_8_14,118_15_15,126_15_15,156_11_15,812_?_?,,,,,,,,,,,,,,,,,,,,,,,,,,,,,,,,,,,
3402,96_4_10,126_5_5,119_5_5,812_?_?,,,,,,,,,,,,,,,,,,,,,,,,,,,,,,,,,,,,
3403,96_6_11,119_11_20,156_6_10,812_?_?,,,,,,,,,,,,,,,,,,,,,,,,,,,,,,,,,,,,
3404,96_5_9,125_11_20,157_6_10,812_?_?,,,,,,,,,,,,,,,,,,,,,,,,,,,,,,,,,,,,
3405,98_5_8,126_10_10,123_10_10,119_10_10,157_1_10,156_1_10,812_?_?,,,,,,,,,,,,,,,,,,,,,,,,,,,,,,,,,
3406,100_5_11,119_15_15,155_9_10,812_?_?,,,,,,,,,,,,,,,,,,,,,,,,,,,,,,,,,,,,
3407,100_5_9,119_5_5,125_5_5,157_9_10,812_?_?,,,,,,,,,,,,,,,,,,,,,,,,,,,,,,,,,,,
3408,99_6_10,119_15_15,153_9_10,812_?_?,,,,,,,,,,,,,,,,,,,,,,,,,,,,,,,,,,,,
3409,98_4_11,119_5_5,124_5_5,152_9_10,153_1_10,812_?_?,,,,,,,,,,,,,,,,,,,,,,,,,,,,,,,,,,
3410,100_5_11,126_5_5,119_5_5,812_?_?,,,,,,,,,,,,,,,,,,,,,,,,,,,,,,,,,,,,
3411,100_6_10,119_15_15,155_9_10,812_?_?,,,,,,,,,,,,,,,,,,,,,,,,,,,,,,,,,,,,
3412,100_6_10,125_10_10,157_9_10,812_?_?,,,,,,,,,,,,,,,,,,,,,,,,,,,,,,,,,,,,
3413,98_6_10,118_15_15,156_9_10,812_?_?,,,,,,,,,,,,,,,,,,,,,,,,,,,,,,,,,,,,
3414,98_7_12,125_10_10,812_?_?,,,,,,,,,,,,,,,,,,,,,,,,,,,,,,,,,,,,,
3415,98_4_12,118_5_5,126_5_5,152_9_10,812_?_?,,,,,,,,,,,,,,,,,,,,,,,,,,,,,,,,,,,
3416,98_6_12,812_?_?,,,,,,,,,,,,,,,,,,,,,,,,,,,,,,,,,,,,,,
3417,98_4_11,124_5_5,812_?_?,,,,,,,,,,,,,,,,,,,,,,,,,,,,,,,,,,,,,
3418,97_7_12,118_11_20,156_6_15,812_?_?,,,,,,,,,,,,,,,,,,,,,,,,,,,,,,,,,,,,
3419,98_5_11,123_5_5,812_?_?,,,,,,,,,,,,,,,,,,,,,,,,,,,,,,,,,,,,,
3420,100_6_10,118_9_15,123_5_5,156_9_10,812_?_?,,,,,,,,,,,,,,,,,,,,,,,,,,,,,,,,,,,
3421,98_6_11,123_10_10,155_9_10,812_?_?,,,,,,,,,,,,,,,,,,,,,,,,,,,,,,,,,,,,
3422,99_6_12,812_?_?,,,,,,,,,,,,,,,,,,,,,,,,,,,,,,,,,,,,,,
3423,98_7_12,119_14_25,152_9_10,156_9_10,812_?_?,,,,,,,,,,,,,,,,,,,,,,,,,,,,,,,,,,,
3424,98_6_12,124_10_10,125_5_5,155_27_35,812_?_?,,,,,,,,,,,,,,,,,,,,,,,,,,,,,,,,,,,
3425,100_6_13,126_5_5,119_5_5,157_9_10,812_?_?,,,,,,,,,,,,,,,,,,,,,,,,,,,,,,,,,,,
3426,96_5_13,125_15_15,155_12_15,812_?_?,,,,,,,,,,,,,,,,,,,,,,,,,,,,,,,,,,,,
3427,97_5_11,125_15_15,155_12_15,812_?_?,,,,,,,,,,,,,,,,,,,,,,,,,,,,,,,,,,,,
3428,98_7_12,126_5_5,119_5_5,124_5_5,157_9_10,812_?_?,,,,,,,,,,,,,,,,,,,,,,,,,,,,,,,,,,
3429,100_4_11,124_10_10,155_5_5,152_9_10,812_?_?,,,,,,,,,,,,,,,,,,,,,,,,,,,,,,,,,,,
3430,96_5_12,123_6_10,125_5_5,812_?_?,,,,,,,,,,,,,,,,,,,,,,,,,,,,,,,,,,,,
3431,100_5_11,126_5_5,153_12_15,812_?_?,,,,,,,,,,,,,,,,,,,,,,,,,,,,,,,,,,,,
3432,100_5_13,118_20_20,155_9_10,156_5_5,812_?_?,,,,,,,,,,,,,,,,,,,,,,,,,,,,,,,,,,,
3433,96_5_13,118_15_15,155_5_5,152_5_5,812_?_?,,,,,,,,,,,,,,,,,,,,,,,,,,,,,,,,,,,
3434,100_5_12,119_15_15,125_10_10,155_9_10,152_5_5,812_10_10,,,,,,,,,,,,,,,,,,,,,,,,,,,,,,,,,,
3435,96_6_13,126_10_10,119_15_15,152_5_5,153_12_15,812_10_10,,,,,,,,,,,,,,,,,,,,,,,,,,,,,,,,,,
3436,98_5_12,123_5_5,119_9_15,157_5_5,812_10_10,,,,,,,,,,,,,,,,,,,,,,,,,,,,,,,,,,,
3437,98_5_13,119_25_25,125_5_5,155_12_15,152_9_10,812_10_10,,,,,,,,,,,,,,,,,,,,,,,,,,,,,,,,,,
3438,97_5_13,126_5_5,125_15_15,157_5_5,812_10_10,,,,,,,,,,,,,,,,,,,,,,,,,,,,,,,,,,,
3439,100_6_12,123_10_10,119_10_10,157_5_5,155_5_5,812_10_10,,,,,,,,,,,,,,,,,,,,,,,,,,,,,,,,,,
3440,100_6_11,125_25_25,152_5_5,156_12_15,812_11_11,,,,,,,,,,,,,,,,,,,,,,,,,,,,,,,,,,,
3441,99_6_12,123_10_10,124_5_5,153_12_15,812_11_11,,,,,,,,,,,,,,,,,,,,,,,,,,,,,,,,,,,
3442,100_6_11,123_10_10,124_5_5,153_5_5,812_11_11,,,,,,,,,,,,,,,,,,,,,,,,,,,,,,,,,,,
3443,100_6_13,118_11_20,123_5_5,155_12_15,156_9_10,812_11_11,,,,,,,,,,,,,,,,,,,,,,,,,,,,,,,,,,
3444,96_6_11,123_6_10,156_5_5,812_11_11,,,,,,,,,,,,,,,,,,,,,,,,,,,,,,,,,,,,
3445,100_5_12,118_5_5,125_20_20,156_5_5,812_11_11,,,,,,,,,,,,,,,,,,,,,,,,,,,,,,,,,,,
3446,98_7_14,124_10_10,152_9_10,153_5_5,812_12_12,,,,,,,,,,,,,,,,,,,,,,,,,,,,,,,,,,,
3447,100_6_14,118_5_5,124_5_5,152_9_10,153_9_10,812_12_12,,,,,,,,,,,,,,,,,,,,,,,,,,,,,,,,,,
3448,98_5_13,124_10_10,157_12_15,812_12_12,,,,,,,,,,,,,,,,,,,,,,,,,,,,,,,,,,,,
3449,100_5_12,118_20_20,153_12_15,812_12_12,,,,,,,,,,,,,,,,,,,,,,,,,,,,,,,,,,,,
3450,100_5_14,123_15_15,812_12_12,,,,,,,,,,,,,,,,,,,,,,,,,,,,,,,,,,,,,
3451,98_6_13,123_6_10,119_6_10,125_5_5,157_9_10,812_12_12,,,,,,,,,,,,,,,,,,,,,,,,,,,,,,,,,,
3452,96_5_13,119_35_35,157_5_5,156_12_15,812_13_13,,,,,,,,,,,,,,,,,,,,,,,,,,,,,,,,,,,
3453,99_7_12,123_20_20,157_12_15,812_13_13,,,,,,,,,,,,,,,,,,,,,,,,,,,,,,,,,,,,
3454,96_7_14,126_10_10,125_5_5,157_9_10,812_13_13,,,,,,,,,,,,,,,,,,,,,,,,,,,,,,,,,,,
3455,100_6_13,123_5_5,125_10_10,155_5_5,812_13_13,,,,,,,,,,,,,,,,,,,,,,,,,,,,,,,,,,,
3456,98_7_13,123_5_5,124_10_10,157_24_30,812_13_13,,,,,,,,,,,,,,,,,,,,,,,,,,,,,,,,,,,
3457,98_5_13,119_19_35,157_5_5,155_5_5,812_13_13,,,,,,,,,,,,,,,,,,,,,,,,,,,,,,,,,,,
3458,96_7_14,124_10_10,125_10_10,157_12_15,152_9_10,812_14_14,,,,,,,,,,,,,,,,,,,,,,,,,,,,,,,,,,
3459,100_7_12,126_25_25,119_5_5,157_9_10,156_9_10,812_14_14,,,,,,,,,,,,,,,,,,,,,,,,,,,,,,,,,,
3460,98_8_14,119_11_30,157_9_10,155_5_5,812_14_14,,,,,,,,,,,,,,,,,,,,,,,,,,,,,,,,,,,
3461,97_7_12,118_16_30,119_6_10,156_12_15,812_14_14,,,,,,,,,,,,,,,,,,,,,,,,,,,,,,,,,,,
3462,100_8_14,123_20_20,157_16_20,812_14_14,,,,,,,,,,,,,,,,,,,,,,,,,,,,,,,,,,,,
3463,98_7_14,123_6_10,157_5_5,812_14_14,,,,,,,,,,,,,,,,,,,,,,,,,,,,,,,,,,,,
3464,96_8_15,123_14_25,155_12_15,156_5_5,812_15_15,,,,,,,,,,,,,,,,,,,,,,,,,,,,,,,,,,,
3465,98_6_15,123_20_20,124_5_5,155_12_15,812_15_15,,,,,,,,,,,,,,,,,,,,,,,,,,,,,,,,,,,
3466,97_8_15,125_5_5,155_5_5,812_15_15,,,,,,,,,,,,,,,,,,,,,,,,,,,,,,,,,,,,
3467,98_7_14,124_10_10,157_9_10,155_9_10,812_15_15,,,,,,,,,,,,,,,,,,,,,,,,,,,,,,,,,,,
3468,100_7_13,119_5_5,125_25_25,157_16_20,155_5_5,812_15_15,,,,,,,,,,,,,,,,,,,,,,,,,,,,,,,,,,
3469,96_7_14,118_25_25,125_5_5,156_12_15,812_15_15,,,,,,,,,,,,,,,,,,,,,,,,,,,,,,,,,,,
3470,98_6_15,126_9_15,119_6_10,812_16_16,,,,,,,,,,,,,,,,,,,,,,,,,,,,,,,,,,,,
3471,99_6_13,126_15_15,157_16_20,812_16_16,,,,,,,,,,,,,,,,,,,,,,,,,,,,,,,,,,,,
3472,100_6_14,123_25_25,119_5_5,157_9_10,155_9_10,812_16_16,,,,,,,,,,,,,,,,,,,,,,,,,,,,,,,,,,
3473,97_8_15,126_4_10,119_9_25,156_9_10,812_16_16,,,,,,,,,,,,,,,,,,,,,,,,,,,,,,,,,,,
3474,96_7_15,118_30_30,152_16_20,812_16_16,,,,,,,,,,,,,,,,,,,,,,,,,,,,,,,,,,,,
3475,100_8_15,126_20_20,157_5_5,812_16_16,,,,,,,,,,,,,,,,,,,,,,,,,,,,,,,,,,,,
3476,100_8_15,123_6_10,119_11_20,153_5_5,812_17_17,,,,,,,,,,,,,,,,,,,,,,,,,,,,,,,,,,,
3477,98_6_14,126_30_30,152_5_5,153_16_20,812_17_17,,,,,,,,,,,,,,,,,,,,,,,,,,,,,,,,,,,
3478,96_6_14,118_10_10,126_25_25,156_16_20,812_17_17,,,,,,,,,,,,,,,,,,,,,,,,,,,,,,,,,,,
3479,98_6_13,153_9_10,812_17_17,,,,,,,,,,,,,,,,,,,,,,,,,,,,,,,,,,,,,
3480,100_7_13,126_10_10,123_20_20,119_15_15,157_16_20,153_5_5,812_17_17,,,,,,,,,,,,,,,,,,,,,,,,,,,,,,,,,
3481,98_6_14,123_25_25,157_5_5,812_17_17,,,,,,,,,,,,,,,,,,,,,,,,,,,,,,,,,,,,
3482,98_6_13,125_20_20,152_5_5,156_9_10,812_18_18,,,,,,,,,,,,,,,,,,,,,,,,,,,,,,,,,,,
3483,100_7_14,119_5_5,125_35_35,157_31_40,812_18_18,,,,,,,,,,,,,,,,,,,,,,,,,,,,,,,,,,,
3484,100_7_15,119_50_50,156_12_15,153_16_20,812_18_18,,,,,,,,,,,,,,,,,,,,,,,,,,,,,,,,,,,
3485,97_8_14,124_10_10,125_10_10,157_12_15,152_12_15,812_18_18,,,,,,,,,,,,,,,,,,,,,,,,,,,,,,,,,,
3486,100_6_15,125_30_30,155_5_5,152_12_15,812_18_18,,,,,,,,,,,,,,,,,,,,,,,,,,,,,,,,,,,
3487,98_6_13,124_15_15,157_5_5,153_16_20,812_18_18,,,,,,,,,,,,,,,,,,,,,,,,,,,,,,,,,,,
3488,98_7_16,118_9_15,812_19_19,,,,,,,,,,,,,,,,,,,,,,,,,,,,,,,,,,,,,
3489,98_6_16,118_35_35,156_9_10,812_19_19,,,,,,,,,,,,,,,,,,,,,,,,,,,,,,,,,,,,
3490,100_6_16,126_15_15,125_10_10,157_5_5,812_19_19,,,,,,,,,,,,,,,,,,,,,,,,,,,,,,,,,,,
3491,100_9_16,118_11_20,124_5_5,155_12_15,152_9_10,812_19_19,,,,,,,,,,,,,,,,,,,,,,,,,,,,,,,,,,
3492,98_7_16,118_4_10,123_11_30,119_4_10,156_20_25,812_19_19,,,,,,,,,,,,,,,,,,,,,,,,,,,,,,,,,,
3493,98_7_16,123_11_20,157_5_5,156_5_5,812_19_19,,,,,,,,,,,,,,,,,,,,,,,,,,,,,,,,,,,
3494,100_8_15,126_40_40,157_35_45,812_?_?,,,,,,,,,,,,,,,,,,,,,,,,,,,,,,,,,,,,
3495,98_8_15,124_15_15,157_9_10,812_?_?,,,,,,,,,,,,,,,,,,,,,,,,,,,,,,,,,,,,
3496,97_7_15,126_40_40,157_24_30,812_?_?,,,,,,,,,,,,,,,,,,,,,,,,,,,,,,,,,,,,
3497,100_7_16,118_14_40,119_5_5,152_5_5,153_9_10,812_?_?,,,,,,,,,,,,,,,,,,,,,,,,,,,,,,,,,,
3498,99_7_15,119_25_25,125_10_10,155_16_20,812_?_?,,,,,,,,,,,,,,,,,,,,,,,,,,,,,,,,,,,
3499,100_8_14,125_45_45,152_35_45,812_?_?,,,,,,,,,,,,,,,,,,,,,,,,,,,,,,,,,,,,
3500,98_8_14,125_40_40,157_9_10,155_9_10,812_?_?,,,,,,,,,,,,,,,,,,,,,,,,,,,,,,,,,,,
3501,100_7_15,123_40_40,157_5_5,156_12_15,812_?_?,,,,,,,,,,,,,,,,,,,,,,,,,,,,,,,,,,,
3502,100_8_15,124_15_15,155_9_10,153_12_15,812_?_?,,,,,,,,,,,,,,,,,,,,,,,,,,,,,,,,,,,
3503,99_7_15,123_15_15,125_35_35,156_16_20,812_?_?,,,,,,,,,,,,,,,,,,,,,,,,,,,,,,,,,,,
3504,98_7_15,118_15_15,152_5_5,812_?_?,,,,,,,,,,,,,,,,,,,,,,,,,,,,,,,,,,,,
3505,99_7_14,126_25_25,157_16_20,812_?_?,,,,,,,,,,,,,,,,,,,,,,,,,,,,,,,,,,,,
3506,100_7_16,126_15_15,123_5_5,119_30_30,157_9_10,812_?_?,,,,,,,,,,,,,,,,,,,,,,,,,,,,,,,,,,
3507,96_7_14,123_21_40,157_9_10,812_?_?,,,,,,,,,,,,,,,,,,,,,,,,,,,,,,,,,,,,
3508,96_7_14,123_5_5,125_45_45,156_20_25,812_?_?,,,,,,,,,,,,,,,,,,,,,,,,,,,,,,,,,,,
3509,97_9_16,119_19_55,124_5_5,155_20_25,812_?_?,,,,,,,,,,,,,,,,,,,,,,,,,,,,,,,,,,,
3510,96_8_16,126_14_25,156_12_15,812_?_?,,,,,,,,,,,,,,,,,,,,,,,,,,,,,,,,,,,,
3511,97_7_16,119_45_45,157_5_5,156_12_15,812_?_?,,,,,,,,,,,,,,,,,,,,,,,,,,,,,,,,,,,
3512,96_7_17,126_20_20,124_10_10,157_35_45,812_?_?,,,,,,,,,,,,,,,,,,,,,,,,,,,,,,,,,,,
3513,99_9_17,118_19_35,152_5_5,156_5_5,812_?_?,,,,,,,,,,,,,,,,,,,,,,,,,,,,,,,,,,,
3514,100_8_15,126_20_20,119_15_15,125_10_10,157_9_10,812_?_?,,,,,,,,,,,,,,,,,,,,,,,,,,,,,,,,,,
3515,98_8_15,119_14_50,124_4_10,157_20_25,812_?_?,,,,,,,,,,,,,,,,,,,,,,,,,,,,,,,,,,,
3516,97_8_15,119_9_15,124_6_10,125_14_25,152_24_30,812_?_?,,,,,,,,,,,,,,,,,,,,,,,,,,,,,,,,,,
3517,98_8_16,124_5_5,153_9_10,812_?_?,,,,,,,,,,,,,,,,,,,,,,,,,,,,,,,,,,,,
3518,99_9_17,118_14_25,119_21_40,153_31_40,812_?_?,,,,,,,,,,,,,,,,,,,,,,,,,,,,,,,,,,,
3519,100_7_15,124_25_25,155_35_45,812_?_?,,,,,,,,,,,,,,,,,,,,,,,,,,,,,,,,,,,,
3520,99_7_16,126_9_15,123_5_5,119_21_40,157_9_10,156_5_5,812_?_?,,,,,,,,,,,,,,,,,,,,,,,,,,,,,,,,,
3521,100_9_16,118_15_15,126_40_40,123_10_10,119_25_25,156_57_75,812_?_?,,,,,,,,,,,,,,,,,,,,,,,,,,,,,,,,,
3522,98_8_15,126_5_5,123_45_45,157_12_15,812_?_?,,,,,,,,,,,,,,,,,,,,,,,,,,,,,,,,,,,
3523,98_8_17,123_15_15,125_45_45,157_20_25,156_16_20,812_?_?,,,,,,,,,,,,,,,,,,,,,,,,,,,,,,,,,,
3524,98_8_16,118_10_10,125_50_50,155_42_55,812_?_?,,,,,,,,,,,,,,,,,,,,,,,,,,,,,,,,,,,
3525,97_8_15,118_25_25,124_5_5,125_25_25,155_31_40,812_?_?,,,,,,,,,,,,,,,,,,,,,,,,,,,,,,,,,,
3526,100_8_15,118_24_45,125_9_15,156_9_10,812_?_?,,,,,,,,,,,,,,,,,,,,,,,,,,,,,,,,,,,
3527,100_8_16,118_11_20,123_6_10,119_21_40,156_20_25,812_?_?,,,,,,,,,,,,,,,,,,,,,,,,,,,,,,,,,,
3528,98_8_15,118_60_60,125_5_5,155_16_20,152_5_5,812_?_?,,,,,,,,,,,,,,,,,,,,,,,,,,,,,,,,,,
3529,100_8_15,126_10_10,124_5_5,125_15_15,157_24_30,812_?_?,,,,,,,,,,,,,,,,,,,,,,,,,,,,,,,,,,
3530,98_9_16,123_30_30,124_15_15,157_42_55,812_20_20,,,,,,,,,,,,,,,,,,,,,,,,,,,,,,,,,,,
3531,100_8_16,124_20_20,125_10_10,157_20_25,155_9_10,812_20_20,,,,,,,,,,,,,,,,,,,,,,,,,,,,,,,,,,
3532,97_8_15,124_25_25,155_5_5,152_16_20,812_20_20,,,,,,,,,,,,,,,,,,,,,,,,,,,,,,,,,,,
3533,99_9_17,124_25_25,152_20_25,153_16_20,812_20_20,,,,,,,,,,,,,,,,,,,,,,,,,,,,,,,,,,,
3534,100_8_16,123_20_20,119_65_65,155_24_30,812_20_20,,,,,,,,,,,,,,,,,,,,,,,,,,,,,,,,,,,
3535,98_8_15,124_25_25,157_20_25,155_9_10,812_20_20,,,,,,,,,,,,,,,,,,,,,,,,,,,,,,,,,,,
3536,98_9_16,123_55_55,157_12_15,812_21_21,,,,,,,,,,,,,,,,,,,,,,,,,,,,,,,,,,,,
3537,96_9_16,119_10_10,124_20_20,155_5_5,153_12_15,812_21_21,,,,,,,,,,,,,,,,,,,,,,,,,,,,,,,,,,
3538,99_9_18,125_21_40,156_16_20,812_21_21,,,,,,,,,,,,,,,,,,,,,,,,,,,,,,,,,,,,
3539,98_8_16,126_19_35,123_5_5,119_19_35,124_5_5,157_16_20,153_24_30,812_21_21,,,,,,,,,,,,,,,,,,,,,,,,,,,,,,,,
3540,98_8_16,123_60_60,155_9_10,812_21_21,,,,,,,,,,,,,,,,,,,,,,,,,,,,,,,,,,,,
3541,99_9_16,126_20_20,119_5_5,125_40_40,157_35_45,812_21_21,,,,,,,,,,,,,,,,,,,,,,,,,,,,,,,,,,
3542,100_9_17,126_20_20,156_5_5,812_22_22,,,,,,,,,,,,,,,,,,,,,,,,,,,,,,,,,,,,
3543,100_8_18,123_50_50,125_5_5,157_16_20,812_22_22,,,,,,,,,,,,,,,,,,,,,,,,,,,,,,,,,,,
3544,100_9_18,118_5_5,126_14_25,119_9_15,152_5_5,812_22_22,,,,,,,,,,,,,,,,,,,,,,,,,,,,,,,,,,
3545,98_8_18,119_16_60,152_20_25,812_22_22,,,,,,,,,,,,,,,,,,,,,,,,,,,,,,,,,,,,
3546,98_9_17,126_6_20,119_14_50,124_4_10,157_24_30,153_12_15,812_22_22,,,,,,,,,,,,,,,,,,,,,,,,,,,,,,,,,
3547,98_8_17,123_40_40,156_27_35,812_22_22,,,,,,,,,,,,,,,,,,,,,,,,,,,,,,,,,,,,
3548,96_10_18,119_5_5,125_60_60,157_12_15,152_9_10,812_23_23,,,,,,,,,,,,,,,,,,,,,,,,,,,,,,,,,,
3549,98_9_18,123_13_35,119_16_45,157_5_5,153_16_20,812_23_23,,,,,,,,,,,,,,,,,,,,,,,,,,,,,,,,,,
3550,96_9_16,119_5_5,124_25_25,155_5_5,152_5_5,812_23_23,,,,,,,,,,,,,,,,,,,,,,,,,,,,,,,,,,
3551,97_9_16,125_55_55,157_9_10,812_23_23,,,,,,,,,,,,,,,,,,,,,,,,,,,,,,,,,,,,
3552,98_9_18,126_5_5,123_14_40,124_5_5,157_12_15,812_23_23,,,,,,,,,,,,,,,,,,,,,,,,,,,,,,,,,,
3553,98_9_16,126_14_25,124_9_15,152_16_20,812_23_23,,,,,,,,,,,,,,,,,,,,,,,,,,,,,,,,,,,
3554,97_9_17,118_21_60,119_6_15,125_4_10,152_16_20,812_24_24,,,,,,,,,,,,,,,,,,,,,,,,,,,,,,,,,,
3555,96_10_18,118_9_15,812_24_24,,,,,,,,,,,,,,,,,,,,,,,,,,,,,,,,,,,,,
3556,100_9_17,118_16_30,123_9_15,119_16_30,156_16_20,812_24_24,,,,,,,,,,,,,,,,,,,,,,,,,,,,,,,,,,
3557,97_9_16,118_24_45,126_16_30,156_9_10,153_24_30,812_24_24,,,,,,,,,,,,,,,,,,,,,,,,,,,,,,,,,,
3558,97_9_17,123_15_15,124_5_5,812_24_24,,,,,,,,,,,,,,,,,,,,,,,,,,,,,,,,,,,,
3559,100_9_17,123_50_50,155_9_10,812_24_24,,,,,,,,,,,,,,,,,,,,,,,,,,,,,,,,,,,,
3560,98_10_18,118_11_20,123_29_55,153_24_30,812_25_25,,,,,,,,,,,,,,,,,,,,,,,,,,,,,,,,,,,
3561,96_9_18,126_21_60,125_8_20,156_24_30,812_25_25,,,,,,,,,,,,,,,,,,,,,,,,,,,,,,,,,,,
3562,100_9_16,124_30_30,157_9_10,152_9_10,812_25_25,,,,,,,,,,,,,,,,,,,,,,,,,,,,,,,,,,,
3563,100_9_16,123_50_50,119_10_10,157_20_25,812_25_25,,,,,,,,,,,,,,,,,,,,,,,,,,,,,,,,,,,
3564,98_10_18,126_9_15,123_26_50,119_16_30,157_54_70,812_25_25,,,,,,,,,,,,,,,,,,,,,,,,,,,,,,,,,,
3565,98_9_16,126_31_60,119_29_55,157_69_90,812_25_25,,,,,,,,,,,,,,,,,,,,,,,,,,,,,,,,,,,
3566,96_10_18,126_10_10,125_40_40,152_9_10,812_26_26,,,,,,,,,,,,,,,,,,,,,,,,,,,,,,,,,,,
3567,98_10_19,126_14_40,119_6_15,124_6_15,152_20_25,153_27_35,812_26_26,,,,,,,,,,,,,,,,,,,,,,,,,,,,,,,,,
3568,100_9_17,123_15_15,119_20_20,125_25_25,156_9_10,812_26_26,,,,,,,,,,,,,,,,,,,,,,,,,,,,,,,,,,
3569,98_10_19,152_16_20,812_26_26,,,,,,,,,,,,,,,,,,,,,,,,,,,,,,,,,,,,,
3570,98_10_18,126_39_75,119_11_20,157_12_15,156_24_30,812_26_26,,,,,,,,,,,,,,,,,,,,,,,,,,,,,,,,,,
3571,96_10_18,118_75_75,155_12_15,812_26_26,,,,,,,,,,,,,,,,,,,,,,,,,,,,,,,,,,,,
3572,99_9_19,126_17_65,123_9_30,156_39_50,812_27_27,,,,,,,,,,,,,,,,,,,,,,,,,,,,,,,,,,,
3573,98_9_18,118_75_75,119_5_5,125_10_10,812_27_27,,,,,,,,,,,,,,,,,,,,,,,,,,,,,,,,,,,
3574,100_9_17,126_35_35,123_5_5,124_5_5,153_12_15,812_27_27,,,,,,,,,,,,,,,,,,,,,,,,,,,,,,,,,,
3575,98_9_18,123_14_40,119_19_55,153_27_35,812_27_27,,,,,,,,,,,,,,,,,,,,,,,,,,,,,,,,,,,
3576,99_10_18,119_5_5,124_30_30,157_20_25,812_27_27,,,,,,,,,,,,,,,,,,,,,,,,,,,,,,,,,,,
3577,98_10_18,118_19_55,119_23_65,155_27_35,152_9_10,812_27_27,,,,,,,,,,,,,,,,,,,,,,,,,,,,,,,,,,
3578,98_9_17,126_45_45,153_12_15,812_28_28,,,,,,,,,,,,,,,,,,,,,,,,,,,,,,,,,,,,
3579,100_9_18,124_5_5,812_28_28,,,,,,,,,,,,,,,,,,,,,,,,,,,,,,,,,,,,,
3580,99_10_18,152_16_20,812_28_28,,,,,,,,,,,,,,,,,,,,,,,,,,,,,,,,,,,,,
3581,96_10_19,118_16_35,124_6_20,155_26_35,812_28_28,,,,,,,,,,,,,,,,,,,,,,,,,,,,,,,,,,,
3582,100_9_17,126_50_50,123_25_25,157_5_5,812_28_28,,,,,,,,,,,,,,,,,,,,,,,,,,,,,,,,,,,
3583,98_10_19,118_34_65,125_21_40,156_24_30,812_28_28,,,,,,,,,,,,,,,,,,,,,,,,,,,,,,,,,,,
3584,97_10_18,118_14_25,125_24_45,155_16_20,812_29_29,,,,,,,,,,,,,,,,,,,,,,,,,,,,,,,,,,,
3585,100_10_18,124_40_40,152_20_25,153_31_40,812_29_29,,,,,,,,,,,,,,,,,,,,,,,,,,,,,,,,,,,
3586,100_9_17,118_11_20,126_41_80,156_16_20,812_29_29,,,,,,,,,,,,,,,,,,,,,,,,,,,,,,,,,,,
3587,97_10_18,123_55_55,124_15_15,157_11_15,155_11_15,812_29_29,,,,,,,,,,,,,,,,,,,,,,,,,,,,,,,,,,
3588,97_10_19,125_41_80,157_31_40,155_1_5,812_29_29,,,,,,,,,,,,,,,,,,,,,,,,,,,,,,,,,,,
3589,100_10_19,126_40_40,123_40_40,119_20_20,157_21_30,812_29_29,,,,,,,,,,,,,,,,,,,,,,,,,,,,,,,,,,
3590,97_10_18,118_6_10,124_11_15,152_16_20,812_?_?,,,,,,,,,,,,,,,,,,,,,,,,,,,,,,,,,,,
3591,99_9_17,126_6_30,157_16_20,156_11_15,812_?_?,,,,,,,,,,,,,,,,,,,,,,,,,,,,,,,,,,,
3592,96_9_17,118_21_40,119_41_80,156_1_5,812_?_?,,,,,,,,,,,,,,,,,,,,,,,,,,,,,,,,,,,
3593,96_10_18,126_40_40,157_6_15,812_?_?,,,,,,,,,,,,,,,,,,,,,,,,,,,,,,,,,,,,
3594,98_10_19,124_40_40,157_36_45,812_?_?,,,,,,,,,,,,,,,,,,,,,,,,,,,,,,,,,,,,
3595,98_10_19,124_16_30,125_21_40,157_31_40,152_11_15,812_?_?,,,,,,,,,,,,,,,,,,,,,,,,,,,,,,,,,,
3596,98_10_18,118_35_35,119_41_75,156_71_90,812_?_?,,,,,,,,,,,,,,,,,,,,,,,,,,,,,,,,,,,
3597,100_10_20,118_11_35,123_11_30,156_11_15,153_11_15,812_?_?,,,,,,,,,,,,,,,,,,,,,,,,,,,,,,,,,,
3598,98_10_18,123_75_75,153_6_15,812_?_?,,,,,,,,,,,,,,,,,,,,,,,,,,,,,,,,,,,,
3599,100_11_20,124_21_40,157_21_40,155_21_40,812_?_?,,,,,,,,,,,,,,,,,,,,,,,,,,,,,,,,,,,
3600,99_10_18,126_21_60,125_30_30,157_21_40,152_16_20,812_?_?,,,,,,,,,,,,,,,,,,,,,,,,,,,,,,,,,,
3601,100_11_20,123_75_75,157_26_30,812_?_?,,,,,,,,,,,,,,,,,,,,,,,,,,,,,,,,,,,,
3602,100_10_18,124_10_10,125_45_45,157_21_40,812_?_?,,,,,,,,,,,,,,,,,,,,,,,,,,,,,,,,,,,
3603,98_10_18,118_75_75,126_20_20,123_10_10,153_31_40,812_?_?,,,,,,,,,,,,,,,,,,,,,,,,,,,,,,,,,,
3604,100_10_18,126_30_30,124_20_20,157_21_25,812_?_?,,,,,,,,,,,,,,,,,,,,,,,,,,,,,,,,,,,
3605,100_11_20,119_31_60,124_16_30,157_26_35,152_11_20,812_?_?,,,,,,,,,,,,,,,,,,,,,,,,,,,,,,,,,,
3606,98_10_20,119_6_25,124_21_25,152_26_35,812_?_?,,,,,,,,,,,,,,,,,,,,,,,,,,,,,,,,,,,
3607,98_10_19,118_45_45,123_60_60,155_11_15,812_?_?,,,,,,,,,,,,,,,,,,,,,,,,,,,,,,,,,,,
3608,100_10_20,126_26_50,123_26_50,119_5_5,157_21_25,812_?_?,,,,,,,,,,,,,,,,,,,,,,,,,,,,,,,,,,
3609,100_10_18,118_6_10,126_31_60,124_11_20,152_21_30,153_26_35,812_?_?,,,,,,,,,,,,,,,,,,,,,,,,,,,,,,,,,
3610,100_10_20,126_11_20,123_11_20,156_21_25,812_?_?,,,,,,,,,,,,,,,,,,,,,,,,,,,,,,,,,,,
3611,98_10_19,126_11_25,123_21_60,119_6_35,156_16_20,812_?_?,,,,,,,,,,,,,,,,,,,,,,,,,,,,,,,,,,
3612,99_11_20,123_55_55,124_30_30,157_81_105,812_?_?,,,,,,,,,,,,,,,,,,,,,,,,,,,,,,,,,,,
3613,99_10_19,118_31_60,126_11_20,119_16_30,125_11_20,156_6_15,812_?_?,,,,,,,,,,,,,,,,,,,,,,,,,,,,,,,,,
3614,100_11_20,118_1_50,124_6_20,812_?_?,,,,,,,,,,,,,,,,,,,,,,,,,,,,,,,,,,,,
3615,96_10_18,124_11_35,125_21_30,157_26_35,152_21_25,812_?_?,,,,,,,,,,,,,,,,,,,,,,,,,,,,,,,,,,
3616,100_10_18,118_21_60,123_11_30,125_11_30,156_26_35,812_?_?,,,,,,,,,,,,,,,,,,,,,,,,,,,,,,,,,,
3617,99_10_18,124_31_40,125_15_15,157_31_45,812_?_?,,,,,,,,,,,,,,,,,,,,,,,,,,,,,,,,,,,
3618,100_11_20,118_21_90,119_16_75,152_61_80,812_?_?,,,,,,,,,,,,,,,,,,,,,,,,,,,,,,,,,,,
3619,100_10_18,124_51_55,157_26_35,153_21_25,812_?_?,,,,,,,,,,,,,,,,,,,,,,,,,,,,,,,,,,,
3620,96_10_19,123_16_45,119_5_5,125_26_75,157_46_60,812_?_?,,,,,,,,,,,,,,,,,,,,,,,,,,,,,,,,,,
3621,97_10_19,126_85_85,119_70_70,152_46_60,812_?_?,,,,,,,,,,,,,,,,,,,,,,,,,,,,,,,,,,,
3622,100_10_18,119_55_55,124_25_25,157_11_20,812_?_?,,,,,,,,,,,,,,,,,,,,,,,,,,,,,,,,,,,
3623,96_10_19,123_31_60,155_26_40,812_?_?,,,,,,,,,,,,,,,,,,,,,,,,,,,,,,,,,,,,
3624,98_10_18,124_16_45,153_31_40,812_?_?,,,,,,,,,,,,,,,,,,,,,,,,,,,,,,,,,,,,
3625,98_11_20,126_11_50,119_21_80,124_5_5,157_101_120,812_?_?,,,,,,,,,,,,,,,,,,,,,,,,,,,,,,,,,,
3626,100_11_21,123_31_60,119_41_80,125_11_20,155_54_70,812_30_30,,,,,,,,,,,,,,,,,,,,,,,,,,,,,,,,,,
3627,98_11_21,124_11_40,155_31_40,812_28_28,,,,,,,,,,,,,,,,,,,,,,,,,,,,,,,,,,,,
3628,99_10_19,126_31_60,123_31_60,119_31_60,156_16_30,812_30_30,,,,,,,,,,,,,,,,,,,,,,,,,,,,,,,,,,
3629,100_11_21,126_16_35,124_11_30,152_46_50,812_30_30,,,,,,,,,,,,,,,,,,,,,,,,,,,,,,,,,,,
3630,98_10_19,119_5_5,124_21_40,152_16_20,812_30_30,,,,,,,,,,,,,,,,,,,,,,,,,,,,,,,,,,,
3631,100_11_20,126_31_60,119_26_50,124_6_10,153_41_45,812_30_30,,,,,,,,,,,,,,,,,,,,,,,,,,,,,,,,,,
3632,99_11_20,123_6_10,119_6_10,124_26_50,157_11_20,153_31_40,812_31_31,,,,,,,,,,,,,,,,,,,,,,,,,,,,,,,,,
3633,99_11_20,118_19_55,126_4_10,124_8_20,153_9_10,812_31_31,,,,,,,,,,,,,,,,,,,,,,,,,,,,,,,,,,
3634,97_10_19,119_25_25,124_20_20,153_31_40,812_31_31,,,,,,,,,,,,,,,,,,,,,,,,,,,,,,,,,,,
3635,100_11_20,118_16_30,125_46_90,152_101_105,812_31_31,,,,,,,,,,,,,,,,,,,,,,,,,,,,,,,,,,,
3636,98_11_21,124_6_15,125_26_75,157_31_40,812_31_31,,,,,,,,,,,,,,,,,,,,,,,,,,,,,,,,,,,
3637,99_10_19,124_21_40,157_11_20,152_26_35,812_31_31,,,,,,,,,,,,,,,,,,,,,,,,,,,,,,,,,,,
3638,97_11_15,118_21_85,126_11_40,812_32_32,,,,,,,,,,,,,,,,,,,,,,,,,,,,,,,,,,,,
3639,99_11_20,126_21_60,123_11_30,125_11_20,157_36_50,812_32_32,,,,,,,,,,,,,,,,,,,,,,,,,,,,,,,,,,
3640,98_11_20,119_26_50,124_11_20,157_11_20,155_11_20,812_32_32,,,,,,,,,,,,,,,,,,,,,,,,,,,,,,,,,,
3641,100_11_20,118_11_20,123_11_30,119_41_80,156_31_40,812_32_32,,,,,,,,,,,,,,,,,,,,,,,,,,,,,,,,,,
3642,100_11_20,126_80_80,123_40_40,156_16_20,157_51_100,812_?_?,,,,,,,,,,,,,,,,,,,,,,,,,,,,,,,,,,
3643,98_11_21,123_11_30,124_6_15,125_26_65,157_26_35,812_32_32,,,,,,,,,,,,,,,,,,,,,,,,,,,,,,,,,,
3644,100_10_19,123_11_20,119_31_60,124_21_40,155_31_40,153_26_30,812_33_33,,,,,,,,,,,,,,,,,,,,,,,,,,,,,,,,,
3645,100_10_19,124_26_30,125_81_100,157_76_100,812_33_33,,,,,,,,,,,,,,,,,,,,,,,,,,,,,,,,,,,
3646,98_11_21,126_11_20,123_11_20,119_11_60,157_31_40,812_33_33,,,,,,,,,,,,,,,,,,,,,,,,,,,,,,,,,,
3647,100_14_23,118_21_30,125_21_40,119_21_30,112_3_4,117_1_1,,,,,,,,,,,,,,,,,,,,,,,,,,,,,,,,,,
3648,100_15_22,125_21_40,124_16_25,119_21_40,115_3_4,138_6_10,174_101_200,,,,,,,,,,,,,,,,,,,,,,,,,,,,,,,,,
3649,118_21_40,119_21_30,123_21_30,112_4_6,176_6_10,240_3_5,244_3_5,100_6_9,98_6_9,,,,,,,,,,,,,,,,,,,,,,,,,,,,,,,
3650,98_11_20,95_3_4,118_21_40,119_21_40,112_6_10,176_11_15,212_6_10,213_6_10,,,,,,,,,,,,,,,,,,,,,,,,,,,,,,,,
3651,100_10_14,93_2_4,125_21_40,124_16_25,119_16_30,117_1_1,174_201_400,214_3_5,,,,,,,,,,,,,,,,,,,,,,,,,,,,,,,,
3652,100_16_30,124_21_35,126_31_50,119_21_40,115_6_10,138_6_10,176_6_10,212_3_5,,,,,,,,,,,,,,,,,,,,,,,,,,,,,,,,
3653,97_10_19,126_60_60,124_40_40,157_50_65,812_33_33,,,,,,,,,,,,,,,,,,,,,,,,,,,,,,,,,,,
3654,98_10_19,118_55_55,126_65_65,125_55_55,156_35_45,812_33_33,,,,,,,,,,,,,,,,,,,,,,,,,,,,,,,,,,
3655,100_11_20,118_27_105,119_5_5,125_5_5,152_50_65,812_33_33,,,,,,,,,,,,,,,,,,,,,,,,,,,,,,,,,,
3656,100_11_20,118_13_35,124_13_35,812_34_34,,,,,,,,,,,,,,,,,,,,,,,,,,,,,,,,,,,,
3657,98_10_19,118_85_85,123_35_35,125_65_65,156_39_50,812_34_34,,,,,,,,,,,,,,,,,,,,,,,,,,,,,,,,,,
3658,100_10_19,119_5_5,124_11_20,125_29_55,812_34_34,,,,,,,,,,,,,,,,,,,,,,,,,,,,,,,,,,,
3659,100_11_21,124_65_65,157_27_35,152_31_40,812_34_34,,,,,,,,,,,,,,,,,,,,,,,,,,,,,,,,,,,
3660,97_11_20,123_65_65,119_90_90,155_9_10,812_34_34,,,,,,,,,,,,,,,,,,,,,,,,,,,,,,,,,,,
3661,96_11_21,123_19_70,119_24_90,125_5_5,155_27_35,812_34_34,,,,,,,,,,,,,,,,,,,,,,,,,,,,,,,,,,
3662,100_11_20,119_95_95,125_55_55,157_12_15,812_35_35,,,,,,,,,,,,,,,,,,,,,,,,,,,,,,,,,,,
3663,100_11_20,124_20_20,153_35_45,812_35_35,,,,,,,,,,,,,,,,,,,,,,,,,,,,,,,,,,,,
3664,98_11_21,123_14_80,119_18_100,157_39_50,155_12_15,812_35_35,,,,,,,,,,,,,,,,,,,,,,,,,,,,,,,,,,
3665,97_12_22,125_90_90,157_5_5,812_35_35,,,,,,,,,,,,,,,,,,,,,,,,,,,,,,,,,,,,
3666,96_11_20,118_85_85,126_45_45,119_30_30,152_16_20,812_35_35,,,,,,,,,,,,,,,,,,,,,,,,,,,,,,,,,,
3667,96_12_22,123_19_70,125_19_70,155_16_20,156_27_35,812_35_35,,,,,,,,,,,,,,,,,,,,,,,,,,,,,,,,,,
3668,99_11_21,119_24_45,124_14_25,125_26_50,157_46_60,812_36_36,,,,,,,,,,,,,,,,,,,,,,,,,,,,,,,,,,
3669,100_12_22,126_26_50,119_34_65,125_14_25,152_20_25,812_36_36,,,,,,,,,,,,,,,,,,,,,,,,,,,,,,,,,,
3670,100_11_20,126_40_40,123_65_65,119_30_30,812_36_36,,,,,,,,,,,,,,,,,,,,,,,,,,,,,,,,,,,
3671,100_11_20,123_90_90,119_105_105,157_9_10,812_36_36,,,,,,,,,,,,,,,,,,,,,,,,,,,,,,,,,,,
3672,99_12_22,126_18_100,124_5_25,157_27_35,153_12_15,812_36_36,,,,,,,,,,,,,,,,,,,,,,,,,,,,,,,,,,
3673,97_11_20,126_11_20,119_21_40,124_26_50,157_31_40,153_5_5,812_36_36,,,,,,,,,,,,,,,,,,,,,,,,,,,,,,,,,
3674,100_11_21,118_28_80,123_9_25,119_31_90,155_5_5,812_37_37,,,,,,,,,,,,,,,,,,,,,,,,,,,,,,,,,,
3675,100_11_20,118_4_10,126_5_5,124_6_15,125_9_25,812_37_37,,,,,,,,,,,,,,,,,,,,,,,,,,,,,,,,,,
3676,100_12_22,118_18_100,126_8_40,124_3_10,153_12_15,812_37_37,,,,,,,,,,,,,,,,,,,,,,,,,,,,,,,,,,
3677,97_11_21,126_5_5,119_90_90,124_40_40,125_15_15,157_27_35,812_37_37,,,,,,,,,,,,,,,,,,,,,,,,,,,,,,,,,
3678,98_11_21,126_11_30,119_24_70,125_36_105,157_39_50,812_37_37,,,,,,,,,,,,,,,,,,,,,,,,,,,,,,,,,,
3679,99_11_20,118_29_55,124_21_40,812_37_37,,,,,,,,,,,,,,,,,,,,,,,,,,,,,,,,,,,,
3680,100_11_20,124_36_70,152_9_10,153_31_40,812_38_38,,,,,,,,,,,,,,,,,,,,,,,,,,,,,,,,,,,
3681,98_11_20,118_60_60,125_75_75,812_38_38,,,,,,,,,,,,,,,,,,,,,,,,,,,,,,,,,,,,
3682,98_11_21,123_5_5,124_19_55,125_13_35,157_27_35,812_38_38,,,,,,,,,,,,,,,,,,,,,,,,,,,,,,,,,,
3683,100_12_22,118_16_75,126_19_90,123_5_5,812_38_38,,,,,,,,,,,,,,,,,,,,,,,,,,,,,,,,,,,
3684,99_12_22,123_36_105,124_8_20,157_12_15,153_5_5,812_38_38,,,,,,,,,,,,,,,,,,,,,,,,,,,,,,,,,,
3685,98_12_22,118_16_30,126_24_45,123_44_85,156_42_55,812_38_38,,,,,,,,,,,,,,,,,,,,,,,,,,,,,,,,,,
3686,98_11_20,126_65_65,124_5_5,125_55_55,157_12_15,812_39_39,,,,,,,,,,,,,,,,,,,,,,,,,,,,,,,,,,
3687,97_11_20,123_50_50,119_100_100,155_27_35,153_20_25,812_39_39,,,,,,,,,,,,,,,,,,,,,,,,,,,,,,,,,,
3688,100_11_20,118_13_35,126_4_10,119_19_55,124_4_10,125_18_50,812_39_39,,,,,,,,,,,,,,,,,,,,,,,,,,,,,,,,,
3689,97_12_22,118_8_20,123_18_50,119_19_55,812_39_39,,,,,,,,,,,,,,,,,,,,,,,,,,,,,,,,,,,
3690,98_12_22,123_5_5,119_8_35,124_14_65,157_5_5,153_31_40,812_39_39,,,,,,,,,,,,,,,,,,,,,,,,,,,,,,,,,
3691,98_11_21,118_100_100,123_20_20,125_95_95,156_39_50,812_39_39,,,,,,,,,,,,,,,,,,,,,,,,,,,,,,,,,,
3692,99_12_22,123_16_45,119_26_75,124_4_10,157_16_20,153_27_35,812_?_?,,,,,,,,,,,,,,,,,,,,,,,,,,,,,,,,,
3693,99_11_21,118_18_50,119_5_5,124_18_50,125_5_5,152_20_25,812_?_?,,,,,,,,,,,,,,,,,,,,,,,,,,,,,,,,,
3694,97_11_21,125_40_40,156_31_40,812_?_?,,,,,,,,,,,,,,,,,,,,,,,,,,,,,,,,,,,,
3695,100_12_22,118_24_90,126_21_80,812_?_?,,,,,,,,,,,,,,,,,,,,,,,,,,,,,,,,,,,,
3696,97_12_22,126_49_95,123_14_25,812_?_?,,,,,,,,,,,,,,,,,,,,,,,,,,,,,,,,,,,,
3697,96_11_20,118_9_25,126_26_75,123_19_55,812_?_?,,,,,,,,,,,,,,,,,,,,,,,,,,,,,,,,,,,
3698,100_12_22,126_51_100,123_44_85,125_11_20,156_35_45,812_?_?,,,,,,,,,,,,,,,,,,,,,,,,,,,,,,,,,,
3699,98_11_20,126_21_80,119_15_55,124_5_15,157_12_15,812_?_?,,,,,,,,,,,,,,,,,,,,,,,,,,,,,,,,,,
3700,97_11_21,123_105_105,119_80_80,125_40_40,157_24_30,812_?_?,,,,,,,,,,,,,,,,,,,,,,,,,,,,,,,,,,
3701,100_12_23,126_100_100,123_40_40,125_70_70,157_84_110,812_?_?,,,,,,,,,,,,,,,,,,,,,,,,,,,,,,,,,,
3702,97_12_22,119_51_100,124_26_50,157_12_15,812_?_?,,,,,,,,,,,,,,,,,,,,,,,,,,,,,,,,,,,
3703,99_11_21,123_51_100,124_24_45,157_35_45,153_5_5,812_?_?,,,,,,,,,,,,,,,,,,,,,,,,,,,,,,,,,,
3704,100_11_21,118_27_105,126_25_95,812_?_?,,,,,,,,,,,,,,,,,,,,,,,,,,,,,,,,,,,,
3705,99_12_22,126_26_100,125_29_110,157_5_5,156_27_35,812_?_?,,,,,,,,,,,,,,,,,,,,,,,,,,,,,,,,,,
3706,96_12_22,126_13_35,123_26_75,119_23_65,157_5_5,812_?_?,,,,,,,,,,,,,,,,,,,,,,,,,,,,,,,,,,
3707,99_12_22,126_13_35,124_6_15,812_?_?,,,,,,,,,,,,,,,,,,,,,,,,,,,,,,,,,,,,
3708,100_12_23,123_75_75,119_45_45,125_85_85,157_50_65,812_?_?,,,,,,,,,,,,,,,,,,,,,,,,,,,,,,,,,,
3709,96_11_21,126_16_45,123_21_60,119_39_115,157_42_55,812_?_?,,,,,,,,,,,,,,,,,,,,,,,,,,,,,,,,,,
3710,99_11_21,126_19_55,125_34_100,157_12_15,152_20_25,812_?_?,,,,,,,,,,,,,,,,,,,,,,,,,,,,,,,,,,
3711,100_12_22,118_6_10,123_16_30,119_41_80,125_59_115,156_42_55,812_?_?,,,,,,,,,,,,,,,,,,,,,,,,,,,,,,,,,
3712,98_12_23,124_21_80,157_5_5,155_5_5,812_?_?,,,,,,,,,,,,,,,,,,,,,,,,,,,,,,,,,,,
3713,100_11_21,124_40_40,153_42_55,812_?_?,,,,,,,,,,,,,,,,,,,,,,,,,,,,,,,,,,,,
3714,100_12_23,123_21_40,119_51_100,124_11_20,125_31_60,157_27_35,812_?_?,,,,,,,,,,,,,,,,,,,,,,,,,,,,,,,,,
3715,100_11_21,119_70_70,125_110_110,152_24_30,156_24_30,812_?_?,,,,,,,,,,,,,,,,,,,,,,,,,,,,,,,,,,
3716,97_12_22,118_9_25,126_34_100,119_5_5,124_11_30,812_?_?,,,,,,,,,,,,,,,,,,,,,,,,,,,,,,,,,,
3717,96_11_21,118_24_70,123_31_90,119_4_10,125_13_35,812_?_?,,,,,,,,,,,,,,,,,,,,,,,,,,,,,,,,,,
3718,99_12_22,123_75_75,119_80_80,153_16_20,812_?_?,,,,,,,,,,,,,,,,,,,,,,,,,,,,,,,,,,,
3719,98_11_21,123_70_70,125_95_95,157_20_25,156_16_20,812_?_?,,,,,,,,,,,,,,,,,,,,,,,,,,,,,,,,,,
3720,98_12_22,124_18_50,125_39_115,157_46_60,155_24_30,812_?_?,,,,,,,,,,,,,,,,,,,,,,,,,,,,,,,,,,
3721,97_12_23,126_100_100,123_105_105,157_12_15,156_12_15,812_?_?,,,,,,,,,,,,,,,,,,,,,,,,,,,,,,,,,,
3722,99_12_22,124_36_70,125_31_60,155_24_30,152_12_15,812_?_?,,,,,,,,,,,,,,,,,,,,,,,,,,,,,,,,,,
3723,99_11_21,124_95_95,155_42_55,153_20_25,812_?_?,,,,,,,,,,,,,,,,,,,,,,,,,,,,,,,,,,,
3724,98_11_21,118_23_65,123_4_10,119_31_90,125_34_100,155_20_25,812_?_?,,,,,,,,,,,,,,,,,,,,,,,,,,,,,,,,,
3725,100_11_21,118_28_80,123_18_50,119_39_115,153_27_35,812_?_?,,,,,,,,,,,,,,,,,,,,,,,,,,,,,,,,,,
3726,99_12_23,126_4_10,123_29_85,119_5_5,125_31_90,812_?_?,,,,,,,,,,,,,,,,,,,,,,,,,,,,,,,,,,
3727,99_12_23,118_26_100,126_7_25,124_6_20,125_7_25,812_?_?,,,,,,,,,,,,,,,,,,,,,,,,,,,,,,,,,,
3728,100_11_21,123_54_105,124_19_35,125_24_45,155_16_20,812_40_40,,,,,,,,,,,,,,,,,,,,,,,,,,,,,,,,,,
3729,98_12_23,124_33_95,157_72_95,812_40_40,,,,,,,,,,,,,,,,,,,,,,,,,,,,,,,,,,,,
3730,97_11_21,126_15_15,123_95_95,119_125_125,156_12_15,812_40_40,,,,,,,,,,,,,,,,,,,,,,,,,,,,,,,,,,
3731,98_11_21,118_110_110,123_25_25,125_50_50,812_40_40,,,,,,,,,,,,,,,,,,,,,,,,,,,,,,,,,,,
3732,100_11_21,118_26_100,123_19_70,125_21_80,156_27_35,812_40_40,,,,,,,,,,,,,,,,,,,,,,,,,,,,,,,,,,
3733,100_11_21,118_13_60,124_11_50,125_14_65,155_16_20,812_40_40,,,,,,,,,,,,,,,,,,,,,,,,,,,,,,,,,,
3734,98_12_23,118_39_115,119_9_25,155_42_55,812_41_41,,,,,,,,,,,,,,,,,,,,,,,,,,,,,,,,,,,
3735,100_12_22,126_40_40,119_5_5,124_20_20,125_95_95,157_42_55,812_41_41,,,,,,,,,,,,,,,,,,,,,,,,,,,,,,,,,
3736,100_12_23,118_23_110,119_5_5,155_12_15,812_41_41,,,,,,,,,,,,,,,,,,,,,,,,,,,,,,,,,,,
3737,98_12_22,118_4_10,119_30_115,125_9_30,812_41_41,,,,,,,,,,,,,,,,,,,,,,,,,,,,,,,,,,,
3738,99_13_24,119_19_70,124_17_65,157_5_5,812_41_41,,,,,,,,,,,,,,,,,,,,,,,,,,,,,,,,,,,
3739,96_12_23,126_26_100,123_21_80,124_6_20,157_69_90,812_41_41,,,,,,,,,,,,,,,,,,,,,,,,,,,,,,,,,,
3740,100_12_22,123_95_95,124_40_40,125_5_5,157_5_5,812_42_42,,,,,,,,,,,,,,,,,,,,,,,,,,,,,,,,,,
3741,97_13_24,126_19_35,123_51_100,119_11_20,124_19_35,157_5_5,153_46_60,812_42_42,,,,,,,,,,,,,,,,,,,,,,,,,,,,,,,,
3742,100_12_22,118_32_125,126_26_100,119_11_40,152_46_60,153_5_5,812_42_42,,,,,,,,,,,,,,,,,,,,,,,,,,,,,,,,,
3743,98_13_24,118_10_75,119_17_130,124_7_50,152_69_90,812_42_42,,,,,,,,,,,,,,,,,,,,,,,,,,,,,,,,,,
3744,98_12_23,118_7_25,126_26_100,119_26_100,124_5_5,812_42_42,,,,,,,,,,,,,,,,,,,,,,,,,,,,,,,,,,
3745,97_12_22,126_26_50,124_14_25,125_46_90,812_42_42,,,,,,,,,,,,,,,,,,,,,,,,,,,,,,,,,,,
3746,100_12_23,118_24_45,119_5_5,125_51_100,156_16_20,812_43_43,,,,,,,,,,,,,,,,,,,,,,,,,,,,,,,,,,
3747,100_12_22,118_18_50,123_34_100,119_34_100,125_16_45,155_5_5,156_42_55,812_43_43,,,,,,,,,,,,,,,,,,,,,,,,,,,,,,,,
3748,98_12_23,124_41_80,157_46_60,812_43_43,,,,,,,,,,,,,,,,,,,,,,,,,,,,,,,,,,,,
3749,99_12_22,123_51_100,119_5_5,124_14_25,153_24_30,812_43_43,,,,,,,,,,,,,,,,,,,,,,,,,,,,,,,,,,
3750,98_13_24,118_13_35,124_9_25,125_34_100,812_43_43,,,,,,,,,,,,,,,,,,,,,,,,,,,,,,,,,,,
3751,98_13_24,124_31_90,125_16_45,157_31_40,155_42_55,812_43_43,,,,,,,,,,,,,,,,,,,,,,,,,,,,,,,,,,
3752,99_13_24,126_25_120,119_14_65,125_9_40,152_42_55,812_44_44,,,,,,,,,,,,,,,,,,,,,,,,,,,,,,,,,,
3753,98_13_24,123_21_100,124_11_50,153_54_70,812_44_44,,,,,,,,,,,,,,,,,,,,,,,,,,,,,,,,,,,
3754,99_13_24,126_22_105,119_9_40,124_5_5,157_27_35,812_44_44,,,,,,,,,,,,,,,,,,,,,,,,,,,,,,,,,,
3755,98_12_22,126_5_20,119_15_70,124_17_80,157_9_10,812_44_44,,,,,,,,,,,,,,,,,,,,,,,,,,,,,,,,,,
3756,99_12_23,118_51_100,126_11_20,152_5_5,812_44_44,,,,,,,,,,,,,,,,,,,,,,,,,,,,,,,,,,,
3757,98_13_24,118_11_50,126_21_100,119_21_100,125_9_40,152_9_10,812_44_44,,,,,,,,,,,,,,,,,,,,,,,,,,,,,,,,,
3758,100_13_24,126_135_135,125_65_65,157_5_5,156_27_35,812_45_45,,,,,,,,,,,,,,,,,,,,,,,,,,,,,,,,,,
3759,96_12_22,118_15_15,126_100_100,125_130_130,812_45_45,,,,,,,,,,,,,,,,,,,,,,,,,,,,,,,,,,,
3760,100_12_23,118_5_5,126_70_70,123_10_10,125_100_100,156_31_40,812_45_45,,,,,,,,,,,,,,,,,,,,,,,,,,,,,,,,,
3761,100_12_23,126_11_30,124_21_85,157_46_60,812_45_45,,,,,,,,,,,,,,,,,,,,,,,,,,,,,,,,,,,
3762,100_13_24,126_14_25,119_24_45,124_24_45,125_34_65,157_46_60,812_45_45,,,,,,,,,,,,,,,,,,,,,,,,,,,,,,,,,
3763,98_12_22,126_34_100,123_46_135,119_18_50,157_54_70,812_45_45,,,,,,,,,,,,,,,,,,,,,,,,,,,,,,,,,,
3764,100_12_22,126_16_30,124_36_70,125_51_100,157_80_105,812_46_46,,,,,,,,,,,,,,,,,,,,,,,,,,,,,,,,,,
3765,99_12_23,118_16_60,126_36_140,119_19_70,156_46_60,812_46_46,,,,,,,,,,,,,,,,,,,,,,,,,,,,,,,,,,
3766,98_13_24,126_6_30,119_9_50,124_15_85,125_3_10,157_42_55,812_46_46,,,,,,,,,,,,,,,,,,,,,,,,,,,,,,,,,
3767,99_12_23,123_31_90,124_28_80,157_27_35,812_46_46,,,,,,,,,,,,,,,,,,,,,,,,,,,,,,,,,,,
3768,96_12_23,126_7_25,124_26_100,157_9_10,153_16_20,812_46_46,,,,,,,,,,,,,,,,,,,,,,,,,,,,,,,,,,
3769,98_13_24,126_5_20,119_17_80,124_10_45,153_5_5,812_46_46,,,,,,,,,,,,,,,,,,,,,,,,,,,,,,,,,,
3770,97_12_22,118_21_40,126_44_85,123_36_70,119_56_110,153_12_15,812_47_47,,,,,,,,,,,,,,,,,,,,,,,,,,,,,,,,,
3771,100_12_22,126_41_80,119_51_100,124_19_35,125_5_5,812_47_47,,,,,,,,,,,,,,,,,,,,,,,,,,,,,,,,,,
3772,99_13_24,126_8_40,124_18_100,152_20_25,153_39_50,812_47_47,,,,,,,,,,,,,,,,,,,,,,,,,,,,,,,,,,
3773,99_12_23,118_12_45,119_6_20,124_26_100,153_31_40,812_47_47,,,,,,,,,,,,,,,,,,,,,,,,,,,,,,,,,,
3774,98_13_24,126_5_5,119_14_100,124_8_55,125_6_40,812_47_47,,,,,,,,,,,,,,,,,,,,,,,,,,,,,,,,,,
3775,100_12_22,123_135_135,119_45_45,125_35_35,157_9_10,155_5_5,812_47_47,,,,,,,,,,,,,,,,,,,,,,,,,,,,,,,,,
3776,98_13_24,118_6_25,119_12_55,124_13_60,125_18_85,152_5_5,812_48_48,,,,,,,,,,,,,,,,,,,,,,,,,,,,,,,,,
3777,98_13_25,118_16_30,126_71_140,152_35_45,812_48_48,,,,,,,,,,,,,,,,,,,,,,,,,,,,,,,,,,,
3778,98_12_23,126_51_100,124_24_45,125_49_95,152_42_55,812_48_48,,,,,,,,,,,,,,,,,,,,,,,,,,,,,,,,,,
3779,100_12_23,118_26_100,126_6_20,123_26_100,125_21_80,812_48_48,,,,,,,,,,,,,,,,,,,,,,,,,,,,,,,,,,
3780,99_13_25,124_14_40,125_31_90,152_27_35,812_48_48,,,,,,,,,,,,,,,,,,,,,,,,,,,,,,,,,,,
3781,100_12_23,118_23_65,126_26_75,123_24_70,119_34_100,153_50_65,812_48_48,,,,,,,,,,,,,,,,,,,,,,,,,,,,,,,,,
3782,97_12_23,126_44_85,124_29_55,125_29_55,157_16_20,812_49_49,,,,,,,,,,,,,,,,,,,,,,,,,,,,,,,,,,
3783,100_13_25,119_64_125,125_51_100,157_16_20,812_49_49,,,,,,,,,,,,,,,,,,,,,,,,,,,,,,,,,,,
3784,96_13_25,118_26_100,124_21_80,155_5_5,812_49_49,,,,,,,,,,,,,,,,,,,,,,,,,,,,,,,,,,,
3785,98_13_25,118_11_40,126_11_40,123_26_105,119_21_100,812_49_49,,,,,,,,,,,,,,,,,,,,,,,,,,,,,,,,,,
3786,96_12_23,118_6_20,126_11_50,123_26_125,124_6_30,812_49_49,,,,,,,,,,,,,,,,,,,,,,,,,,,,,,,,,,
3787,96_12_23,118_35_35,126_80_80,119_100_100,156_1_10,812_49_49,,,,,,,,,,,,,,,,,,,,,,,,,,,,,,,,,,
3788,98_12_23,118_19_55,126_9_25,124_26_75,125_16_45,152_24_30,812_?_?,,,,,,,,,,,,,,,,,,,,,,,,,,,,,,,,,
3789,99_12_23,118_51_100,126_21_40,123_14_25,119_21_40,125_36_70,812_?_?,,,,,,,,,,,,,,,,,,,,,,,,,,,,,,,,,
3790,100_13_24,118_21_60,126_26_80,125_11_30,152_51_65,812_?_?,,,,,,,,,,,,,,,,,,,,,,,,,,,,,,,,,,
3791,99_14_26,126_11_60,123_11_45,119_16_55,124_11_40,153_91_120,812_?_?,,,,,,,,,,,,,,,,,,,,,,,,,,,,,,,,,
3792,100_16_20,126_151_200,157_151_200,812_?_?,,,,,,,,,,,,,,,,,,,,,,,,,,,,,,,,,,,,
3793,100_13_25,119_61_120,124_31_90,157_16_20,155_46_60,812_?_?,,,,,,,,,,,,,,,,,,,,,,,,,,,,,,,,,,
3794,99_12_23,119_11_40,124_26_100,125_6_15,812_?_?,,,,,,,,,,,,,,,,,,,,,,,,,,,,,,,,,,,
3795,100_13_25,123_26_75,124_16_45,812_?_?,,,,,,,,,,,,,,,,,,,,,,,,,,,,,,,,,,,,
3796,100_13_25,118_26_95,123_11_35,119_26_100,156_21_25,812_?_?,,,,,,,,,,,,,,,,,,,,,,,,,,,,,,,,,,
3797,100_13_24,118_51_60,124_11_70,152_31_40,812_?_?,,,,,,,,,,,,,,,,,,,,,,,,,,,,,,,,,,,
3798,98_12_23,118_26_100,124_26_100,153_101_110,812_?_?,,,,,,,,,,,,,,,,,,,,,,,,,,,,,,,,,,,
3799,100_16_20,124_31_40,152_61_90,812_?_?,,,,,,,,,,,,,,,,,,,,,,,,,,,,,,,,,,,,
3800,100_13_24,126_41_80,119_31_60,124_16_30,152_36_50,812_?_?,,,,,,,,,,,,,,,,,,,,,,,,,,,,,,,,,,
3801,98_13_25,126_11_90,119_11_90,125_11_90,812_50_50,,,,,,,,,,,,,,,,,,,,,,,,,,,,,,,,,,,
3802,100_12_23,118_26_150,124_16_90,152_51_65,153_51_65,812_46_46,,,,,,,,,,,,,,,,,,,,,,,,,,,,,,,,,,
3803,96_6_9,812_?_?,,,,,,,,,,,,,,,,,,,,,,,,,,,,,,,,,,,,,,
3804,99_3_6,126_5_5,119_5_5,812_?_?,,,,,,,,,,,,,,,,,,,,,,,,,,,,,,,,,,,,
3805,96_4_7,123_5_5,812_?_?,,,,,,,,,,,,,,,,,,,,,,,,,,,,,,,,,,,,,
3806,99_3_6,124_5_5,125_5_5,154_1_5,812_?_?,,,,,,,,,,,,,,,,,,,,,,,,,,,,,,,,,,,
3807,98_5_7,123_10_10,812_?_?,,,,,,,,,,,,,,,,,,,,,,,,,,,,,,,,,,,,,
3808,99_3_8,126_5_5,123_5_5,812_?_?,,,,,,,,,,,,,,,,,,,,,,,,,,,,,,,,,,,,
3809,99_3_9,126_10_10,812_?_?,,,,,,,,,,,,,,,,,,,,,,,,,,,,,,,,,,,,,
3810,100_6_7,118_5_5,812_?_?,,,,,,,,,,,,,,,,,,,,,,,,,,,,,,,,,,,,,
3811,99_5_7,119_11_20,153_6_10,812_?_?,,,,,,,,,,,,,,,,,,,,,,,,,,,,,,,,,,,,
3812,97_5_7,125_6_10,812_?_?,,,,,,,,,,,,,,,,,,,,,,,,,,,,,,,,,,,,,
3813,99_4_8,126_6_15,157_5_5,812_?_?,,,,,,,,,,,,,,,,,,,,,,,,,,,,,,,,,,,,
3814,100_2_8,118_26_30,812_?_?,,,,,,,,,,,,,,,,,,,,,,,,,,,,,,,,,,,,,
3815,98_3_9,119_6_15,812_?_?,,,,,,,,,,,,,,,,,,,,,,,,,,,,,,,,,,,,,
3816,99_3_8,118_10_10,119_10_10,153_1_10,812_?_?,,,,,,,,,,,,,,,,,,,,,,,,,,,,,,,,,,,
3817,98_6_7,119_11_15,153_6_10,812_?_?,,,,,,,,,,,,,,,,,,,,,,,,,,,,,,,,,,,,
3818,98_6_8,119_10_10,812_?_?,,,,,,,,,,,,,,,,,,,,,,,,,,,,,,,,,,,,,
3819,97_8_12,812_14_14,,,,,,,,,,,,,,,,,,,,,,,,,,,,,,,,,,,,,,
3820,100_6_10,118_16_20,154_5_5,812_?_?,,,,,,,,,,,,,,,,,,,,,,,,,,,,,,,,,,,,
3821,99_3_8,125_6_20,154_1_5,812_?_?,,,,,,,,,,,,,,,,,,,,,,,,,,,,,,,,,,,,
3822,100_5_8,124_6_15,812_?_?,,,,,,,,,,,,,,,,,,,,,,,,,,,,,,,,,,,,,
3823,100_4_9,118_5_5,119_5_5,125_5_5,812_?_?,,,,,,,,,,,,,,,,,,,,,,,,,,,,,,,,,,,
3824,100_4_8,125_16_20,154_1_5,812_?_?,,,,,,,,,,,,,,,,,,,,,,,,,,,,,,,,,,,,
3825,96_6_9,125_6_10,812_?_?,,,,,,,,,,,,,,,,,,,,,,,,,,,,,,,,,,,,,
3826,100_6_9,123_5_5,125_5_5,812_?_?,,,,,,,,,,,,,,,,,,,,,,,,,,,,,,,,,,,,
3827,100_5_9,126_5_5,125_6_15,812_?_?,,,,,,,,,,,,,,,,,,,,,,,,,,,,,,,,,,,,
3828,99_8_14,812_19_19,,,,,,,,,,,,,,,,,,,,,,,,,,,,,,,,,,,,,,
3829,100_4_10,118_4_10,156_1_5,812_?_?,,,,,,,,,,,,,,,,,,,,,,,,,,,,,,,,,,,,
3830,100_5_9,119_5_5,812_?_?,,,,,,,,,,,,,,,,,,,,,,,,,,,,,,,,,,,,,
3831,100_4_9,123_11_30,157_6_10,154_46_50,812_?_?,,,,,,,,,,,,,,,,,,,,,,,,,,,,,,,,,,,
3832,99_7_10,126_5_5,812_?_?,,,,,,,,,,,,,,,,,,,,,,,,,,,,,,,,,,,,,
3833,96_5_11,123_6_10,812_?_?,,,,,,,,,,,,,,,,,,,,,,,,,,,,,,,,,,,,,
3834,100_7_9,124_6_10,812_?_?,,,,,,,,,,,,,,,,,,,,,,,,,,,,,,,,,,,,,
3835,96_5_11,124_6_10,812_?_?,,,,,,,,,,,,,,,,,,,,,,,,,,,,,,,,,,,,,
3836,97_3_10,126_5_5,119_5_5,812_?_?,,,,,,,,,,,,,,,,,,,,,,,,,,,,,,,,,,,,
3837,99_8_10,126_6_10,154_1_5,812_?_?,,,,,,,,,,,,,,,,,,,,,,,,,,,,,,,,,,,,
3838,98_6_10,123_5_5,812_?_?,,,,,,,,,,,,,,,,,,,,,,,,,,,,,,,,,,,,,
3839,97_3_11,126_5_5,123_5_5,154_1_5,812_?_?,,,,,,,,,,,,,,,,,,,,,,,,,,,,,,,,,,,
3840,98_6_10,124_6_20,152_16_20,812_?_?,,,,,,,,,,,,,,,,,,,,,,,,,,,,,,,,,,,,
3841,99_7_9,126_6_20,153_1_5,812_?_?,,,,,,,,,,,,,,,,,,,,,,,,,,,,,,,,,,,,
3842,97_7_11,125_6_30,812_?_?,,,,,,,,,,,,,,,,,,,,,,,,,,,,,,,,,,,,,
3843,96_6_12,118_5_5,124_6_15,154_11_15,812_?_?,,,,,,,,,,,,,,,,,,,,,,,,,,,,,,,,,,,
3844,100_4_11,118_10_10,123_5_5,812_?_?,,,,,,,,,,,,,,,,,,,,,,,,,,,,,,,,,,,,
3845,97_9_12,118_16_25,812_?_?,,,,,,,,,,,,,,,,,,,,,,,,,,,,,,,,,,,,,
3846,98_8_10,119_6_35,812_?_?,,,,,,,,,,,,,,,,,,,,,,,,,,,,,,,,,,,,,
3847,100_5_11,123_11_35,153_5_5,812_?_?,,,,,,,,,,,,,,,,,,,,,,,,,,,,,,,,,,,,
3848,99_9_12,119_6_40,812_?_?,,,,,,,,,,,,,,,,,,,,,,,,,,,,,,,,,,,,,
3849,99_9_18,812_14_14,,,,,,,,,,,,,,,,,,,,,,,,,,,,,,,,,,,,,,
3850,97_4_12,118_11_35,812_?_?,,,,,,,,,,,,,,,,,,,,,,,,,,,,,,,,,,,,,
3851,100_8_10,118_9_20,812_?_?,,,,,,,,,,,,,,,,,,,,,,,,,,,,,,,,,,,,,
3852,96_5_10,125_10_10,156_6_10,812_?_?,,,,,,,,,,,,,,,,,,,,,,,,,,,,,,,,,,,,
3853,98_5_11,119_5_5,153_9_10,812_?_?,,,,,,,,,,,,,,,,,,,,,,,,,,,,,,,,,,,,
3854,97_8_14,118_1_15,153_1_5,812_?_?,,,,,,,,,,,,,,,,,,,,,,,,,,,,,,,,,,,,
3855,97_6_12,124_1_5,812_?_?,,,,,,,,,,,,,,,,,,,,,,,,,,,,,,,,,,,,,
3856,100_13_20,812_?_?,,,,,,,,,,,,,,,,,,,,,,,,,,,,,,,,,,,,,,
3857,98_5_11,124_6_10,812_?_?,,,,,,,,,,,,,,,,,,,,,,,,,,,,,,,,,,,,,
3858,97_6_11,812_?_?,,,,,,,,,,,,,,,,,,,,,,,,,,,,,,,,,,,,,,
3859,99_6_12,125_5_5,152_6_10,812_?_?,,,,,,,,,,,,,,,,,,,,,,,,,,,,,,,,,,,,
3860,100_8_13,118_5_5,152_1_5,154_9_10,812_?_?,,,,,,,,,,,,,,,,,,,,,,,,,,,,,,,,,,,
3861,98_6_12,126_5_5,157_9_10,812_?_?,,,,,,,,,,,,,,,,,,,,,,,,,,,,,,,,,,,,
3862,99_7_11,125_36_50,156_6_10,812_?_?,,,,,,,,,,,,,,,,,,,,,,,,,,,,,,,,,,,,
3863,99_4_11,118_5_5,119_10_10,156_9_10,812_?_?,,,,,,,,,,,,,,,,,,,,,,,,,,,,,,,,,,,
3864,97_10_13,118_1_10,812_?_?,,,,,,,,,,,,,,,,,,,,,,,,,,,,,,,,,,,,,
3865,97_10_13,123_21_25,812_?_?,,,,,,,,,,,,,,,,,,,,,,,,,,,,,,,,,,,,,
3866,99_5_11,124_5_5,812_?_?,,,,,,,,,,,,,,,,,,,,,,,,,,,,,,,,,,,,,
3867,99_8_15,126_36_40,157_11_15,812_?_?,,,,,,,,,,,,,,,,,,,,,,,,,,,,,,,,,,,,
3868,99_5_11,118_16_30,154_6_10,812_?_?,,,,,,,,,,,,,,,,,,,,,,,,,,,,,,,,,,,,
3869,100_9_12,123_5_5,119_5_5,157_9_10,153_5_5,812_?_?,,,,,,,,,,,,,,,,,,,,,,,,,,,,,,,,,,
3870,100_9_11,124_6_10,812_?_?,,,,,,,,,,,,,,,,,,,,,,,,,,,,,,,,,,,,,
3871,100_11_12,119_8_20,812_?_?,,,,,,,,,,,,,,,,,,,,,,,,,,,,,,,,,,,,,
3872,97_10_12,126_25_25,119_25_25,153_16_25,812_?_?,,,,,,,,,,,,,,,,,,,,,,,,,,,,,,,,,,,
3873,96_4_12,123_6_25,812_?_?,,,,,,,,,,,,,,,,,,,,,,,,,,,,,,,,,,,,,
3874,100_6_12,119_26_55,152_26_30,812_?_?,,,,,,,,,,,,,,,,,,,,,,,,,,,,,,,,,,,,
3875,99_6_14,126_5_5,124_5_5,812_?_?,,,,,,,,,,,,,,,,,,,,,,,,,,,,,,,,,,,,
3876,99_9_12,126_6_45,153_6_15,812_?_?,,,,,,,,,,,,,,,,,,,,,,,,,,,,,,,,,,,,
3877,99_10_13,125_6_40,156_5_5,812_?_?,,,,,,,,,,,,,,,,,,,,,,,,,,,,,,,,,,,,
3878,98_7_12,125_16_35,156_21_25,812_10_10,,,,,,,,,,,,,,,,,,,,,,,,,,,,,,,,,,,,
3879,99_11_12,126_6_20,152_11_15,812_10_10,,,,,,,,,,,,,,,,,,,,,,,,,,,,,,,,,,,,
3880,97_8_12,119_21_30,812_10_10,,,,,,,,,,,,,,,,,,,,,,,,,,,,,,,,,,,,,
3881,100_8_12,126_11_30,812_10_10,,,,,,,,,,,,,,,,,,,,,,,,,,,,,,,,,,,,,
3882,98_7_13,119_16_30,153_11_15,812_10_10,,,,,,,,,,,,,,,,,,,,,,,,,,,,,,,,,,,,
3883,100_10_13,124_11_15,812_10_10,,,,,,,,,,,,,,,,,,,,,,,,,,,,,,,,,,,,,
3884,99_6_12,126_16_20,812_11_11,,,,,,,,,,,,,,,,,,,,,,,,,,,,,,,,,,,,,
3885,96_11_15,123_16_20,812_11_11,,,,,,,,,,,,,,,,,,,,,,,,,,,,,,,,,,,,,
3886,99_10_15,126_6_10,153_6_10,812_11_11,,,,,,,,,,,,,,,,,,,,,,,,,,,,,,,,,,,,
3887,98_10_12,119_16_30,153_10_10,812_11_11,,,,,,,,,,,,,,,,,,,,,,,,,,,,,,,,,,,,
3888,97_9_13,123_5_5,124_15_15,153_26_35,812_11_11,,,,,,,,,,,,,,,,,,,,,,,,,,,,,,,,,,,
3889,99_11_14,126_6_30,156_11_15,812_11_11,,,,,,,,,,,,,,,,,,,,,,,,,,,,,,,,,,,,
3890,97_7_15,119_6_55,812_12_12,,,,,,,,,,,,,,,,,,,,,,,,,,,,,,,,,,,,,
3891,99_12_14,125_26_50,157_26_50,812_12_12,,,,,,,,,,,,,,,,,,,,,,,,,,,,,,,,,,,,
3892,99_9_13,126_26_50,157_51_75,812_12_12,,,,,,,,,,,,,,,,,,,,,,,,,,,,,,,,,,,,
3893,99_7_15,118_5_5,126_6_20,152_11_15,812_12_12,,,,,,,,,,,,,,,,,,,,,,,,,,,,,,,,,,,
3894,97_12_16,124_11_20,812_12_12,,,,,,,,,,,,,,,,,,,,,,,,,,,,,,,,,,,,,
3895,96_8_15,123_16_30,812_12_12,,,,,,,,,,,,,,,,,,,,,,,,,,,,,,,,,,,,,
3896,98_10_14,119_6_30,152_11_15,812_13_13,,,,,,,,,,,,,,,,,,,,,,,,,,,,,,,,,,,,
3897,99_10_13,118_6_30,126_6_30,154_11_15,153_11_15,812_13_13,,,,,,,,,,,,,,,,,,,,,,,,,,,,,,,,,,
3898,100_13_14,118_11_35,812_13_13,,,,,,,,,,,,,,,,,,,,,,,,,,,,,,,,,,,,,
3899,99_5_13,126_6_20,157_11_15,812_13_13,,,,,,,,,,,,,,,,,,,,,,,,,,,,,,,,,,,,
3900,99_13_14,126_6_10,125_6_10,156_11_15,812_13_13,,,,,,,,,,,,,,,,,,,,,,,,,,,,,,,,,,,
3901,99_9_14,124_6_20,153_11_15,812_13_13,,,,,,,,,,,,,,,,,,,,,,,,,,,,,,,,,,,,
3902,99_8_14,125_6_10,124_6_10,812_14_14,,,,,,,,,,,,,,,,,,,,,,,,,,,,,,,,,,,,
3903,97_5_13,118_6_30,812_14_14,,,,,,,,,,,,,,,,,,,,,,,,,,,,,,,,,,,,,
3904,99_13_21,812_14_14,,,,,,,,,,,,,,,,,,,,,,,,,,,,,,,,,,,,,,
3905,99_11_13,126_36_40,156_16_20,812_14_14,,,,,,,,,,,,,,,,,,,,,,,,,,,,,,,,,,,,
3906,99_8_14,125_6_30,812_14_14,,,,,,,,,,,,,,,,,,,,,,,,,,,,,,,,,,,,,
3907,97_7_12,124_16_25,812_14_14,,,,,,,,,,,,,,,,,,,,,,,,,,,,,,,,,,,,,
3908,99_7_14,126_1_60,154_6_10,812_?_?,,,,,,,,,,,,,,,,,,,,,,,,,,,,,,,,,,,,
3909,100_9_15,125_6_40,152_16_20,812_15_15,,,,,,,,,,,,,,,,,,,,,,,,,,,,,,,,,,,,
3910,96_17_26,812_15_15,,,,,,,,,,,,,,,,,,,,,,,,,,,,,,,,,,,,,,
3911,97_7_15,126_11_50,156_1_5,812_15_15,,,,,,,,,,,,,,,,,,,,,,,,,,,,,,,,,,,,
3912,100_6_16,118_11_15,123_10_10,812_15_15,,,,,,,,,,,,,,,,,,,,,,,,,,,,,,,,,,,,
3913,100_11_13,125_16_60,812_15_15,,,,,,,,,,,,,,,,,,,,,,,,,,,,,,,,,,,,,
3914,100_6_14,126_16_40,812_16_16,,,,,,,,,,,,,,,,,,,,,,,,,,,,,,,,,,,,,
3915,99_7_14,126_26_50,156_11_15,812_16_16,,,,,,,,,,,,,,,,,,,,,,,,,,,,,,,,,,,,
3916,99_10_16,124_6_30,152_11_15,812_16_16,,,,,,,,,,,,,,,,,,,,,,,,,,,,,,,,,,,,
3917,100_9_16,126_11_45,153_36_50,812_16_16,,,,,,,,,,,,,,,,,,,,,,,,,,,,,,,,,,,,
3918,98_12_18,119_11_25,812_16_16,,,,,,,,,,,,,,,,,,,,,,,,,,,,,,,,,,,,,
3919,99_7_14,118_35_35,119_35_35,156_16_20,153_16_20,812_16_16,,,,,,,,,,,,,,,,,,,,,,,,,,,,,,,,,,
3920,100_10_15,126_6_40,153_16_20,812_17_17,,,,,,,,,,,,,,,,,,,,,,,,,,,,,,,,,,,,
3921,96_8_14,123_11_35,156_1_5,812_17_17,,,,,,,,,,,,,,,,,,,,,,,,,,,,,,,,,,,,
3922,97_12_14,126_11_15,812_17_17,,,,,,,,,,,,,,,,,,,,,,,,,,,,,,,,,,,,,
3923,99_11_16,118_6_30,119_6_30,153_16_20,812_17_17,,,,,,,,,,,,,,,,,,,,,,,,,,,,,,,,,,,
3924,99_13_14,126_16_20,812_17_17,,,,,,,,,,,,,,,,,,,,,,,,,,,,,,,,,,,,,
3925,99_11_15,126_6_25,153_11_15,812_17_17,,,,,,,,,,,,,,,,,,,,,,,,,,,,,,,,,,,,
3926,99_9_15,123_10_10,125_11_30,156_6_10,812_18_18,,,,,,,,,,,,,,,,,,,,,,,,,,,,,,,,,,,
3927,99_7_17,124_31_40,812_18_18,,,,,,,,,,,,,,,,,,,,,,,,,,,,,,,,,,,,,
3928,100_10_15,118_6_40,153_11_15,812_18_18,,,,,,,,,,,,,,,,,,,,,,,,,,,,,,,,,,,,
3929,99_9_15,126_11_40,154_11_15,812_18_18,,,,,,,,,,,,,,,,,,,,,,,,,,,,,,,,,,,,
3930,100_6_16,119_16_35,153_6_10,812_18_18,,,,,,,,,,,,,,,,,,,,,,,,,,,,,,,,,,,,
3931,99_12_15,118_10_10,119_11_15,153_11_15,812_18_18,,,,,,,,,,,,,,,,,,,,,,,,,,,,,,,,,,,
3932,97_6_17,118_35_35,125_10_10,154_16_20,156_6_10,812_19_19,,,,,,,,,,,,,,,,,,,,,,,,,,,,,,,,,,
3933,100_11_17,118_11_30,156_5_5,812_19_19,,,,,,,,,,,,,,,,,,,,,,,,,,,,,,,,,,,,
3934,98_8_16,118_15_15,153_16_20,812_19_19,,,,,,,,,,,,,,,,,,,,,,,,,,,,,,,,,,,,
3935,100_14_26,812_19_19,,,,,,,,,,,,,,,,,,,,,,,,,,,,,,,,,,,,,,
3936,97_14_17,119_21_25,118_21_25,812_19_19,,,,,,,,,,,,,,,,,,,,,,,,,,,,,,,,,,,,
3937,100_12_17,123_11_40,154_21_30,812_19_19,,,,,,,,,,,,,,,,,,,,,,,,,,,,,,,,,,,,
3938,97_8_15,119_16_35,153_31_40,812_?_?,,,,,,,,,,,,,,,,,,,,,,,,,,,,,,,,,,,,
3939,99_10_17,126_1_50,154_11_15,812_?_?,,,,,,,,,,,,,,,,,,,,,,,,,,,,,,,,,,,,
3940,99_8_15,126_31_35,153_30_30,812_?_?,,,,,,,,,,,,,,,,,,,,,,,,,,,,,,,,,,,,
3941,96_14_17,126_10_10,123_31_35,156_6_10,812_?_?,,,,,,,,,,,,,,,,,,,,,,,,,,,,,,,,,,,
3942,99_13_17,124_6_20,126_6_20,812_?_?,,,,,,,,,,,,,,,,,,,,,,,,,,,,,,,,,,,,
3943,99_14_16,126_26_50,812_?_?,,,,,,,,,,,,,,,,,,,,,,,,,,,,,,,,,,,,,
3944,100_13_15,118_6_30,119_6_30,153_16_20,812_?_?,,,,,,,,,,,,,,,,,,,,,,,,,,,,,,,,,,,
3945,98_10_16,119_16_30,156_6_10,812_?_?,,,,,,,,,,,,,,,,,,,,,,,,,,,,,,,,,,,,
3946,100_8_15,124_16_30,157_26_40,812_?_?,,,,,,,,,,,,,,,,,,,,,,,,,,,,,,,,,,,,
3947,97_9_17,126_31_35,119_31_35,156_5_5,812_?_?,,,,,,,,,,,,,,,,,,,,,,,,,,,,,,,,,,,
3948,99_8_13,126_50_50,812_?_?,,,,,,,,,,,,,,,,,,,,,,,,,,,,,,,,,,,,,
3949,99_9_15,124_11_25,153_26_35,812_?_?,,,,,,,,,,,,,,,,,,,,,,,,,,,,,,,,,,,,
3950,99_13_18,126_11_40,156_6_10,812_?_?,,,,,,,,,,,,,,,,,,,,,,,,,,,,,,,,,,,,
3951,99_11_18,126_31_35,153_26_30,812_?_?,,,,,,,,,,,,,,,,,,,,,,,,,,,,,,,,,,,,
3952,99_13_18,119_26_90,157_16_20,812_?_?,,,,,,,,,,,,,,,,,,,,,,,,,,,,,,,,,,,,
3953,97_14_16,118_21_45,153_11_15,812_?_?,,,,,,,,,,,,,,,,,,,,,,,,,,,,,,,,,,,,
3954,99_8_18,126_31_40,123_10_10,157_26_30,812_?_?,,,,,,,,,,,,,,,,,,,,,,,,,,,,,,,,,,,
3955,97_13_17,118_5_5,124_6_15,154_11_15,153_21_25,812_?_?,,,,,,,,,,,,,,,,,,,,,,,,,,,,,,,,,,
3956,99_13_16,126_36_40,153_11_15,812_?_?,,,,,,,,,,,,,,,,,,,,,,,,,,,,,,,,,,,,
3957,99_8_17,125_21_40,156_11_15,812_?_?,,,,,,,,,,,,,,,,,,,,,,,,,,,,,,,,,,,,
3958,100_13_16,124_21_30,812_?_?,,,,,,,,,,,,,,,,,,,,,,,,,,,,,,,,,,,,,
3959,100_14_22,118_11_20,812_?_?,,,,,,,,,,,,,,,,,,,,,,,,,,,,,,,,,,,,,
3960,98_14_17,118_10_10,119_21_45,156_6_10,153_16_20,812_?_?,,,,,,,,,,,,,,,,,,,,,,,,,,,,,,,,,,
3961,100_8_17,126_6_55,156_31_40,812_?_?,,,,,,,,,,,,,,,,,,,,,,,,,,,,,,,,,,,,
3962,97_8_17,126_25_25,125_26_60,156_21_25,812_?_?,,,,,,,,,,,,,,,,,,,,,,,,,,,,,,,,,,,
3963,99_11_18,124_25_25,157_11_15,152_11_15,812_?_?,,,,,,,,,,,,,,,,,,,,,,,,,,,,,,,,,,,
3964,100_10_18,126_16_50,153_16_20,812_?_?,,,,,,,,,,,,,,,,,,,,,,,,,,,,,,,,,,,,
3965,100_9_18,124_11_15,812_?_?,,,,,,,,,,,,,,,,,,,,,,,,,,,,,,,,,,,,,
3966,98_11_18,124_11_40,152_21_25,153_21_25,812_?_?,,,,,,,,,,,,,,,,,,,,,,,,,,,,,,,,,,,
3967,99_15_18,126_11_45,157_16_20,152_26_35,812_?_?,,,,,,,,,,,,,,,,,,,,,,,,,,,,,,,,,,,
3968,97_8_17,125_21_60,157_16_20,812_?_?,,,,,,,,,,,,,,,,,,,,,,,,,,,,,,,,,,,,
3969,97_9_17,126_10_10,157_21_25,812_?_?,,,,,,,,,,,,,,,,,,,,,,,,,,,,,,,,,,,,
3970,97_15_18,118_31_35,152_16_20,812_?_?,,,,,,,,,,,,,,,,,,,,,,,,,,,,,,,,,,,,
3971,96_14_17,124_16_30,152_11_15,812_?_?,,,,,,,,,,,,,,,,,,,,,,,,,,,,,,,,,,,,
3972,97_10_18,125_21_55,152_21_25,812_?_?,,,,,,,,,,,,,,,,,,,,,,,,,,,,,,,,,,,,
3973,96_11_19,118_20_20,119_20_20,152_6_10,812_?_?,,,,,,,,,,,,,,,,,,,,,,,,,,,,,,,,,,,
3974,99_13_19,126_16_40,157_16_20,153_11_15,812_20_20,,,,,,,,,,,,,,,,,,,,,,,,,,,,,,,,,,,
3975,99_9_18,126_16_40,153_6_10,812_20_20,,,,,,,,,,,,,,,,,,,,,,,,,,,,,,,,,,,,
3976,100_8_18,125_11_40,152_21_25,812_20_20,,,,,,,,,,,,,,,,,,,,,,,,,,,,,,,,,,,,
3977,100_10_18,126_26_30,812_20_20,,,,,,,,,,,,,,,,,,,,,,,,,,,,,,,,,,,,,
3978,97_12_18,126_16_45,153_31_40,812_20_20,,,,,,,,,,,,,,,,,,,,,,,,,,,,,,,,,,,,
3979,97_13_18,123_16_20,812_20_20,,,,,,,,,,,,,,,,,,,,,,,,,,,,,,,,,,,,,
3980,97_14_17,125_41_45,152_36_45,812_21_21,,,,,,,,,,,,,,,,,,,,,,,,,,,,,,,,,,,,
3981,97_8_18,125_21_45,812_21_21,,,,,,,,,,,,,,,,,,,,,,,,,,,,,,,,,,,,,
3982,99_14_19,125_21_35,152_21_25,812_21_21,,,,,,,,,,,,,,,,,,,,,,,,,,,,,,,,,,,,
3983,99_14_17,124_6_15,812_21_21,,,,,,,,,,,,,,,,,,,,,,,,,,,,,,,,,,,,,
3984,100_14_21,125_36_40,812_21_21,,,,,,,,,,,,,,,,,,,,,,,,,,,,,,,,,,,,,
3985,96_14_18,123_11_55,125_25_25,156_46_60,812_21_21,,,,,,,,,,,,,,,,,,,,,,,,,,,,,,,,,,,
3986,99_13_24,812_?_?,,,,,,,,,,,,,,,,,,,,,,,,,,,,,,,,,,,,,,
3987,99_14_19,118_51_60,812_22_22,,,,,,,,,,,,,,,,,,,,,,,,,,,,,,,,,,,,,
3988,100_11_19,119_21_60,156_1_5,812_22_22,,,,,,,,,,,,,,,,,,,,,,,,,,,,,,,,,,,,
3989,100_10_17,126_30_30,153_42_55,812_22_22,,,,,,,,,,,,,,,,,,,,,,,,,,,,,,,,,,,,
3990,100_8_19,119_30_30,152_12_15,812_22_22,,,,,,,,,,,,,,,,,,,,,,,,,,,,,,,,,,,,
3991,99_11_19,126_20_20,119_5_5,157_9_10,156_16_20,812_22_22,,,,,,,,,,,,,,,,,,,,,,,,,,,,,,,,,,
3992,99_8_17,123_10_10,119_5_5,812_23_23,,,,,,,,,,,,,,,,,,,,,,,,,,,,,,,,,,,,
3993,100_13_19,125_21_100,156_21_25,812_23_23,,,,,,,,,,,,,,,,,,,,,,,,,,,,,,,,,,,,
3994,98_14_18,119_11_25,812_23_23,,,,,,,,,,,,,,,,,,,,,,,,,,,,,,,,,,,,,
3995,97_13_19,126_16_25,152_11_15,812_23_23,,,,,,,,,,,,,,,,,,,,,,,,,,,,,,,,,,,,
3996,100_12_19,123_26_50,157_26_30,812_23_23,,,,,,,,,,,,,,,,,,,,,,,,,,,,,,,,,,,,
3997,97_9_18,118_10_10,124_10_10,812_23_23,,,,,,,,,,,,,,,,,,,,,,,,,,,,,,,,,,,,
3998,98_14_20,118_10_10,125_10_10,124_10_10,812_24_24,,,,,,,,,,,,,,,,,,,,,,,,,,,,,,,,,,,
3999,96_14_19,123_11_45,153_16_20,812_24_24,,,,,,,,,,,,,,,,,,,,,,,,,,,,,,,,,,,,
4000,99_9_19,126_16_50,812_24_24,,,,,,,,,,,,,,,,,,,,,,,,,,,,,,,,,,,,,
4001,98_10_19,125_10_10,152_12_15,812_24_24,,,,,,,,,,,,,,,,,,,,,,,,,,,,,,,,,,,,
4002,96_12_19,125_21_50,152_11_15,812_24_24,,,,,,,,,,,,,,,,,,,,,,,,,,,,,,,,,,,,
4003,96_14_18,126_16_20,125_16_20,812_24_24,,,,,,,,,,,,,,,,,,,,,,,,,,,,,,,,,,,,
4004,97_15_18,118_26_50,153_26_30,812_25_25,,,,,,,,,,,,,,,,,,,,,,,,,,,,,,,,,,,,
4005,98_13_19,124_31_45,157_16_20,154_16_20,812_25_25,,,,,,,,,,,,,,,,,,,,,,,,,,,,,,,,,,,
4006,99_9_18,119_6_30,124_6_30,152_11_15,812_25_25,,,,,,,,,,,,,,,,,,,,,,,,,,,,,,,,,,,
4007,99_10_20,124_10_10,153_39_50,812_25_25,,,,,,,,,,,,,,,,,,,,,,,,,,,,,,,,,,,,
4008,99_11_19,119_51_60,156_11_15,812_25_25,,,,,,,,,,,,,,,,,,,,,,,,,,,,,,,,,,,,
4009,97_15_19,119_30_30,156_24_30,153_24_30,812_25_25,,,,,,,,,,,,,,,,,,,,,,,,,,,,,,,,,,,
4010,98_12_20,124_11_35,119_11_15,812_26_26,,,,,,,,,,,,,,,,,,,,,,,,,,,,,,,,,,,,
4011,100_14_20,125_36_45,812_26_26,,,,,,,,,,,,,,,,,,,,,,,,,,,,,,,,,,,,,
4012,97_10_18,126_35_35,119_35_35,153_16_20,812_26_26,,,,,,,,,,,,,,,,,,,,,,,,,,,,,,,,,,,
4013,99_14_20,118_15_15,812_26_26,,,,,,,,,,,,,,,,,,,,,,,,,,,,,,,,,,,,,
4014,99_14_19,119_20_20,812_26_26,,,,,,,,,,,,,,,,,,,,,,,,,,,,,,,,,,,,,
4015,96_9_18,118_35_35,126_30_30,812_26_26,,,,,,,,,,,,,,,,,,,,,,,,,,,,,,,,,,,,
4016,99_10_19,119_50_50,157_11_15,812_27_27,,,,,,,,,,,,,,,,,,,,,,,,,,,,,,,,,,,,
4017,100_12_18,118_41_45,812_27_27,,,,,,,,,,,,,,,,,,,,,,,,,,,,,,,,,,,,,
4018,97_13_18,118_15_15,126_25_25,153_16_20,812_27_27,,,,,,,,,,,,,,,,,,,,,,,,,,,,,,,,,,,
4019,97_9_19,118_10_10,119_60_60,153_41_55,812_27_27,,,,,,,,,,,,,,,,,,,,,,,,,,,,,,,,,,,
4020,96_11_18,118_5_5,123_35_35,153_16_30,812_27_27,,,,,,,,,,,,,,,,,,,,,,,,,,,,,,,,,,,
4021,97_13_21,124_15_15,812_27_27,,,,,,,,,,,,,,,,,,,,,,,,,,,,,,,,,,,,,
4022,98_9_20,119_20_20,125_16_20,812_28_28,,,,,,,,,,,,,,,,,,,,,,,,,,,,,,,,,,,,
4023,100_15_19,118_21_30,812_28_28,,,,,,,,,,,,,,,,,,,,,,,,,,,,,,,,,,,,,
4024,100_16_20,119_21_45,812_28_28,,,,,,,,,,,,,,,,,,,,,,,,,,,,,,,,,,,,,
4025,99_12_20,126_55_55,153_11_15,812_28_28,,,,,,,,,,,,,,,,,,,,,,,,,,,,,,,,,,,,
4026,98_11_20,126_10_10,119_35_35,812_28_28,,,,,,,,,,,,,,,,,,,,,,,,,,,,,,,,,,,,
4027,97_15_20,123_26_60,153_11_15,812_28_28,,,,,,,,,,,,,,,,,,,,,,,,,,,,,,,,,,,,
4028,99_11_19,126_36_40,812_29_29,,,,,,,,,,,,,,,,,,,,,,,,,,,,,,,,,,,,,
4029,97_13_21,812_29_29,,,,,,,,,,,,,,,,,,,,,,,,,,,,,,,,,,,,,,
4030,100_15_21,124_16_20,812_29_29,,,,,,,,,,,,,,,,,,,,,,,,,,,,,,,,,,,,,
4031,98_14_25,812_29_29,,,,,,,,,,,,,,,,,,,,,,,,,,,,,,,,,,,,,,
4032,96_11_19,125_26_60,812_29_29,,,,,,,,,,,,,,,,,,,,,,,,,,,,,,,,,,,,,
4033,97_12_21,119_46_50,157_26_30,152_11_15,812_29_29,,,,,,,,,,,,,,,,,,,,,,,,,,,,,,,,,,,
4034,100_11_19,125_26_35,154_11_15,812_?_?,,,,,,,,,,,,,,,,,,,,,,,,,,,,,,,,,,,,
4035,98_12_19,119_16_50,156_6_10,812_?_?,,,,,,,,,,,,,,,,,,,,,,,,,,,,,,,,,,,,
4036,98_12_21,124_16_20,125_5_5,152_26_35,812_?_?,,,,,,,,,,,,,,,,,,,,,,,,,,,,,,,,,,,
4037,96_16_20,123_5_5,153_20_25,812_?_?,,,,,,,,,,,,,,,,,,,,,,,,,,,,,,,,,,,,
4038,99_14_20,123_15_15,812_?_?,,,,,,,,,,,,,,,,,,,,,,,,,,,,,,,,,,,,,
4039,99_11_19,126_5_5,119_55_55,156_16_20,812_?_?,,,,,,,,,,,,,,,,,,,,,,,,,,,,,,,,,,,
4040,98_16_20,126_20_20,154_21_25,812_?_?,,,,,,,,,,,,,,,,,,,,,,,,,,,,,,,,,,,,
4041,97_11_21,125_35_35,157_26_35,812_?_?,,,,,,,,,,,,,,,,,,,,,,,,,,,,,,,,,,,,
4042,100_16_20,118_35_35,153_46_60,812_?_?,,,,,,,,,,,,,,,,,,,,,,,,,,,,,,,,,,,,
4043,100_12_19,118_15_15,125_15_15,812_?_?,,,,,,,,,,,,,,,,,,,,,,,,,,,,,,,,,,,,
4044,99_13_19,124_15_15,152_21_25,812_?_?,,,,,,,,,,,,,,,,,,,,,,,,,,,,,,,,,,,,
4045,97_15_21,124_11_25,118_11_25,812_?_?,,,,,,,,,,,,,,,,,,,,,,,,,,,,,,,,,,,,
4046,96_14_20,118_10_10,126_26_30,153_16_20,812_?_?,,,,,,,,,,,,,,,,,,,,,,,,,,,,,,,,,,,
4047,100_10_20,123_41_45,153_11_15,812_?_?,,,,,,,,,,,,,,,,,,,,,,,,,,,,,,,,,,,,
4048,99_12_21,118_30_30,119_5_5,152_20_25,812_?_?,,,,,,,,,,,,,,,,,,,,,,,,,,,,,,,,,,,
4049,99_14_19,123_30_30,153_16_20,812_?_?,,,,,,,,,,,,,,,,,,,,,,,,,,,,,,,,,,,,
4050,96_10_19,123_31_35,157_26_35,812_?_?,,,,,,,,,,,,,,,,,,,,,,,,,,,,,,,,,,,,
4051,99_16_20,118_20_20,119_20_20,153_31_40,812_?_?,,,,,,,,,,,,,,,,,,,,,,,,,,,,,,,,,,,
4052,100_12_20,119_36_45,153_16_20,812_?_?,,,,,,,,,,,,,,,,,,,,,,,,,,,,,,,,,,,,
4053,98_11_20,119_36_70,125_11_20,157_86_110,812_?_?,,,,,,,,,,,,,,,,,,,,,,,,,,,,,,,,,,,
4054,97_11_20,126_25_25,125_25_25,156_1_5,812_?_?,,,,,,,,,,,,,,,,,,,,,,,,,,,,,,,,,,,
4055,100_14_20,124_16_20,812_?_?,,,,,,,,,,,,,,,,,,,,,,,,,,,,,,,,,,,,,
4056,100_16_20,126_25_25,152_9_10,156_5_5,812_?_?,,,,,,,,,,,,,,,,,,,,,,,,,,,,,,,,,,,
4057,99_16_21,119_40_40,157_16_20,156_5_5,812_?_?,,,,,,,,,,,,,,,,,,,,,,,,,,,,,,,,,,,
4058,97_15_22,118_35_35,152_16_20,153_16_20,812_?_?,,,,,,,,,,,,,,,,,,,,,,,,,,,,,,,,,,,
4059,99_11_21,123_30_30,119_10_10,812_?_?,,,,,,,,,,,,,,,,,,,,,,,,,,,,,,,,,,,,
4060,97_15_21,123_20_20,153_31_40,812_?_?,,,,,,,,,,,,,,,,,,,,,,,,,,,,,,,,,,,,
4061,98_11_20,124_31_55,153_61_80,812_?_?,,,,,,,,,,,,,,,,,,,,,,,,,,,,,,,,,,,,
4062,99_12_21,124_20_20,152_51_65,812_?_?,,,,,,,,,,,,,,,,,,,,,,,,,,,,,,,,,,,,
4063,100_11_21,119_21_35,812_?_?,,,,,,,,,,,,,,,,,,,,,,,,,,,,,,,,,,,,,
4064,99_11_21,126_40_40,119_5_5,812_?_?,,,,,,,,,,,,,,,,,,,,,,,,,,,,,,,,,,,,
4065,98_16_21,124_10_10,152_11_20,153_5_5,812_?_?,,,,,,,,,,,,,,,,,,,,,,,,,,,,,,,,,,,
4066,97_13_22,123_30_30,119_6_10,812_?_?,,,,,,,,,,,,,,,,,,,,,,,,,,,,,,,,,,,,
4067,99_15_20,125_40_40,157_26_35,812_?_?,,,,,,,,,,,,,,,,,,,,,,,,,,,,,,,,,,,,
4068,99_15_21,119_10_10,124_10_10,153_11_15,812_?_?,,,,,,,,,,,,,,,,,,,,,,,,,,,,,,,,,,,
4069,96_15_21,118_45_45,154_21_25,812_?_?,,,,,,,,,,,,,,,,,,,,,,,,,,,,,,,,,,,,
4070,100_13_21,118_75_75,153_61_80,812_30_30,,,,,,,,,,,,,,,,,,,,,,,,,,,,,,,,,,,,
4071,99_14_21,126_36_40,812_30_30,,,,,,,,,,,,,,,,,,,,,,,,,,,,,,,,,,,,,
4072,100_15_20,118_6_50,812_30_30,,,,,,,,,,,,,,,,,,,,,,,,,,,,,,,,,,,,,
4073,97_11_22,124_15_15,812_30_30,,,,,,,,,,,,,,,,,,,,,,,,,,,,,,,,,,,,,
4074,97_13_20,123_30_30,812_30_30,,,,,,,,,,,,,,,,,,,,,,,,,,,,,,,,,,,,,
4075,99_11_22,123_10_10,119_25_25,812_30_30,,,,,,,,,,,,,,,,,,,,,,,,,,,,,,,,,,,,
4076,96_11_21,123_26_50,812_31_31,,,,,,,,,,,,,,,,,,,,,,,,,,,,,,,,,,,,,
4077,96_15_20,123_46_50,153_31_40,812_31_31,,,,,,,,,,,,,,,,,,,,,,,,,,,,,,,,,,,,
4078,97_16_22,124_16_20,153_16_20,812_31_31,,,,,,,,,,,,,,,,,,,,,,,,,,,,,,,,,,,,
4079,100_14_21,123_15_15,119_25_25,812_31_31,,,,,,,,,,,,,,,,,,,,,,,,,,,,,,,,,,,,
4080,99_12_23,125_36_40,812_31_31,,,,,,,,,,,,,,,,,,,,,,,,,,,,,,,,,,,,,
4081,97_14_22,123_36_45,812_31_31,,,,,,,,,,,,,,,,,,,,,,,,,,,,,,,,,,,,,
4082,97_14_23,118_5_5,123_5_5,125_11_20,812_32_32,,,,,,,,,,,,,,,,,,,,,,,,,,,,,,,,,,,
4083,100_17_23,118_11_30,119_11_30,156_5_5,812_32_32,,,,,,,,,,,,,,,,,,,,,,,,,,,,,,,,,,,
4084,99_16_22,126_36_50,124_10_10,152_36_45,812_32_32,,,,,,,,,,,,,,,,,,,,,,,,,,,,,,,,,,,
4085,96_17_23,119_40_40,123_31_40,812_32_32,,,,,,,,,,,,,,,,,,,,,,,,,,,,,,,,,,,,
4086,98_12_21,119_21_60,124_6_15,157_36_45,153_26_35,812_32_32,,,,,,,,,,,,,,,,,,,,,,,,,,,,,,,,,,
4087,100_15_22,118_45_45,152_24_30,812_32_32,,,,,,,,,,,,,,,,,,,,,,,,,,,,,,,,,,,,
4088,99_15_21,118_46_50,119_35_35,153_31_40,812_33_33,,,,,,,,,,,,,,,,,,,,,,,,,,,,,,,,,,,
4089,96_12_21,124_11_20,154_5_5,153_5_5,812_33_33,,,,,,,,,,,,,,,,,,,,,,,,,,,,,,,,,,,
4090,99_13_21,119_16_20,156_16_20,153_21_30,812_33_33,,,,,,,,,,,,,,,,,,,,,,,,,,,,,,,,,,,
4091,100_16_22,126_26_30,119_35_35,157_26_35,812_33_33,,,,,,,,,,,,,,,,,,,,,,,,,,,,,,,,,,,
4092,98_13_21,126_50_50,152_11_15,156_11_15,812_33_33,,,,,,,,,,,,,,,,,,,,,,,,,,,,,,,,,,,
4093,99_15_23,152_20_25,812_33_33,,,,,,,,,,,,,,,,,,,,,,,,,,,,,,,,,,,,,
4094,99_17_22,126_40_40,154_39_50,812_34_34,,,,,,,,,,,,,,,,,,,,,,,,,,,,,,,,,,,,
4095,98_13_21,118_65_65,152_5_5,153_27_35,812_34_34,,,,,,,,,,,,,,,,,,,,,,,,,,,,,,,,,,,
4096,100_15_22,126_20_20,125_25_25,154_20_25,812_34_34,,,,,,,,,,,,,,,,,,,,,,,,,,,,,,,,,,,
4097,97_16_23,123_35_35,154_20_25,812_34_34,,,,,,,,,,,,,,,,,,,,,,,,,,,,,,,,,,,,
4098,99_17_22,124_20_20,154_24_30,153_24_30,812_34_34,,,,,,,,,,,,,,,,,,,,,,,,,,,,,,,,,,,
4099,97_13_22,123_20_20,119_90_90,156_39_50,153_9_10,812_34_34,,,,,,,,,,,,,,,,,,,,,,,,,,,,,,,,,,
4100,100_16_21,126_25_25,124_10_10,152_9_10,153_31_40,812_35_35,,,,,,,,,,,,,,,,,,,,,,,,,,,,,,,,,,
4101,100_13_21,118_31_60,152_39_50,812_35_35,,,,,,,,,,,,,,,,,,,,,,,,,,,,,,,,,,,,
4102,99_17_22,126_45_45,154_31_40,153_5_5,812_35_35,,,,,,,,,,,,,,,,,,,,,,,,,,,,,,,,,,,
4103,100_15_22,153_5_5,812_35_35,,,,,,,,,,,,,,,,,,,,,,,,,,,,,,,,,,,,,
4104,99_14_22,126_5_5,123_50_50,157_9_10,154_27_35,812_35_35,,,,,,,,,,,,,,,,,,,,,,,,,,,,,,,,,,
4105,97_14_22,126_60_60,154_12_15,156_20_25,812_35_35,,,,,,,,,,,,,,,,,,,,,,,,,,,,,,,,,,,
4106,98_16_23,119_24_90,157_16_20,156_24_30,812_36_36,,,,,,,,,,,,,,,,,,,,,,,,,,,,,,,,,,,
4107,97_14_22,126_5_5,124_20_20,153_20_25,812_36_36,,,,,,,,,,,,,,,,,,,,,,,,,,,,,,,,,,,
4108,98_12_22,123_80_80,154_87_115,812_36_36,,,,,,,,,,,,,,,,,,,,,,,,,,,,,,,,,,,,
4109,97_15_22,126_65_65,157_31_40,152_35_45,812_36_36,,,,,,,,,,,,,,,,,,,,,,,,,,,,,,,,,,,
4110,98_12_22,119_35_35,125_45_45,157_42_55,812_36_36,,,,,,,,,,,,,,,,,,,,,,,,,,,,,,,,,,,
4111,97_17_23,125_25_25,152_16_20,812_36_36,,,,,,,,,,,,,,,,,,,,,,,,,,,,,,,,,,,,
4112,99_15_24,123_30_30,153_35_45,812_37_37,,,,,,,,,,,,,,,,,,,,,,,,,,,,,,,,,,,,
4113,97_15_24,118_5_5,124_20_20,152_24_30,812_37_37,,,,,,,,,,,,,,,,,,,,,,,,,,,,,,,,,,,
4114,97_17_22,126_35_35,124_15_15,154_102_135,812_37_37,,,,,,,,,,,,,,,,,,,,,,,,,,,,,,,,,,,
4115,100_17_22,126_5_5,119_80_80,152_27_35,153_16_20,812_37_37,,,,,,,,,,,,,,,,,,,,,,,,,,,,,,,,,,
4116,98_16_22,124_25_25,153_35_45,812_37_37,,,,,,,,,,,,,,,,,,,,,,,,,,,,,,,,,,,,
4117,98_13_22,118_90_90,156_16_20,153_24_30,812_37_37,,,,,,,,,,,,,,,,,,,,,,,,,,,,,,,,,,,
4118,99_13_24,123_25_25,156_27_35,812_38_38,,,,,,,,,,,,,,,,,,,,,,,,,,,,,,,,,,,,
4119,100_15_24,126_50_50,119_30_30,152_39_50,153_42_55,812_38_38,,,,,,,,,,,,,,,,,,,,,,,,,,,,,,,,,,
4120,100_17_23,126_40_40,123_5_5,153_20_25,812_38_38,,,,,,,,,,,,,,,,,,,,,,,,,,,,,,,,,,,
4121,96_12_22,119_15_15,125_35_35,812_38_38,,,,,,,,,,,,,,,,,,,,,,,,,,,,,,,,,,,,
4122,99_16_23,126_23_65,154_5_5,156_27_35,812_38_38,,,,,,,,,,,,,,,,,,,,,,,,,,,,,,,,,,,
4123,98_14_23,125_85_85,157_42_55,156_31_40,812_38_38,,,,,,,,,,,,,,,,,,,,,,,,,,,,,,,,,,,
4124,100_13_22,118_6_10,123_26_50,812_39_39,,,,,,,,,,,,,,,,,,,,,,,,,,,,,,,,,,,,
4125,97_16_23,126_20_20,124_10_10,157_16_20,812_39_39,,,,,,,,,,,,,,,,,,,,,,,,,,,,,,,,,,,
4126,97_14_23,126_55_55,154_20_25,812_39_39,,,,,,,,,,,,,,,,,,,,,,,,,,,,,,,,,,,,
4127,97_13_23,126_75_75,157_42_55,153_20_25,812_39_39,,,,,,,,,,,,,,,,,,,,,,,,,,,,,,,,,,,
4128,98_12_22,118_85_85,125_10_10,152_5_5,154_27_35,812_39_39,,,,,,,,,,,,,,,,,,,,,,,,,,,,,,,,,,
4129,98_12_22,118_24_45,123_19_35,119_16_30,156_16_20,153_35_45,812_39_39,,,,,,,,,,,,,,,,,,,,,,,,,,,,,,,,,
4130,99_18_24,118_50_50,156_39_50,812_?_?,,,,,,,,,,,,,,,,,,,,,,,,,,,,,,,,,,,,
4131,97_18_24,126_55_55,119_5_5,156_12_15,153_31_40,812_?_?,,,,,,,,,,,,,,,,,,,,,,,,,,,,,,,,,,
4132,97_13_24,123_10_10,119_85_85,124_5_5,157_16_20,153_24_30,812_?_?,,,,,,,,,,,,,,,,,,,,,,,,,,,,,,,,,
4133,100_16_23,124_30_30,153_57_75,812_?_?,,,,,,,,,,,,,,,,,,,,,,,,,,,,,,,,,,,,
4134,99_17_24,123_55_55,124_5_5,157_57_75,812_?_?,,,,,,,,,,,,,,,,,,,,,,,,,,,,,,,,,,,
4135,99_15_24,125_45_45,157_35_45,812_?_?,,,,,,,,,,,,,,,,,,,,,,,,,,,,,,,,,,,,
4136,97_17_22,126_25_25,125_10_10,152_16_20,812_?_?,,,,,,,,,,,,,,,,,,,,,,,,,,,,,,,,,,,
4137,99_15_24,125_85_85,152_27_35,156_39_50,812_?_?,,,,,,,,,,,,,,,,,,,,,,,,,,,,,,,,,,,
4138,100_15_22,118_29_85,119_5_5,152_9_10,153_16_20,812_?_?,,,,,,,,,,,,,,,,,,,,,,,,,,,,,,,,,,
4139,97_12_23,123_40_40,124_5_5,153_9_10,812_?_?,,,,,,,,,,,,,,,,,,,,,,,,,,,,,,,,,,,
4140,97_15_24,118_14_40,123_6_15,154_9_10,812_?_?,,,,,,,,,,,,,,,,,,,,,,,,,,,,,,,,,,,
4141,99_16_22,126_6_10,123_31_60,153_31_40,812_?_?,,,,,,,,,,,,,,,,,,,,,,,,,,,,,,,,,,,
4142,100_15_24,118_5_5,126_9_15,123_29_55,119_11_20,156_20_25,153_27_35,812_?_?,,,,,,,,,,,,,,,,,,,,,,,,,,,,,,,,
4143,96_12_22,126_45_45,125_15_15,157_5_5,812_?_?,,,,,,,,,,,,,,,,,,,,,,,,,,,,,,,,,,,
4144,99_17_23,119_75_75,152_20_25,153_16_20,812_?_?,,,,,,,,,,,,,,,,,,,,,,,,,,,,,,,,,,,
4145,99_16_24,126_41_80,153_84_110,812_?_?,,,,,,,,,,,,,,,,,,,,,,,,,,,,,,,,,,,,
4146,97_16_24,126_75_75,152_65_85,812_?_?,,,,,,,,,,,,,,,,,,,,,,,,,,,,,,,,,,,,
4147,99_14_23,123_55_55,119_45_45,157_9_10,153_31_40,812_?_?,,,,,,,,,,,,,,,,,,,,,,,,,,,,,,,,,,
4148,100_17_23,118_11_20,119_11_20,156_12_15,153_5_5,812_?_?,,,,,,,,,,,,,,,,,,,,,,,,,,,,,,,,,,
4149,100_13_23,118_34_65,126_5_5,156_20_25,153_24_30,812_?_?,,,,,,,,,,,,,,,,,,,,,,,,,,,,,,,,,,
4150,97_15_24,118_36_105,154_42_55,156_16_20,812_?_?,,,,,,,,,,,,,,,,,,,,,,,,,,,,,,,,,,,
4151,98_16_23,124_35_35,152_50_65,812_?_?,,,,,,,,,,,,,,,,,,,,,,,,,,,,,,,,,,,,
4152,99_17_23,118_40_40,156_9_10,153_12_15,812_?_?,,,,,,,,,,,,,,,,,,,,,,,,,,,,,,,,,,,
4153,99_16_25,123_34_65,154_9_10,156_16_20,812_?_?,,,,,,,,,,,,,,,,,,,,,,,,,,,,,,,,,,,
4154,97_14_24,118_5_5,123_70_70,125_10_10,154_31_40,812_?_?,,,,,,,,,,,,,,,,,,,,,,,,,,,,,,,,,,
4155,98_16_24,123_55_55,124_10_10,153_42_55,812_?_?,,,,,,,,,,,,,,,,,,,,,,,,,,,,,,,,,,,
4156,97_12_23,118_29_55,126_14_25,152_42_55,812_?_?,,,,,,,,,,,,,,,,,,,,,,,,,,,,,,,,,,,
4157,98_18_24,126_5_5,124_35_35,157_31_40,154_46_60,812_?_?,,,,,,,,,,,,,,,,,,,,,,,,,,,,,,,,,,
4158,99_13_23,123_5_5,124_9_15,153_5_5,812_?_?,,,,,,,,,,,,,,,,,,,,,,,,,,,,,,,,,,,
4159,96_16_23,126_85_85,152_20_25,154_42_55,812_?_?,,,,,,,,,,,,,,,,,,,,,,,,,,,,,,,,,,,
4160,100_16_24,126_30_30,119_85_85,153_46_60,812_?_?,,,,,,,,,,,,,,,,,,,,,,,,,,,,,,,,,,,
4161,97_16_24,125_80_80,156_27_35,812_?_?,,,,,,,,,,,,,,,,,,,,,,,,,,,,,,,,,,,,
4162,98_14_25,126_6_20,119_24_90,152_16_20,812_?_?,,,,,,,,,,,,,,,,,,,,,,,,,,,,,,,,,,,
4163,98_15_24,126_100_100,125_5_5,152_99_130,812_?_?,,,,,,,,,,,,,,,,,,,,,,,,,,,,,,,,,,,
4164,97_17_23,125_90_90,157_31_40,152_39_50,812_?_?,,,,,,,,,,,,,,,,,,,,,,,,,,,,,,,,,,,
4165,97_13_25,126_90_90,125_15_15,152_31_40,156_31_40,812_?_?,,,,,,,,,,,,,,,,,,,,,,,,,,,,,,,,,,
4166,100_14_23,123_30_30,119_80_80,157_35_45,812_40_40,,,,,,,,,,,,,,,,,,,,,,,,,,,,,,,,,,,
4167,98_14_25,126_16_30,123_34_65,119_6_10,156_31_40,153_27_35,812_40_40,,,,,,,,,,,,,,,,,,,,,,,,,,,,,,,,,
4168,99_15_23,123_10_10,156_16_20,812_40_40,,,,,,,,,,,,,,,,,,,,,,,,,,,,,,,,,,,,
4169,96_14_24,118_75_75,153_5_5,812_40_40,,,,,,,,,,,,,,,,,,,,,,,,,,,,,,,,,,,,
4170,100_15_24,154_46_60,156_9_10,812_40_40,,,,,,,,,,,,,,,,,,,,,,,,,,,,,,,,,,,,
4171,97_13_23,118_5_5,119_11_20,124_19_35,153_24_30,812_40_40,,,,,,,,,,,,,,,,,,,,,,,,,,,,,,,,,,
4172,99_17_24,812_41_41,,,,,,,,,,,,,,,,,,,,,,,,,,,,,,,,,,,,,,
4173,100_17_23,118_14_25,119_54_105,156_9_10,153_35_45,812_41_41,,,,,,,,,,,,,,,,,,,,,,,,,,,,,,,,,,
4174,99_16_23,119_125_125,152_27_35,812_41_41,,,,,,,,,,,,,,,,,,,,,,,,,,,,,,,,,,,,
4175,100_17_23,118_5_5,126_95_95,119_5_5,152_39_50,153_20_25,812_41_41,,,,,,,,,,,,,,,,,,,,,,,,,,,,,,,,,
4176,99_18_24,125_60_60,156_39_50,812_41_41,,,,,,,,,,,,,,,,,,,,,,,,,,,,,,,,,,,,
4177,99_18_24,118_75_75,119_35_35,152_35_45,153_12_15,812_41_41,,,,,,,,,,,,,,,,,,,,,,,,,,,,,,,,,,
4178,97_18_26,119_46_90,125_11_20,156_31_40,812_42_42,,,,,,,,,,,,,,,,,,,,,,,,,,,,,,,,,,,
4179,100_15_25,125_80_80,154_46_60,812_42_42,,,,,,,,,,,,,,,,,,,,,,,,,,,,,,,,,,,,
4180,97_14_24,119_55_55,124_25_25,157_5_5,153_5_5,812_42_42,,,,,,,,,,,,,,,,,,,,,,,,,,,,,,,,,,
4181,99_15_25,124_35_35,154_42_55,812_42_42,,,,,,,,,,,,,,,,,,,,,,,,,,,,,,,,,,,,
4182,100_19_26,123_70_70,154_39_50,812_42_42,,,,,,,,,,,,,,,,,,,,,,,,,,,,,,,,,,,,
4183,98_18_26,119_5_5,125_34_65,152_5_5,812_42_42,,,,,,,,,,,,,,,,,,,,,,,,,,,,,,,,,,,
4184,97_16_25,124_15_15,153_39_50,812_43_43,,,,,,,,,,,,,,,,,,,,,,,,,,,,,,,,,,,,
4185,99_17_26,123_5_5,125_100_100,156_54_70,812_43_43,,,,,,,,,,,,,,,,,,,,,,,,,,,,,,,,,,,
4186,97_13_24,126_70_70,119_75_75,156_39_50,812_43_43,,,,,,,,,,,,,,,,,,,,,,,,,,,,,,,,,,,
4187,99_14_24,118_25_25,123_90_90,154_46_60,153_5_5,812_43_43,,,,,,,,,,,,,,,,,,,,,,,,,,,,,,,,,,
4188,98_13_25,124_50_50,154_102_135,812_43_43,,,,,,,,,,,,,,,,,,,,,,,,,,,,,,,,,,,,
4189,96_19_26,118_16_30,124_6_10,152_12_15,812_43_43,,,,,,,,,,,,,,,,,,,,,,,,,,,,,,,,,,,
4190,99_16_25,126_33_95,154_31_40,153_12_15,812_44_44,,,,,,,,,,,,,,,,,,,,,,,,,,,,,,,,,,,
4191,96_17_26,118_19_55,126_5_5,124_6_15,153_12_15,812_44_44,,,,,,,,,,,,,,,,,,,,,,,,,,,,,,,,,,
4192,99_16_26,118_29_55,125_16_30,152_42_55,812_44_44,,,,,,,,,,,,,,,,,,,,,,,,,,,,,,,,,,,
4193,99_14_25,126_21_40,119_51_100,153_20_25,812_44_44,,,,,,,,,,,,,,,,,,,,,,,,,,,,,,,,,,,
4194,98_14_25,118_60_60,124_25_25,153_46_60,812_44_44,,,,,,,,,,,,,,,,,,,,,,,,,,,,,,,,,,,
4195,99_17_26,123_28_80,125_5_5,157_27_35,812_44_44,,,,,,,,,,,,,,,,,,,,,,,,,,,,,,,,,,,
4196,100_18_25,124_45_45,153_84_110,812_45_45,,,,,,,,,,,,,,,,,,,,,,,,,,,,,,,,,,,,
4197,99_15_25,123_20_20,119_135_135,153_27_35,812_45_45,,,,,,,,,,,,,,,,,,,,,,,,,,,,,,,,,,,
4198,100_13_25,126_65_65,119_110_110,157_42_55,152_46_60,812_45_45,,,,,,,,,,,,,,,,,,,,,,,,,,,,,,,,,,
4199,96_13_25,118_100_100,154_12_15,153_12_15,812_45_45,,,,,,,,,,,,,,,,,,,,,,,,,,,,,,,,,,,
4200,100_13_24,124_29_55,153_87_115,812_45_45,,,,,,,,,,,,,,,,,,,,,,,,,,,,,,,,,,,,
4201,100_17_25,118_26_100,119_7_25,152_31_40,812_45_45,,,,,,,,,,,,,,,,,,,,,,,,,,,,,,,,,,,
4202,100_13_25,124_40_40,125_15_15,152_39_50,154_9_10,812_46_46,,,,,,,,,,,,,,,,,,,,,,,,,,,,,,,,,,
4203,100_13_25,126_51_100,124_6_10,152_20_25,154_31_40,812_46_46,,,,,,,,,,,,,,,,,,,,,,,,,,,,,,,,,,
4204,99_19_26,126_16_30,124_16_30,157_27_35,153_31_40,812_46_46,,,,,,,,,,,,,,,,,,,,,,,,,,,,,,,,,,
4205,98_16_24,126_80_80,123_20_20,153_9_10,812_46_46,,,,,,,,,,,,,,,,,,,,,,,,,,,,,,,,,,,
4206,99_15_26,124_45_45,154_27_35,153_12_15,812_46_46,,,,,,,,,,,,,,,,,,,,,,,,,,,,,,,,,,,
4207,97_16_25,118_5_5,123_15_15,125_85_85,154_20_25,156_5_5,812_46_46,,,,,,,,,,,,,,,,,,,,,,,,,,,,,,,,,
4208,99_15_24,123_15_15,119_100_100,156_9_10,153_9_10,812_47_47,,,,,,,,,,,,,,,,,,,,,,,,,,,,,,,,,,
4209,99_15_26,126_15_55,124_7_25,157_39_50,152_16_20,812_47_47,,,,,,,,,,,,,,,,,,,,,,,,,,,,,,,,,,
4210,100_14_26,126_36_70,123_24_45,157_39_50,812_47_47,,,,,,,,,,,,,,,,,,,,,,,,,,,,,,,,,,,
4211,97_15_26,126_29_55,123_5_5,119_16_30,153_27_35,812_47_47,,,,,,,,,,,,,,,,,,,,,,,,,,,,,,,,,,
4212,96_14_24,126_59_115,123_9_15,157_50_65,812_47_47,,,,,,,,,,,,,,,,,,,,,,,,,,,,,,,,,,,
4213,97_17_24,118_9_15,123_24_45,119_36_70,153_20_25,812_47_47,,,,,,,,,,,,,,,,,,,,,,,,,,,,,,,,,,
4214,96_16_27,118_44_85,126_9_15,123_14_25,154_24_30,153_54_70,812_48_48,,,,,,,,,,,,,,,,,,,,,,,,,,,,,,,,,
4215,99_16_25,126_5_5,124_21_40,154_20_25,812_48_48,,,,,,,,,,,,,,,,,,,,,,,,,,,,,,,,,,,
4216,99_15_27,119_5_5,125_100_100,157_24_30,156_39_50,812_48_48,,,,,,,,,,,,,,,,,,,,,,,,,,,,,,,,,,
4217,98_16_26,123_51_100,119_31_60,153_114_150,812_48_48,,,,,,,,,,,,,,,,,,,,,,,,,,,,,,,,,,,
4218,99_16_25,124_26_50,153_46_60,812_48_48,,,,,,,,,,,,,,,,,,,,,,,,,,,,,,,,,,,,
4219,96_16_27,118_44_85,126_36_70,152_20_25,156_50_65,812_48_48,,,,,,,,,,,,,,,,,,,,,,,,,,,,,,,,,,
4220,100_18_25,119_9_15,124_26_50,153_91_120,812_49_49,,,,,,,,,,,,,,,,,,,,,,,,,,,,,,,,,,,
4221,99_15_27,126_5_20,124_9_40,154_27_35,812_49_49,,,,,,,,,,,,,,,,,,,,,,,,,,,,,,,,,,,
4222,98_18_25,126_18_50,119_23_65,125_9_25,156_39_50,812_49_49,,,,,,,,,,,,,,,,,,,,,,,,,,,,,,,,,,
4223,100_16_27,125_23_65,154_12_15,812_49_49,,,,,,,,,,,,,,,,,,,,,,,,,,,,,,,,,,,,
4224,97_18_26,126_100_100,152_39_50,812_49_49,,,,,,,,,,,,,,,,,,,,,,,,,,,,,,,,,,,,
4225,99_18_26,126_5_5,123_10_10,119_15_15,153_5_5,812_49_49,,,,,,,,,,,,,,,,,,,,,,,,,,,,,,,,,,
4226,100_16_27,123_5_5,124_9_25,125_11_30,812_?_?,,,,,,,,,,,,,,,,,,,,,,,,,,,,,,,,,,,
4227,97_15_27,118_5_5,126_145_145,156_50_65,153_31_40,812_?_?,,,,,,,,,,,,,,,,,,,,,,,,,,,,,,,,,,
4228,98_15_26,126_25_25,123_100_100,157_20_25,153_12_15,812_?_?,,,,,,,,,,,,,,,,,,,,,,,,,,,,,,,,,,
4229,99_16_26,124_26_50,152_16_20,153_35_45,812_?_?,,,,,,,,,,,,,,,,,,,,,,,,,,,,,,,,,,,
4230,99_19_26,126_39_75,123_11_20,154_12_15,153_39_50,812_?_?,,,,,,,,,,,,,,,,,,,,,,,,,,,,,,,,,,
4231,97_16_26,118_5_5,124_35_35,154_31_40,812_?_?,,,,,,,,,,,,,,,,,,,,,,,,,,,,,,,,,,,
4232,97_17_25,118_29_85,119_5_5,152_9_10,812_?_?,,,,,,,,,,,,,,,,,,,,,,,,,,,,,,,,,,,
4233,97_16_27,119_60_60,125_100_100,157_31_40,152_51_65,812_?_?,,,,,,,,,,,,,,,,,,,,,,,,,,,,,,,,,,
4234,100_16_27,126_13_35,119_11_30,125_5_5,812_?_?,,,,,,,,,,,,,,,,,,,,,,,,,,,,,,,,,,,
4235,99_14_25,123_51_100,124_11_20,154_11_15,153_46_60,812_?_?,,,,,,,,,,,,,,,,,,,,,,,,,,,,,,,,,,
4236,97_16_26,124_30_30,153_41_55,812_?_?,,,,,,,,,,,,,,,,,,,,,,,,,,,,,,,,,,,,
4237,99_14_25,126_29_85,124_11_30,157_42_55,152_39_50,812_?_?,,,,,,,,,,,,,,,,,,,,,,,,,,,,,,,,,,
4238,97_17_25,124_10_10,157_50_65,812_?_?,,,,,,,,,,,,,,,,,,,,,,,,,,,,,,,,,,,,
4239,98_14_27,126_34_100,119_11_30,125_11_30,156_39_50,812_?_?,,,,,,,,,,,,,,,,,,,,,,,,,,,,,,,,,,
4240,99_16_29,124_11_20,125_16_30,152_36_50,812_?_?,,,,,,,,,,,,,,,,,,,,,,,,,,,,,,,,,,,
4241,97_31_50,124_21_40,118_41_70,125_31_60,,,,,,,,,,,,,,,,,,,,,,,,,,,,,,,,,,,,
4242,100_26_40,118_31_40,126_31_40,119_31_40,123_31_40,124_31_40,177_31_40,,,,,,,,,,,,,,,,,,,,,,,,,,,,,,,,,
4243,96_7_9,125_10_10,812_?_?,,,,,,,,,,,,,,,,,,,,,,,,,,,,,,,,,,,,,
4244,98_3_7,119_5_5,125_5_5,812_?_?,,,,,,,,,,,,,,,,,,,,,,,,,,,,,,,,,,,,
4245,97_2_10,119_10_10,125_5_5,812_?_?,,,,,,,,,,,,,,,,,,,,,,,,,,,,,,,,,,,,
4246,99_3_9,119_5_5,125_5_5,812_?_?,,,,,,,,,,,,,,,,,,,,,,,,,,,,,,,,,,,,
4247,99_3_9,126_5_5,125_5_5,812_?_?,,,,,,,,,,,,,,,,,,,,,,,,,,,,,,,,,,,,
4248,96_3_7,118_5_5,125_5_5,812_?_?,,,,,,,,,,,,,,,,,,,,,,,,,,,,,,,,,,,,
4249,99_2_9,124_5_5,812_?_?,,,,,,,,,,,,,,,,,,,,,,,,,,,,,,,,,,,,,
4250,99_4_9,126_5_5,157_5_5,812_?_?,,,,,,,,,,,,,,,,,,,,,,,,,,,,,,,,,,,,
4251,99_2_8,126_5_5,123_5_5,812_?_?,,,,,,,,,,,,,,,,,,,,,,,,,,,,,,,,,,,,
4252,98_2_9,119_10_10,125_5_5,152_5_5,812_?_?,,,,,,,,,,,,,,,,,,,,,,,,,,,,,,,,,,,
4253,99_3_9,118_5_5,119_5_5,152_5_5,812_?_?,,,,,,,,,,,,,,,,,,,,,,,,,,,,,,,,,,,
4254,100_3_9,126_5_5,119_5_5,812_?_?,,,,,,,,,,,,,,,,,,,,,,,,,,,,,,,,,,,,
4255,99_4_9,118_10_10,119_5_5,812_?_?,,,,,,,,,,,,,,,,,,,,,,,,,,,,,,,,,,,,
4256,99_4_8,119_5_5,812_?_?,,,,,,,,,,,,,,,,,,,,,,,,,,,,,,,,,,,,,
4257,100_3_9,118_5_5,126_5_5,119_5_5,812_?_?,,,,,,,,,,,,,,,,,,,,,,,,,,,,,,,,,,,
4258,99_4_10,124_5_5,812_?_?,,,,,,,,,,,,,,,,,,,,,,,,,,,,,,,,,,,,,
4259,99_4_8,124_5_5,812_?_?,,,,,,,,,,,,,,,,,,,,,,,,,,,,,,,,,,,,,
4260,97_4_8,155_5_5,812_?_?,,,,,,,,,,,,,,,,,,,,,,,,,,,,,,,,,,,,,
4261,100_5_9,118_6_10,812_?_?,,,,,,,,,,,,,,,,,,,,,,,,,,,,,,,,,,,,,
4262,99_5_10,118_5_5,123_5_5,812_?_?,,,,,,,,,,,,,,,,,,,,,,,,,,,,,,,,,,,,
4263,98_5_8,126_5_5,124_5_5,157_5_5,152_5_5,812_?_?,,,,,,,,,,,,,,,,,,,,,,,,,,,,,,,,,,
4264,97_4_8,124_5_5,812_?_?,,,,,,,,,,,,,,,,,,,,,,,,,,,,,,,,,,,,,
4265,99_3_9,119_5_5,124_5_5,125_5_5,812_?_?,,,,,,,,,,,,,,,,,,,,,,,,,,,,,,,,,,,
4266,100_5_9,118_5_5,123_10_10,153_5_5,812_?_?,,,,,,,,,,,,,,,,,,,,,,,,,,,,,,,,,,,
4267,99_4_11,118_5_5,119_15_15,152_5_5,153_5_5,812_?_?,,,,,,,,,,,,,,,,,,,,,,,,,,,,,,,,,,
4268,99_5_11,126_4_10,812_?_?,,,,,,,,,,,,,,,,,,,,,,,,,,,,,,,,,,,,,
4269,100_5_10,118_6_10,124_5_5,152_5_5,812_?_?,,,,,,,,,,,,,,,,,,,,,,,,,,,,,,,,,,,
4270,99_3_11,126_5_5,125_5_5,812_?_?,,,,,,,,,,,,,,,,,,,,,,,,,,,,,,,,,,,,
4271,97_5_11,118_4_10,812_?_?,,,,,,,,,,,,,,,,,,,,,,,,,,,,,,,,,,,,,
4272,100_4_10,118_6_10,812_?_?,,,,,,,,,,,,,,,,,,,,,,,,,,,,,,,,,,,,,
4273,100_5_11,119_5_5,124_5_5,812_?_?,,,,,,,,,,,,,,,,,,,,,,,,,,,,,,,,,,,,
4274,100_4_11,126_5_5,123_5_5,157_5_5,812_?_?,,,,,,,,,,,,,,,,,,,,,,,,,,,,,,,,,,,
4275,97_5_9,126_5_5,125_5_5,157_5_5,812_?_?,,,,,,,,,,,,,,,,,,,,,,,,,,,,,,,,,,,
4276,99_5_11,118_6_10,812_?_?,,,,,,,,,,,,,,,,,,,,,,,,,,,,,,,,,,,,,
4277,99_5_9,119_15_15,812_?_?,,,,,,,,,,,,,,,,,,,,,,,,,,,,,,,,,,,,,
4278,100_5_10,125_10_10,812_?_?,,,,,,,,,,,,,,,,,,,,,,,,,,,,,,,,,,,,,
4279,100_3_9,123_5_5,119_5_5,812_?_?,,,,,,,,,,,,,,,,,,,,,,,,,,,,,,,,,,,,
4280,100_4_11,124_5_5,812_?_?,,,,,,,,,,,,,,,,,,,,,,,,,,,,,,,,,,,,,
4281,99_3_10,123_5_5,124_5_5,157_5_5,812_?_?,,,,,,,,,,,,,,,,,,,,,,,,,,,,,,,,,,,
4282,99_6_12,118_5_5,119_6_10,124_5_5,812_?_?,,,,,,,,,,,,,,,,,,,,,,,,,,,,,,,,,,,
4283,99_4_10,123_5_5,124_5_5,157_9_10,812_?_?,,,,,,,,,,,,,,,,,,,,,,,,,,,,,,,,,,,
4284,100_3_10,124_5_5,812_?_?,,,,,,,,,,,,,,,,,,,,,,,,,,,,,,,,,,,,,
4285,99_6_12,126_6_10,119_6_10,157_9_10,156_5_5,812_?_?,,,,,,,,,,,,,,,,,,,,,,,,,,,,,,,,,,
4286,100_4_10,124_5_5,157_5_5,812_?_?,,,,,,,,,,,,,,,,,,,,,,,,,,,,,,,,,,,,
4287,99_4_10,126_15_15,157_5_5,153_5_5,812_?_?,,,,,,,,,,,,,,,,,,,,,,,,,,,,,,,,,,,
4288,98_4_11,118_20_20,119_5_5,155_20_25,812_?_?,,,,,,,,,,,,,,,,,,,,,,,,,,,,,,,,,,,
4289,99_5_10,125_15_15,155_5_5,812_?_?,,,,,,,,,,,,,,,,,,,,,,,,,,,,,,,,,,,,
4290,100_5_12,123_6_10,155_5_5,812_?_?,,,,,,,,,,,,,,,,,,,,,,,,,,,,,,,,,,,,
4291,100_5_12,126_6_10,119_6_10,157_9_10,812_?_?,,,,,,,,,,,,,,,,,,,,,,,,,,,,,,,,,,,
4292,100_7_12,118_6_15,152_5_5,812_?_?,,,,,,,,,,,,,,,,,,,,,,,,,,,,,,,,,,,,
4293,97_6_12,123_5_5,124_5_5,812_?_?,,,,,,,,,,,,,,,,,,,,,,,,,,,,,,,,,,,,
4294,100_5_12,119_6_10,124_5_5,155_5_5,812_?_?,,,,,,,,,,,,,,,,,,,,,,,,,,,,,,,,,,,
4295,99_5_12,118_5_5,123_10_10,156_9_10,812_?_?,,,,,,,,,,,,,,,,,,,,,,,,,,,,,,,,,,,
4296,100_4_12,119_5_5,124_5_5,812_?_?,,,,,,,,,,,,,,,,,,,,,,,,,,,,,,,,,,,,
4297,99_7_13,123_10_10,157_9_10,812_?_?,,,,,,,,,,,,,,,,,,,,,,,,,,,,,,,,,,,,
4298,98_5_12,123_10_10,155_9_10,812_?_?,,,,,,,,,,,,,,,,,,,,,,,,,,,,,,,,,,,,
4299,99_4_11,119_5_5,124_10_10,155_5_5,153_9_10,812_?_?,,,,,,,,,,,,,,,,,,,,,,,,,,,,,,,,,,
4300,100_4_13,119_25_25,125_5_5,156_9_10,812_?_?,,,,,,,,,,,,,,,,,,,,,,,,,,,,,,,,,,,
4301,100_4_13,118_9_15,153_5_5,812_?_?,,,,,,,,,,,,,,,,,,,,,,,,,,,,,,,,,,,,
4302,99_6_12,119_20_20,124_5_5,157_5_5,812_?_?,,,,,,,,,,,,,,,,,,,,,,,,,,,,,,,,,,,
4303,100_6_12,126_15_15,119_5_5,157_5_5,152_9_10,812_?_?,,,,,,,,,,,,,,,,,,,,,,,,,,,,,,,,,,
4304,100_5_13,126_5_5,125_20_20,157_27_35,812_?_?,,,,,,,,,,,,,,,,,,,,,,,,,,,,,,,,,,,
4305,98_6_11,119_5_5,156_5_5,812_?_?,,,,,,,,,,,,,,,,,,,,,,,,,,,,,,,,,,,,
4306,99_5_12,125_15_15,157_5_5,812_?_?,,,,,,,,,,,,,,,,,,,,,,,,,,,,,,,,,,,,
4307,100_5_13,118_5_5,119_20_20,153_5_5,812_?_?,,,,,,,,,,,,,,,,,,,,,,,,,,,,,,,,,,,
4308,98_6_11,125_20_20,157_9_10,812_?_?,,,,,,,,,,,,,,,,,,,,,,,,,,,,,,,,,,,,
4309,100_5_12,118_5_5,124_10_10,153_12_15,812_?_?,,,,,,,,,,,,,,,,,,,,,,,,,,,,,,,,,,,
4310,100_7_12,118_11_20,152_5_5,812_?_?,,,,,,,,,,,,,,,,,,,,,,,,,,,,,,,,,,,,
4311,99_5_13,123_20_20,119_5_5,155_9_10,812_?_?,,,,,,,,,,,,,,,,,,,,,,,,,,,,,,,,,,,
4312,100_7_13,125_15_15,156_9_10,812_?_?,,,,,,,,,,,,,,,,,,,,,,,,,,,,,,,,,,,,
4313,100_5_11,124_6_10,153_5_5,812_?_?,,,,,,,,,,,,,,,,,,,,,,,,,,,,,,,,,,,,
4314,99_5_13,126_5_5,157_9_10,812_?_?,,,,,,,,,,,,,,,,,,,,,,,,,,,,,,,,,,,,
4315,96_7_13,119_30_30,155_12_15,812_?_?,,,,,,,,,,,,,,,,,,,,,,,,,,,,,,,,,,,,
4316,99_6_12,125_20_20,812_?_?,,,,,,,,,,,,,,,,,,,,,,,,,,,,,,,,,,,,,
4317,99_5_12,119_5_5,125_10_10,157_5_5,812_?_?,,,,,,,,,,,,,,,,,,,,,,,,,,,,,,,,,,,
4318,99_7_13,118_25_25,119_5_5,152_9_10,812_10_10,,,,,,,,,,,,,,,,,,,,,,,,,,,,,,,,,,,
4319,99_5_14,125_10_10,812_10_10,,,,,,,,,,,,,,,,,,,,,,,,,,,,,,,,,,,,,
4320,98_8_14,126_11_20,156_9_10,812_10_10,,,,,,,,,,,,,,,,,,,,,,,,,,,,,,,,,,,,
4321,100_5_14,119_10_10,125_20_20,156_12_15,812_10_10,,,,,,,,,,,,,,,,,,,,,,,,,,,,,,,,,,,
4322,99_5_12,123_20_20,155_9_10,812_10_10,,,,,,,,,,,,,,,,,,,,,,,,,,,,,,,,,,,,
4323,100_7_13,126_10_10,812_10_10,,,,,,,,,,,,,,,,,,,,,,,,,,,,,,,,,,,,,
4324,99_7_12,123_5_5,125_15_15,812_11_11,,,,,,,,,,,,,,,,,,,,,,,,,,,,,,,,,,,,
4325,99_8_14,119_5_5,124_5_5,125_5_5,157_9_10,812_11_11,,,,,,,,,,,,,,,,,,,,,,,,,,,,,,,,,,
4326,99_8_14,119_5_5,124_10_10,155_12_15,812_11_11,,,,,,,,,,,,,,,,,,,,,,,,,,,,,,,,,,,
4327,97_5_12,124_15_15,157_12_15,152_9_10,812_11_11,,,,,,,,,,,,,,,,,,,,,,,,,,,,,,,,,,,
4328,99_7_13,126_5_5,119_10_10,157_5_5,812_11_11,,,,,,,,,,,,,,,,,,,,,,,,,,,,,,,,,,,
4329,100_5_12,126_5_5,123_25_25,156_12_15,812_11_11,,,,,,,,,,,,,,,,,,,,,,,,,,,,,,,,,,,
4330,99_8_14,119_16_30,152_5_5,153_5_5,812_12_12,,,,,,,,,,,,,,,,,,,,,,,,,,,,,,,,,,,
4331,96_7_14,126_9_15,124_5_5,152_9_10,812_12_12,,,,,,,,,,,,,,,,,,,,,,,,,,,,,,,,,,,
4332,96_8_14,118_5_5,119_11_20,152_5_5,812_12_12,,,,,,,,,,,,,,,,,,,,,,,,,,,,,,,,,,,
4333,99_6_14,125_20_20,152_12_15,812_12_12,,,,,,,,,,,,,,,,,,,,,,,,,,,,,,,,,,,,
4334,98_7_14,124_10_10,157_9_10,155_5_5,812_12_12,,,,,,,,,,,,,,,,,,,,,,,,,,,,,,,,,,,
4335,99_7_14,118_5_5,126_5_5,119_20_20,152_5_5,153_9_10,812_12_12,,,,,,,,,,,,,,,,,,,,,,,,,,,,,,,,,
4336,99_6_13,118_20_20,153_9_10,812_13_13,,,,,,,,,,,,,,,,,,,,,,,,,,,,,,,,,,,,
4337,99_8_15,118_19_35,155_5_5,156_5_5,812_13_13,,,,,,,,,,,,,,,,,,,,,,,,,,,,,,,,,,,
4338,99_6_15,118_5_5,126_11_20,812_13_13,,,,,,,,,,,,,,,,,,,,,,,,,,,,,,,,,,,,
4339,100_5_14,118_9_15,119_6_10,152_9_10,812_13_13,,,,,,,,,,,,,,,,,,,,,,,,,,,,,,,,,,,
4340,96_8_14,125_30_30,156_12_15,812_13_13,,,,,,,,,,,,,,,,,,,,,,,,,,,,,,,,,,,,
4341,100_8_15,152_12_15,812_13_13,,,,,,,,,,,,,,,,,,,,,,,,,,,,,,,,,,,,,
4342,99_5_15,118_10_10,123_5_5,119_5_5,125_10_10,155_5_5,812_14_14,,,,,,,,,,,,,,,,,,,,,,,,,,,,,,,,,
4343,99_7_15,123_40_40,155_12_15,156_12_15,812_14_14,,,,,,,,,,,,,,,,,,,,,,,,,,,,,,,,,,,
4344,96_7_13,119_5_5,125_30_30,156_9_10,812_14_14,,,,,,,,,,,,,,,,,,,,,,,,,,,,,,,,,,,
4345,97_8_15,126_15_15,123_5_5,119_30_30,157_20_25,812_14_14,,,,,,,,,,,,,,,,,,,,,,,,,,,,,,,,,,
4346,100_6_13,126_10_10,125_30_30,156_9_10,812_14_14,,,,,,,,,,,,,,,,,,,,,,,,,,,,,,,,,,,
4347,100_6_13,126_25_25,119_15_15,152_5_5,156_9_10,812_14_14,,,,,,,,,,,,,,,,,,,,,,,,,,,,,,,,,,
4348,100_7_15,123_20_20,125_10_10,157_16_20,812_15_15,,,,,,,,,,,,,,,,,,,,,,,,,,,,,,,,,,,
4349,100_7_15,126_25_25,157_9_10,812_15_15,,,,,,,,,,,,,,,,,,,,,,,,,,,,,,,,,,,,
4350,100_6_14,123_5_5,119_25_25,124_10_10,157_9_10,812_15_15,,,,,,,,,,,,,,,,,,,,,,,,,,,,,,,,,,
4351,100_7_14,118_14_25,125_9_15,155_16_20,812_15_15,,,,,,,,,,,,,,,,,,,,,,,,,,,,,,,,,,,
4352,100_6_15,126_35_35,157_5_5,812_15_15,,,,,,,,,,,,,,,,,,,,,,,,,,,,,,,,,,,,
4353,96_6_13,125_40_40,157_16_20,812_15_15,,,,,,,,,,,,,,,,,,,,,,,,,,,,,,,,,,,,
4354,96_11_15,119_30_30,124_26_35,157_16_20,812_16_16,,,,,,,,,,,,,,,,,,,,,,,,,,,,,,,,,,,
4355,100_7_15,118_5_5,126_11_20,119_11_20,153_12_15,812_16_16,,,,,,,,,,,,,,,,,,,,,,,,,,,,,,,,,,
4356,100_8_15,124_9_15,125_5_5,155_12_15,812_16_16,,,,,,,,,,,,,,,,,,,,,,,,,,,,,,,,,,,
4357,99_6_14,118_10_10,119_40_40,156_9_10,812_16_16,,,,,,,,,,,,,,,,,,,,,,,,,,,,,,,,,,,
4358,100_8_15,126_40_40,157_12_15,152_16_20,812_16_16,,,,,,,,,,,,,,,,,,,,,,,,,,,,,,,,,,,
4359,99_6_14,124_10_10,155_5_5,812_16_16,,,,,,,,,,,,,,,,,,,,,,,,,,,,,,,,,,,,
4360,99_6_14,124_9_15,812_17_17,,,,,,,,,,,,,,,,,,,,,,,,,,,,,,,,,,,,,
4361,100_7_14,124_5_5,125_35_35,155_16_20,812_17_17,,,,,,,,,,,,,,,,,,,,,,,,,,,,,,,,,,,
4362,99_10_17,126_16_30,125_5_5,812_17_17,,,,,,,,,,,,,,,,,,,,,,,,,,,,,,,,,,,,
4363,100_7_15,124_15_15,157_9_10,812_17_17,,,,,,,,,,,,,,,,,,,,,,,,,,,,,,,,,,,,
4364,99_6_15,118_5_5,123_35_35,125_10_10,155_16_20,812_17_17,,,,,,,,,,,,,,,,,,,,,,,,,,,,,,,,,,
4365,99_6_14,118_35_35,123_20_20,119_5_5,155_16_20,153_12_15,812_17_17,,,,,,,,,,,,,,,,,,,,,,,,,,,,,,,,,
4366,100_6_14,123_9_15,124_6_10,153_9_10,812_18_18,,,,,,,,,,,,,,,,,,,,,,,,,,,,,,,,,,,
4367,99_8_15,118_25_25,125_15_15,812_18_18,,,,,,,,,,,,,,,,,,,,,,,,,,,,,,,,,,,,
4368,100_7_14,118_16_30,125_9_15,156_12_15,812_18_18,,,,,,,,,,,,,,,,,,,,,,,,,,,,,,,,,,,
4369,99_6_15,126_11_20,123_19_35,157_16_20,156_12_15,812_18_18,,,,,,,,,,,,,,,,,,,,,,,,,,,,,,,,,,
4370,98_8_15,118_14_25,119_5_5,124_6_10,152_12_15,812_18_18,,,,,,,,,,,,,,,,,,,,,,,,,,,,,,,,,,
4371,99_8_15,126_11_20,123_6_10,119_19_35,157_9_10,153_16_20,812_18_18,,,,,,,,,,,,,,,,,,,,,,,,,,,,,,,,,
4372,98_6_14,126_6_10,123_11_20,119_16_30,153_12_15,812_19_19,,,,,,,,,,,,,,,,,,,,,,,,,,,,,,,,,,
4373,99_6_15,126_19_35,119_11_20,125_6_10,157_24_30,812_19_19,,,,,,,,,,,,,,,,,,,,,,,,,,,,,,,,,,
4374,96_7_15,123_14_25,119_21_40,153_16_20,812_19_19,,,,,,,,,,,,,,,,,,,,,,,,,,,,,,,,,,,
4375,99_8_15,125_45_45,157_12_15,152_9_10,812_19_19,,,,,,,,,,,,,,,,,,,,,,,,,,,,,,,,,,,
4376,100_8_14,123_30_30,125_30_30,157_16_20,156_20_25,812_19_19,,,,,,,,,,,,,,,,,,,,,,,,,,,,,,,,,,
4377,97_8_14,124_6_10,155_5_5,812_19_19,,,,,,,,,,,,,,,,,,,,,,,,,,,,,,,,,,,,
4378,96_8_14,123_6_15,124_6_15,153_12_15,812_?_?,,,,,,,,,,,,,,,,,,,,,,,,,,,,,,,,,,,
4379,100_7_14,126_25_25,123_20_20,119_30_30,153_6_15,812_?_?,,,,,,,,,,,,,,,,,,,,,,,,,,,,,,,,,,
4380,100_9_16,126_10_10,123_50_50,157_21_28,812_?_?,,,,,,,,,,,,,,,,,,,,,,,,,,,,,,,,,,,
4381,241_6_10,242_6_10,243_6_10,240_6_10,244_6_10,212_3_5,213_3_5,211_3_5,,,,,,,,,,,,,,,,,,,,,,,,,,,,,,,,
4382,100_26_30,112_6_10,216_10_15,,,,,,,,,,,,,,,,,,,,,,,,,,,,,,,,,,,,,
4383,97_7_17,126_50_50,156_20_25,153_9_10,812_?_?,,,,,,,,,,,,,,,,,,,,,,,,,,,,,,,,,,,
4384,99_7_15,126_6_10,123_11_20,812_?_?,,,,,,,,,,,,,,,,,,,,,,,,,,,,,,,,,,,,
4385,98_7_15,118_40_40,126_20_20,123_5_5,154_12_15,812_?_?,,,,,,,,,,,,,,,,,,,,,,,,,,,,,,,,,,
4386,96_9_17,126_5_5,123_13_35,119_11_30,156_16_20,812_?_?,,,,,,,,,,,,,,,,,,,,,,,,,,,,,,,,,,
4387,100_7_16,126_6_10,124_11_20,154_5_5,812_?_?,,,,,,,,,,,,,,,,,,,,,,,,,,,,,,,,,,,
4388,99_7_17,118_6_10,126_19_35,125_11_20,154_5_5,156_20_25,812_?_?,,,,,,,,,,,,,,,,,,,,,,,,,,,,,,,,,
4389,100_8_16,118_6_10,119_24_45,125_6_10,812_?_?,,,,,,,,,,,,,,,,,,,,,,,,,,,,,,,,,,,
4390,99_9_16,123_40_40,812_?_?,,,,,,,,,,,,,,,,,,,,,,,,,,,,,,,,,,,,,
4391,100_7_15,118_19_35,119_16_30,125_9_15,152_27_35,812_?_?,,,,,,,,,,,,,,,,,,,,,,,,,,,,,,,,,,
4392,98_9_16,125_55_55,156_12_15,812_?_?,,,,,,,,,,,,,,,,,,,,,,,,,,,,,,,,,,,,
4393,97_8_15,118_9_15,119_6_10,125_14_25,812_?_?,,,,,,,,,,,,,,,,,,,,,,,,,,,,,,,,,,,
4394,100_8_17,126_21_40,119_24_45,156_24_30,812_?_?,,,,,,,,,,,,,,,,,,,,,,,,,,,,,,,,,,,
4395,98_9_17,118_5_5,126_4_10,119_14_50,812_?_?,,,,,,,,,,,,,,,,,,,,,,,,,,,,,,,,,,,
4396,99_9_16,118_31_60,124_11_35,154_36_40,812_?_?,,,,,,,,,,,,,,,,,,,,,,,,,,,,,,,,,,,
4397,100_7_16,118_6_10,126_11_20,123_6_10,119_11_20,125_11_20,156_20_25,812_?_?,,,,,,,,,,,,,,,,,,,,,,,,,,,,,,,,
4398,99_8_16,126_16_30,119_31_60,156_12_15,153_5_5,812_?_?,,,,,,,,,,,,,,,,,,,,,,,,,,,,,,,,,,
4399,96_8_15,123_21_60,119_5_5,157_16_20,812_?_?,,,,,,,,,,,,,,,,,,,,,,,,,,,,,,,,,,,
4400,100_8_15,126_11_20,124_6_10,125_11_20,152_9_10,812_?_?,,,,,,,,,,,,,,,,,,,,,,,,,,,,,,,,,,
4401,99_8_15,119_55_55,156_12_15,812_?_?,,,,,,,,,,,,,,,,,,,,,,,,,,,,,,,,,,,,
4402,100_7_15,118_11_20,123_11_20,812_?_?,,,,,,,,,,,,,,,,,,,,,,,,,,,,,,,,,,,,
4403,99_7_17,119_26_45,124_11_20,125_5_5,152_21_25,812_?_?,,,,,,,,,,,,,,,,,,,,,,,,,,,,,,,,,,
4404,98_16_21,124_11_20,157_21_25,812_?_?,,,,,,,,,,,,,,,,,,,,,,,,,,,,,,,,,,,,
4405,99_7_15,118_50_50,123_40_40,156_12_15,153_12_15,812_?_?,,,,,,,,,,,,,,,,,,,,,,,,,,,,,,,,,,
4406,100_8_17,118_13_60,125_5_5,154_5_5,812_?_?,,,,,,,,,,,,,,,,,,,,,,,,,,,,,,,,,,,
4407,96_8_18,126_11_30,123_11_30,154_16_20,812_?_?,,,,,,,,,,,,,,,,,,,,,,,,,,,,,,,,,,,
4408,96_8_18,126_10_10,124_10_10,153_20_25,812_?_?,,,,,,,,,,,,,,,,,,,,,,,,,,,,,,,,,,,
4409,99_9_17,123_30_30,119_5_5,125_45_45,157_31_40,812_?_?,,,,,,,,,,,,,,,,,,,,,,,,,,,,,,,,,,
4410,98_9_17,118_5_5,124_20_20,153_20_25,812_?_?,,,,,,,,,,,,,,,,,,,,,,,,,,,,,,,,,,,
4411,97_10_18,119_5_5,125_16_30,156_9_10,812_?_?,,,,,,,,,,,,,,,,,,,,,,,,,,,,,,,,,,,
4412,100_8_17,123_30_30,119_5_5,125_45_45,157_16_20,156_5_5,812_?_?,,,,,,,,,,,,,,,,,,,,,,,,,,,,,,,,,
4413,100_9_16,118_21_40,126_24_45,119_11_20,152_5_5,156_20_25,812_?_?,,,,,,,,,,,,,,,,,,,,,,,,,,,,,,,,,
4414,100_9_16,123_5_5,124_30_30,154_31_40,812_?_?,,,,,,,,,,,,,,,,,,,,,,,,,,,,,,,,,,,
4415,96_8_17,123_18_50,119_8_20,125_5_5,157_12_15,156_12_15,812_?_?,,,,,,,,,,,,,,,,,,,,,,,,,,,,,,,,,
4416,98_9_16,123_45_45,124_15_15,154_16_20,812_20_20,,,,,,,,,,,,,,,,,,,,,,,,,,,,,,,,,,,
4417,100_8_18,124_7_25,153_12_15,812_20_20,,,,,,,,,,,,,,,,,,,,,,,,,,,,,,,,,,,,
4418,100_8_17,118_11_20,119_31_60,125_14_25,156_16_20,812_20_20,,,,,,,,,,,,,,,,,,,,,,,,,,,,,,,,,,
4419,99_9_17,119_9_15,124_11_20,125_5_5,157_9_10,812_20_20,,,,,,,,,,,,,,,,,,,,,,,,,,,,,,,,,,
4420,100_9_17,123_40_40,119_30_30,125_35_35,156_42_55,812_20_20,,,,,,,,,,,,,,,,,,,,,,,,,,,,,,,,,,
4421,99_10_18,125_31_60,154_12_15,812_20_20,,,,,,,,,,,,,,,,,,,,,,,,,,,,,,,,,,,,
4422,96_8_18,123_17_65,154_5_5,812_21_21,,,,,,,,,,,,,,,,,,,,,,,,,,,,,,,,,,,,
4423,99_10_18,123_14_40,124_5_5,153_20_25,812_21_21,,,,,,,,,,,,,,,,,,,,,,,,,,,,,,,,,,,
4424,100_8_18,126_5_5,119_21_40,125_29_55,156_16_20,812_21_21,,,,,,,,,,,,,,,,,,,,,,,,,,,,,,,,,,
4425,98_9_17,126_31_60,123_6_10,119_21_40,156_16_20,812_21_21,,,,,,,,,,,,,,,,,,,,,,,,,,,,,,,,,,
4426,100_8_16,123_35_35,119_70_70,124_5_5,812_21_21,,,,,,,,,,,,,,,,,,,,,,,,,,,,,,,,,,,
4427,99_8_16,118_6_10,126_24_45,119_26_50,152_9_10,156_16_20,812_21_21,,,,,,,,,,,,,,,,,,,,,,,,,,,,,,,,,
4428,99_9_16,118_5_5,126_5_5,119_10_10,156_9_10,812_22_22,,,,,,,,,,,,,,,,,,,,,,,,,,,,,,,,,,
4429,100_11_20,156_16_20,812_22_22,,,,,,,,,,,,,,,,,,,,,,,,,,,,,,,,,,,,,
4430,100_8_18,126_24_70,123_8_20,154_5_5,153_24_30,812_22_22,,,,,,,,,,,,,,,,,,,,,,,,,,,,,,,,,,
4431,100_9_17,124_6_10,125_5_5,812_22_22,,,,,,,,,,,,,,,,,,,,,,,,,,,,,,,,,,,,
4432,96_8_18,123_10_35,125_12_45,157_24_30,156_5_5,812_22_22,,,,,,,,,,,,,,,,,,,,,,,,,,,,,,,,,,
4433,100_9_18,118_8_20,123_14_40,119_5_5,124_5_5,812_22_22,,,,,,,,,,,,,,,,,,,,,,,,,,,,,,,,,,
4434,99_10_18,126_24_45,123_26_50,156_20_25,812_23_23,,,,,,,,,,,,,,,,,,,,,,,,,,,,,,,,,,,
4435,98_10_19,118_16_30,123_11_20,125_29_55,156_24_30,812_23_23,,,,,,,,,,,,,,,,,,,,,,,,,,,,,,,,,,
4436,98_9_18,118_45_45,126_20_20,123_15_15,154_24_30,156_9_10,812_23_23,,,,,,,,,,,,,,,,,,,,,,,,,,,,,,,,,
4437,100_9_18,118_14_25,123_9_15,119_14_25,156_24_30,812_23_23,,,,,,,,,,,,,,,,,,,,,,,,,,,,,,,,,,
4438,100_9_19,126_9_25,119_14_40,125_9_25,156_16_20,812_23_23,,,,,,,,,,,,,,,,,,,,,,,,,,,,,,,,,,
4439,99_10_18,126_19_35,123_19_35,154_24_30,812_23_23,,,,,,,,,,,,,,,,,,,,,,,,,,,,,,,,,,,
4440,98_9_17,124_19_35,125_6_10,152_20_25,812_24_24,,,,,,,,,,,,,,,,,,,,,,,,,,,,,,,,,,,
4441,97_9_18,126_60_60,119_65_65,156_54_70,812_24_24,,,,,,,,,,,,,,,,,,,,,,,,,,,,,,,,,,,
4442,100_9_18,119_5_5,124_15_15,157_12_15,812_24_24,,,,,,,,,,,,,,,,,,,,,,,,,,,,,,,,,,,
4443,99_10_18,118_50_50,152_16_20,812_24_24,,,,,,,,,,,,,,,,,,,,,,,,,,,,,,,,,,,,
4444,100_9_18,118_21_40,126_6_10,123_21_40,124_5_5,154_42_55,812_24_24,,,,,,,,,,,,,,,,,,,,,,,,,,,,,,,,,
4445,100_9_17,118_11_20,123_24_45,125_21_40,156_24_30,812_24_24,,,,,,,,,,,,,,,,,,,,,,,,,,,,,,,,,,
4446,99_9_18,126_10_10,119_40_40,125_70_70,157_72_95,812_25_25,,,,,,,,,,,,,,,,,,,,,,,,,,,,,,,,,,
4447,100_9_18,118_14_40,119_23_65,124_4_10,152_16_20,812_25_25,,,,,,,,,,,,,,,,,,,,,,,,,,,,,,,,,,
4448,99_9_19,123_29_55,119_6_10,125_14_25,157_24_30,812_25_25,,,,,,,,,,,,,,,,,,,,,,,,,,,,,,,,,,
4449,99_9_17,118_15_15,125_75_75,154_5_5,156_16_20,812_25_25,,,,,,,,,,,,,,,,,,,,,,,,,,,,,,,,,,
4450,100_10_18,118_21_40,126_21_40,123_21_40,156_16_20,812_25_25,,,,,,,,,,,,,,,,,,,,,,,,,,,,,,,,,,
4451,100_9_17,123_25_25,125_55_55,154_12_15,812_25_25,,,,,,,,,,,,,,,,,,,,,,,,,,,,,,,,,,,
4452,100_9_19,123_5_5,119_70_70,125_65_65,157_31_40,812_26_26,,,,,,,,,,,,,,,,,,,,,,,,,,,,,,,,,,
4453,96_9_18,118_70_70,124_5_5,812_26_26,,,,,,,,,,,,,,,,,,,,,,,,,,,,,,,,,,,,
4454,100_10_18,126_5_5,119_70_70,156_46_60,812_26_26,,,,,,,,,,,,,,,,,,,,,,,,,,,,,,,,,,,
4455,100_10_18,124_25_25,153_27_35,812_26_26,,,,,,,,,,,,,,,,,,,,,,,,,,,,,,,,,,,,
4456,100_9_19,118_5_5,126_4_10,124_14_40,152_5_5,154_12_15,812_26_26,,,,,,,,,,,,,,,,,,,,,,,,,,,,,,,,,
4457,99_9_17,123_5_5,124_30_30,125_55_55,154_65_85,812_26_26,,,,,,,,,,,,,,,,,,,,,,,,,,,,,,,,,,
4458,99_10_19,125_26_75,812_27_27,,,,,,,,,,,,,,,,,,,,,,,,,,,,,,,,,,,,,
4459,98_9_19,119_10_45,124_8_35,152_20_25,812_27_27,,,,,,,,,,,,,,,,,,,,,,,,,,,,,,,,,,,
4460,98_10_18,118_80_80,125_55_55,156_12_15,812_27_27,,,,,,,,,,,,,,,,,,,,,,,,,,,,,,,,,,,
4461,99_9_18,124_16_30,125_26_50,152_31_40,812_27_27,,,,,,,,,,,,,,,,,,,,,,,,,,,,,,,,,,,
4462,99_9_17,119_26_50,124_21_40,157_27_35,812_27_27,,,,,,,,,,,,,,,,,,,,,,,,,,,,,,,,,,,
4463,100_10_19,123_31_60,125_19_35,156_12_15,812_27_27,,,,,,,,,,,,,,,,,,,,,,,,,,,,,,,,,,,
4464,98_10_19,119_9_15,124_24_45,125_5_5,152_35_45,812_28_28,,,,,,,,,,,,,,,,,,,,,,,,,,,,,,,,,,
4465,100_10_18,126_60_60,123_30_30,119_5_5,153_9_10,812_28_28,,,,,,,,,,,,,,,,,,,,,,,,,,,,,,,,,,
4466,100_10_20,118_16_60,125_19_70,152_61_80,812_28_28,,,,,,,,,,,,,,,,,,,,,,,,,,,,,,,,,,,
4467,97_10_19,118_21_40,123_31_60,812_28_28,,,,,,,,,,,,,,,,,,,,,,,,,,,,,,,,,,,,
4468,99_11_20,118_31_60,125_26_50,154_20_25,812_28_28,,,,,,,,,,,,,,,,,,,,,,,,,,,,,,,,,,,
4469,97_10_20,123_29_55,124_16_30,125_5_5,157_24_30,812_28_28,,,,,,,,,,,,,,,,,,,,,,,,,,,,,,,,,,
4470,96_10_18,118_8_20,126_21_60,123_18_50,125_5_5,156_16_20,812_29_29,,,,,,,,,,,,,,,,,,,,,,,,,,,,,,,,,
4471,96_10_18,126_26_75,123_21_60,153_24_30,812_29_29,,,,,,,,,,,,,,,,,,,,,,,,,,,,,,,,,,,
4472,99_10_19,118_19_35,126_19_35,123_26_50,125_11_20,156_31_40,812_29_29,,,,,,,,,,,,,,,,,,,,,,,,,,,,,,,,,
4473,97_10_20,123_41_80,119_16_30,157_12_15,812_29_29,,,,,,,,,,,,,,,,,,,,,,,,,,,,,,,,,,,
4474,99_10_20,126_15_70,123_13_60,156_20_25,812_29_29,,,,,,,,,,,,,,,,,,,,,,,,,,,,,,,,,,,
4475,98_10_18,123_34_65,119_21_40,812_29_29,,,,,,,,,,,,,,,,,,,,,,,,,,,,,,,,,,,,
4476,100_10_18,118_6_15,123_16_45,124_9_25,154_27_35,812_?_?,,,,,,,,,,,,,,,,,,,,,,,,,,,,,,,,,,
4477,99_11_20,118_41_80,125_5_5,154_9_10,156_24_30,812_?_?,,,,,,,,,,,,,,,,,,,,,,,,,,,,,,,,,,
4478,97_10_19,118_5_5,126_15_15,123_45_45,119_85_85,156_9_10,153_9_10,812_?_?,,,,,,,,,,,,,,,,,,,,,,,,,,,,,,,,
4479,99_11_20,126_13_35,123_9_25,119_6_15,125_4_10,156_20_25,812_?_?,,,,,,,,,,,,,,,,,,,,,,,,,,,,,,,,,
4480,99_11_20,118_16_30,123_6_10,125_29_55,812_?_?,,,,,,,,,,,,,,,,,,,,,,,,,,,,,,,,,,,
4481,100_10_18,126_75_75,119_65_65,125_25_25,152_12_15,156_9_10,812_?_?,,,,,,,,,,,,,,,,,,,,,,,,,,,,,,,,,
4482,96_10_18,123_5_5,119_36_70,124_16_30,812_?_?,,,,,,,,,,,,,,,,,,,,,,,,,,,,,,,,,,,
4483,100_10_18,124_9_15,125_26_50,154_5_5,812_?_?,,,,,,,,,,,,,,,,,,,,,,,,,,,,,,,,,,,
4484,99_10_19,118_41_80,126_16_30,125_26_50,154_9_10,156_20_25,812_?_?,,,,,,,,,,,,,,,,,,,,,,,,,,,,,,,,,
4485,96_11_20,124_20_20,125_5_5,157_27_35,812_?_?,,,,,,,,,,,,,,,,,,,,,,,,,,,,,,,,,,,
4486,97_10_19,124_14_25,812_?_?,,,,,,,,,,,,,,,,,,,,,,,,,,,,,,,,,,,,,
4487,100_10_19,126_5_5,119_26_50,124_19_35,153_9_10,812_?_?,,,,,,,,,,,,,,,,,,,,,,,,,,,,,,,,,,
4488,100_10_18,118_24_70,126_4_10,123_13_35,119_29_85,156_24_30,812_?_?,,,,,,,,,,,,,,,,,,,,,,,,,,,,,,,,,
4489,99_10_20,126_17_65,119_19_70,125_6_20,157_5_5,812_?_?,,,,,,,,,,,,,,,,,,,,,,,,,,,,,,,,,,
4490,98_10_18,123_10_35,119_21_80,124_6_20,812_?_?,,,,,,,,,,,,,,,,,,,,,,,,,,,,,,,,,,,
4491,99_10_18,118_75_75,123_60_60,119_5_5,156_20_25,812_?_?,,,,,,,,,,,,,,,,,,,,,,,,,,,,,,,,,,
4492,98_10_18,119_14_50,124_11_40,125_9_30,152_20_25,812_?_?,,,,,,,,,,,,,,,,,,,,,,,,,,,,,,,,,,
4493,96_11_20,126_31_60,125_34_65,157_24_30,812_?_?,,,,,,,,,,,,,,,,,,,,,,,,,,,,,,,,,,,
4494,100_11_20,123_9_15,119_36_70,124_14_25,153_5_5,812_?_?,,,,,,,,,,,,,,,,,,,,,,,,,,,,,,,,,,
4495,97_10_21,119_9_15,124_14_25,157_9_10,812_?_?,,,,,,,,,,,,,,,,,,,,,,,,,,,,,,,,,,,
4496,98_10_19,126_60_60,123_15_15,125_55_55,812_?_?,,,,,,,,,,,,,,,,,,,,,,,,,,,,,,,,,,,
4497,99_11_21,126_14_80,119_9_50,124_4_15,153_27_35,812_?_?,,,,,,,,,,,,,,,,,,,,,,,,,,,,,,,,,,
4498,100_10_19,118_21_80,123_5_15,119_14_50,124_6_20,153_12_15,812_?_?,,,,,,,,,,,,,,,,,,,,,,,,,,,,,,,,,
4499,99_11_21,118_46_90,123_21_40,125_29_55,156_31_40,812_?_?,,,,,,,,,,,,,,,,,,,,,,,,,,,,,,,,,,
4500,100_10_18,123_1_70,124_6_10,812_?_?,,,,,,,,,,,,,,,,,,,,,,,,,,,,,,,,,,,,
4501,99_10_19,124_36_70,152_12_15,154_31_40,812_?_?,,,,,,,,,,,,,,,,,,,,,,,,,,,,,,,,,,,
4502,100_11_20,126_55_55,119_65_65,124_5_5,125_10_10,812_?_?,,,,,,,,,,,,,,,,,,,,,,,,,,,,,,,,,,
4503,97_10_19,118_16_60,124_7_25,153_5_5,812_?_?,,,,,,,,,,,,,,,,,,,,,,,,,,,,,,,,,,,
4504,99_11_21,126_11_45,123_11_45,125_11_45,154_26_30,156_26_30,812_?_?,,,,,,,,,,,,,,,,,,,,,,,,,,,,,,,,,
4505,100_11_20,119_5_5,124_9_15,812_?_?,,,,,,,,,,,,,,,,,,,,,,,,,,,,,,,,,,,,
4506,99_11_21,118_5_5,123_26_50,156_12_15,812_?_?,,,,,,,,,,,,,,,,,,,,,,,,,,,,,,,,,,,
4507,96_10_19,123_21_60,119_24_70,125_18_50,156_24_30,812_?_?,,,,,,,,,,,,,,,,,,,,,,,,,,,,,,,,,,
4508,99_11_20,126_9_25,124_8_20,125_13_35,152_12_15,812_?_?,,,,,,,,,,,,,,,,,,,,,,,,,,,,,,,,,,
4509,100_11_20,118_5_5,126_75_75,119_75_75,156_12_15,812_?_?,,,,,,,,,,,,,,,,,,,,,,,,,,,,,,,,,,
4510,99_11_21,126_21_80,123_24_90,154_20_25,153_16_20,812_?_?,,,,,,,,,,,,,,,,,,,,,,,,,,,,,,,,,,
4511,99_10_19,126_23_65,123_23_65,125_11_30,812_?_?,,,,,,,,,,,,,,,,,,,,,,,,,,,,,,,,,,,
4512,99_11_21,124_9_25,125_14_40,812_30_30,,,,,,,,,,,,,,,,,,,,,,,,,,,,,,,,,,,,
4513,98_11_21,126_5_5,119_4_10,124_7_25,125_5_5,812_30_30,,,,,,,,,,,,,,,,,,,,,,,,,,,,,,,,,,
4514,99_10_19,118_39_75,126_11_20,123_41_80,154_24_30,812_30_30,,,,,,,,,,,,,,,,,,,,,,,,,,,,,,,,,,
4515,99_10_19,126_6_20,124_19_70,157_24_30,812_30_30,,,,,,,,,,,,,,,,,,,,,,,,,,,,,,,,,,,
4516,100_11_21,123_85_85,119_85_85,125_40_40,157_27_35,812_30_30,,,,,,,,,,,,,,,,,,,,,,,,,,,,,,,,,,
4517,98_10_19,118_80_80,123_85_85,154_20_25,156_16_20,812_30_30,,,,,,,,,,,,,,,,,,,,,,,,,,,,,,,,,,
4518,98_11_21,124_23_65,125_13_35,152_35_45,154_16_20,812_31_31,,,,,,,,,,,,,,,,,,,,,,,,,,,,,,,,,,
4519,98_10_19,118_26_75,126_21_60,119_18_50,156_24_30,812_31_31,,,,,,,,,,,,,,,,,,,,,,,,,,,,,,,,,,
4520,99_11_20,118_16_60,126_24_90,124_6_20,125_5_5,154_27_35,812_31_31,,,,,,,,,,,,,,,,,,,,,,,,,,,,,,,,,
4521,100_10_19,126_30_30,119_65_65,125_65_65,156_9_10,812_31_31,,,,,,,,,,,,,,,,,,,,,,,,,,,,,,,,,,
4522,99_11_21,118_26_100,123_5_15,124_6_20,125_14_50,154_31_40,812_31_31,,,,,,,,,,,,,,,,,,,,,,,,,,,,,,,,,
4523,100_10_19,118_9_25,126_33_95,119_5_5,124_4_10,812_31_31,,,,,,,,,,,,,,,,,,,,,,,,,,,,,,,,,,
4524,98_11_21,118_34_65,126_6_10,124_6_10,154_20_25,812_32_32,,,,,,,,,,,,,,,,,,,,,,,,,,,,,,,,,,
4525,99_10_19,118_65_65,123_95_95,125_20_20,154_31_40,812_32_32,,,,,,,,,,,,,,,,,,,,,,,,,,,,,,,,,,
4526,96_11_21,118_19_55,126_28_80,123_14_40,812_32_32,,,,,,,,,,,,,,,,,,,,,,,,,,,,,,,,,,,
4527,100_12_22,126_49_95,119_24_45,124_5_5,812_32_32,,,,,,,,,,,,,,,,,,,,,,,,,,,,,,,,,,,
4528,96_11_21,119_29_55,124_16_30,125_31_60,812_32_32,,,,,,,,,,,,,,,,,,,,,,,,,,,,,,,,,,,
4529,98_12_22,118_5_15,119_5_5,124_17_65,153_9_10,812_32_32,,,,,,,,,,,,,,,,,,,,,,,,,,,,,,,,,,
4530,96_11_21,123_26_75,119_33_95,156_31_40,153_9_10,812_33_33,,,,,,,,,,,,,,,,,,,,,,,,,,,,,,,,,,
4531,98_11_21,118_55_55,126_70_70,123_60_60,153_35_45,812_33_33,,,,,,,,,,,,,,,,,,,,,,,,,,,,,,,,,,
4532,100_11_20,118_19_55,126_34_100,119_28_80,156_20_25,812_33_33,,,,,,,,,,,,,,,,,,,,,,,,,,,,,,,,,,
4533,99_11_21,126_28_80,123_34_100,125_9_25,157_35_45,812_33_33,,,,,,,,,,,,,,,,,,,,,,,,,,,,,,,,,,
4534,99_11_21,118_21_40,126_24_45,123_16_30,119_14_25,156_12_15,812_33_33,,,,,,,,,,,,,,,,,,,,,,,,,,,,,,,,,
4535,97_12_22,124_19_55,157_20_25,812_33_33,,,,,,,,,,,,,,,,,,,,,,,,,,,,,,,,,,,,
4536,97_11_21,126_20_20,123_70_70,119_100_100,125_40_40,812_34_34,,,,,,,,,,,,,,,,,,,,,,,,,,,,,,,,,,
4537,100_11_20,123_85_85,119_75_75,157_5_5,812_34_34,,,,,,,,,,,,,,,,,,,,,,,,,,,,,,,,,,,
4538,100_12_22,126_6_10,119_34_65,125_54_105,156_42_55,812_34_34,,,,,,,,,,,,,,,,,,,,,,,,,,,,,,,,,,
4539,99_12_22,118_4_10,123_14_40,124_6_15,812_34_34,,,,,,,,,,,,,,,,,,,,,,,,,,,,,,,,,,,
4540,96_12_22,124_18_50,125_31_90,152_50_65,812_34_34,,,,,,,,,,,,,,,,,,,,,,,,,,,,,,,,,,,
4541,99_12_22,126_16_60,123_25_95,119_15_55,157_12_15,812_34_34,,,,,,,,,,,,,,,,,,,,,,,,,,,,,,,,,,
4542,100_11_20,123_41_80,124_11_20,153_24_30,812_35_35,,,,,,,,,,,,,,,,,,,,,,,,,,,,,,,,,,,
4543,96_12_22,118_11_30,126_4_10,119_28_80,124_16_45,153_80_105,812_35_35,,,,,,,,,,,,,,,,,,,,,,,,,,,,,,,,,
4544,100_12_22,118_15_55,123_21_80,154_9_10,812_35_35,,,,,,,,,,,,,,,,,,,,,,,,,,,,,,,,,,,
4545,99_11_21,126_19_55,119_19_55,125_34_100,156_20_25,812_35_35,,,,,,,,,,,,,,,,,,,,,,,,,,,,,,,,,,
4546,99_11_20,118_100_100,123_60_60,119_15_15,125_65_65,156_27_35,812_35_35,,,,,,,,,,,,,,,,,,,,,,,,,,,,,,,,,
4547,100_11_20,118_4_10,123_9_30,124_19_70,812_35_35,,,,,,,,,,,,,,,,,,,,,,,,,,,,,,,,,,,
4548,100_11_20,126_20_20,123_85_85,125_45_45,154_9_10,156_9_10,812_36_36,,,,,,,,,,,,,,,,,,,,,,,,,,,,,,,,,
4549,100_12_22,118_5_5,126_39_75,119_26_50,812_36_36,,,,,,,,,,,,,,,,,,,,,,,,,,,,,,,,,,,
4550,99_11_21,118_49_95,126_21_40,119_41_80,156_9_10,153_12_15,812_36_36,,,,,,,,,,,,,,,,,,,,,,,,,,,,,,,,,
4551,97_12_22,118_12_45,126_16_60,124_11_40,812_36_36,,,,,,,,,,,,,,,,,,,,,,,,,,,,,,,,,,,
4552,99_12_22,123_36_105,119_4_10,125_16_45,156_20_25,812_36_36,,,,,,,,,,,,,,,,,,,,,,,,,,,,,,,,,,
4553,100_11_20,126_26_50,124_21_40,125_24_45,152_9_10,812_36_36,,,,,,,,,,,,,,,,,,,,,,,,,,,,,,,,,,
4554,97_11_21,119_41_80,124_31_60,157_16_20,152_16_20,812_37_37,,,,,,,,,,,,,,,,,,,,,,,,,,,,,,,,,,
4555,99_11_20,124_19_55,125_6_15,152_20_25,812_37_37,,,,,,,,,,,,,,,,,,,,,,,,,,,,,,,,,,,
4556,100_11_20,119_51_100,124_6_10,125_16_30,812_37_37,,,,,,,,,,,,,,,,,,,,,,,,,,,,,,,,,,,
4557,100_12_22,126_16_45,124_21_60,157_9_10,812_37_37,,,,,,,,,,,,,,,,,,,,,,,,,,,,,,,,,,,
4558,100_11_20,123_50_50,119_110_110,125_85_85,157_5_5,812_37_37,,,,,,,,,,,,,,,,,,,,,,,,,,,,,,,,,,
4559,96_11_20,123_11_40,124_14_50,812_37_37,,,,,,,,,,,,,,,,,,,,,,,,,,,,,,,,,,,,
4560,100_12_22,126_41_80,123_11_20,119_51_100,125_19_35,812_38_38,,,,,,,,,,,,,,,,,,,,,,,,,,,,,,,,,,
4561,100_11_20,118_29_85,123_29_85,119_16_45,125_9_25,812_38_38,,,,,,,,,,,,,,,,,,,,,,,,,,,,,,,,,,
4562,100_11_20,118_33_95,126_14_40,125_24_70,156_54_70,812_38_38,,,,,,,,,,,,,,,,,,,,,,,,,,,,,,,,,,
4563,100_12_23,126_110_110,123_5_5,157_20_25,156_31_40,812_38_38,,,,,,,,,,,,,,,,,,,,,,,,,,,,,,,,,,
4564,96_12_23,118_5_20,126_22_105,123_21_100,119_11_50,156_39_50,153_35_45,812_38_38,,,,,,,,,,,,,,,,,,,,,,,,,,,,,,,,
4565,99_11_21,126_17_80,124_15_70,157_35_45,153_20_25,812_38_38,,,,,,,,,,,,,,,,,,,,,,,,,,,,,,,,,,
4566,100_12_23,118_17_65,123_9_30,119_20_75,812_39_39,,,,,,,,,,,,,,,,,,,,,,,,,,,,,,,,,,,
4567,100_11_21,118_19_35,123_56_110,119_16_30,812_39_39,,,,,,,,,,,,,,,,,,,,,,,,,,,,,,,,,,,
4568,100_12_23,118_21_100,126_17_80,119_3_10,156_20_25,153_31_40,812_39_39,,,,,,,,,,,,,,,,,,,,,,,,,,,,,,,,,
4569,99_12_22,118_75_75,126_5_5,125_55_55,156_5_5,812_39_39,,,,,,,,,,,,,,,,,,,,,,,,,,,,,,,,,,
4570,100_12_23,118_6_15,126_33_95,119_28_80,156_12_15,812_39_39,,,,,,,,,,,,,,,,,,,,,,,,,,,,,,,,,,
4571,96_12_23,124_19_70,125_5_5,154_5_5,812_39_39,,,,,,,,,,,,,,,,,,,,,,,,,,,,,,,,,,,
4572,100_11_21,126_70_70,123_55_55,125_30_30,812_?_?,,,,,,,,,,,,,,,,,,,,,,,,,,,,,,,,,,,
4573,99_12_22,126_28_80,123_34_100,125_18_50,157_42_55,812_?_?,,,,,,,,,,,,,,,,,,,,,,,,,,,,,,,,,,
4574,100_12_23,126_59_115,119_49_95,125_6_10,152_39_50,812_?_?,,,,,,,,,,,,,,,,,,,,,,,,,,,,,,,,,,
4575,99_12_22,118_90_90,123_95_95,156_9_10,812_?_?,,,,,,,,,,,,,,,,,,,,,,,,,,,,,,,,,,,
4576,99_12_23,118_8_35,119_21_100,124_12_55,125_9_40,812_?_?,,,,,,,,,,,,,,,,,,,,,,,,,,,,,,,,,,
4577,100_12_23,126_54_105,123_46_90,119_21_40,156_42_55,812_?_?,,,,,,,,,,,,,,,,,,,,,,,,,,,,,,,,,,
4578,100_12_22,118_6_15,119_6_15,124_9_25,152_9_10,812_?_?,,,,,,,,,,,,,,,,,,,,,,,,,,,,,,,,,,
4579,97_12_22,118_5_5,126_70_70,123_10_10,119_20_20,125_80_80,812_?_?,,,,,,,,,,,,,,,,,,,,,,,,,,,,,,,,,
4580,100_11_21,118_16_60,123_5_15,119_25_95,124_12_45,812_?_?,,,,,,,,,,,,,,,,,,,,,,,,,,,,,,,,,,
4581,99_11_21,118_51_100,126_19_35,123_51_100,119_49_95,156_87_115,812_?_?,,,,,,,,,,,,,,,,,,,,,,,,,,,,,,,,,
4582,99_11_21,126_29_85,119_38_110,152_31_40,812_?_?,,,,,,,,,,,,,,,,,,,,,,,,,,,,,,,,,,,
4583,100_12_22,124_26_100,152_20_25,812_?_?,,,,,,,,,,,,,,,,,,,,,,,,,,,,,,,,,,,,
4584,100_12_23,123_14_50,124_16_60,125_4_10,812_?_?,,,,,,,,,,,,,,,,,,,,,,,,,,,,,,,,,,,
4585,99_12_23,118_4_10,119_5_5,124_24_90,125_12_45,152_42_55,812_?_?,,,,,,,,,,,,,,,,,,,,,,,,,,,,,,,,,
4586,100_11_21,119_49_95,124_24_45,812_?_?,,,,,,,,,,,,,,,,,,,,,,,,,,,,,,,,,,,,
4587,100_11_21,119_45_45,125_55_55,812_?_?,,,,,,,,,,,,,,,,,,,,,,,,,,,,,,,,,,,,
4588,100_12_23,118_24_90,126_11_40,123_22_85,124_5_5,153_27_35,812_?_?,,,,,,,,,,,,,,,,,,,,,,,,,,,,,,,,,
4589,100_12_23,118_5_5,126_23_65,123_14_40,124_16_45,153_16_20,812_?_?,,,,,,,,,,,,,,,,,,,,,,,,,,,,,,,,,
4590,99_11_21,126_28_80,123_39_115,119_43_125,156_61_80,812_?_?,,,,,,,,,,,,,,,,,,,,,,,,,,,,,,,,,,
4591,99_11_21,123_105_105,119_55_55,125_90_90,156_31_40,812_?_?,,,,,,,,,,,,,,,,,,,,,,,,,,,,,,,,,,
4592,99_12_23,123_61_120,119_24_45,125_51_100,157_9_10,812_?_?,,,,,,,,,,,,,,,,,,,,,,,,,,,,,,,,,,
4593,98_12_22,126_16_30,123_29_55,119_19_35,156_35_45,812_?_?,,,,,,,,,,,,,,,,,,,,,,,,,,,,,,,,,,
4594,97_12_23,126_80_80,123_110_110,119_15_15,157_24_30,812_?_?,,,,,,,,,,,,,,,,,,,,,,,,,,,,,,,,,,
4595,100_12_23,126_31_90,123_38_110,125_34_100,156_12_15,812_?_?,,,,,,,,,,,,,,,,,,,,,,,,,,,,,,,,,,
4596,99_12_22,118_5_5,123_55_55,125_90_90,156_12_15,812_?_?,,,,,,,,,,,,,,,,,,,,,,,,,,,,,,,,,,
4597,97_12_22,118_26_100,126_20_75,156_12_15,812_?_?,,,,,,,,,,,,,,,,,,,,,,,,,,,,,,,,,,,
4598,98_12_23,118_5_15,126_24_90,119_11_40,153_35_45,812_?_?,,,,,,,,,,,,,,,,,,,,,,,,,,,,,,,,,,
4599,96_12_23,126_16_45,119_31_90,124_4_10,812_?_?,,,,,,,,,,,,,,,,,,,,,,,,,,,,,,,,,,,
4600,100_12_22,126_11_20,119_56_110,124_6_10,153_12_15,812_?_?,,,,,,,,,,,,,,,,,,,,,,,,,,,,,,,,,,
4601,100_12_23,118_24_115,126_13_60,123_7_30,154_5_5,156_24_30,812_?_?,,,,,,,,,,,,,,,,,,,,,,,,,,,,,,,,,
4602,99_12_23,126_13_60,119_7_30,124_14_65,152_16_20,812_?_?,,,,,,,,,,,,,,,,,,,,,,,,,,,,,,,,,,
4603,98_13_24,118_26_100,126_5_5,119_24_90,125_19_70,156_12_15,812_?_?,,,,,,,,,,,,,,,,,,,,,,,,,,,,,,,,,
4604,99_13_24,118_56_110,123_44_85,119_44_85,156_16_20,812_?_?,,,,,,,,,,,,,,,,,,,,,,,,,,,,,,,,,,
4605,100_13_24,126_100_100,119_90_90,125_30_30,157_20_25,156_20_25,812_?_?,,,,,,,,,,,,,,,,,,,,,,,,,,,,,,,,,
4606,97_13_24,123_4_10,124_14_40,125_33_95,157_5_5,812_?_?,,,,,,,,,,,,,,,,,,,,,,,,,,,,,,,,,,
4607,99_12_23,126_26_100,123_27_105,125_22_85,812_?_?,,,,,,,,,,,,,,,,,,,,,,,,,,,,,,,,,,,
4608,99_13_24,123_59_115,124_5_5,125_6_10,154_12_15,812_40_40,,,,,,,,,,,,,,,,,,,,,,,,,,,,,,,,,,
4609,98_13_24,118_4_10,123_21_80,124_17_65,154_31_40,812_40_40,,,,,,,,,,,,,,,,,,,,,,,,,,,,,,,,,,
4610,99_12_22,118_49_95,119_54_105,124_19_35,812_40_40,,,,,,,,,,,,,,,,,,,,,,,,,,,,,,,,,,,
4611,99_12_22,126_26_100,123_27_105,125_20_75,157_27_35,154_42_55,812_40_40,,,,,,,,,,,,,,,,,,,,,,,,,,,,,,,,,
4612,98_12_22,118_31_90,126_41_120,123_19_55,119_29_85,156_42_55,812_40_40,,,,,,,,,,,,,,,,,,,,,,,,,,,,,,,,,
4613,99_12_22,118_25_95,126_26_100,812_40_40,,,,,,,,,,,,,,,,,,,,,,,,,,,,,,,,,,,,
4614,97_13_24,118_6_15,126_34_100,119_34_100,125_5_5,152_35_45,812_41_41,,,,,,,,,,,,,,,,,,,,,,,,,,,,,,,,,
4615,99_12_23,118_33_95,123_34_100,124_23_65,154_27_35,812_41_41,,,,,,,,,,,,,,,,,,,,,,,,,,,,,,,,,,
4616,99_12_22,126_17_95,124_18_100,152_46_60,812_41_41,,,,,,,,,,,,,,,,,,,,,,,,,,,,,,,,,,,
4617,99_13_24,118_24_70,119_34_100,124_16_45,812_41_41,,,,,,,,,,,,,,,,,,,,,,,,,,,,,,,,,,,
4618,100_12_22,118_16_45,123_24_70,119_21_60,124_8_20,125_33_95,812_41_41,,,,,,,,,,,,,,,,,,,,,,,,,,,,,,,,,
4619,96_13_24,118_26_75,126_34_100,123_13_35,119_28_80,125_16_45,812_41_41,,,,,,,,,,,,,,,,,,,,,,,,,,,,,,,,,
4620,99_12_23,126_16_60,119_34_130,124_10_35,125_26_100,157_46_60,812_42_42,,,,,,,,,,,,,,,,,,,,,,,,,,,,,,,,,
4621,99_13_24,118_39_115,126_16_45,123_18_50,125_13_35,812_42_42,,,,,,,,,,,,,,,,,,,,,,,,,,,,,,,,,,
4622,98_12_22,118_100_100,123_25_25,125_110_110,154_5_5,812_42_42,,,,,,,,,,,,,,,,,,,,,,,,,,,,,,,,,,
4623,96_13_24,126_11_30,123_11_30,125_41_120,156_16_20,812_42_42,,,,,,,,,,,,,,,,,,,,,,,,,,,,,,,,,,
4624,97_12_22,118_27_105,126_17_65,123_14_50,156_35_45,812_42_42,,,,,,,,,,,,,,,,,,,,,,,,,,,,,,,,,,
4625,99_12_23,118_105_105,125_90_90,156_39_50,812_42_42,,,,,,,,,,,,,,,,,,,,,,,,,,,,,,,,,,,
4626,99_13_24,118_5_5,119_34_100,124_16_45,125_21_60,812_43_43,,,,,,,,,,,,,,,,,,,,,,,,,,,,,,,,,,
4627,98_12_23,118_26_100,126_5_15,119_29_110,125_14_50,156_42_55,812_43_43,,,,,,,,,,,,,,,,,,,,,,,,,,,,,,,,,
4628,99_12_22,126_35_135,119_25_95,157_16_20,156_31_40,812_43_43,,,,,,,,,,,,,,,,,,,,,,,,,,,,,,,,,,
4629,99_13_24,126_18_100,123_15_85,119_18_100,125_19_105,156_46_60,812_43_43,,,,,,,,,,,,,,,,,,,,,,,,,,,,,,,,,
4630,99_12_22,118_31_90,126_28_80,119_34_100,125_8_20,156_39_50,812_43_43,,,,,,,,,,,,,,,,,,,,,,,,,,,,,,,,,
4631,100_12_22,126_100_100,119_100_100,125_90_90,157_5_5,812_43_43,,,,,,,,,,,,,,,,,,,,,,,,,,,,,,,,,,
4632,98_13_24,118_8_20,123_13_35,119_16_45,125_14_40,812_44_44,,,,,,,,,,,,,,,,,,,,,,,,,,,,,,,,,,
4633,100_12_22,118_29_110,126_5_15,125_20_75,156_12_15,812_44_44,,,,,,,,,,,,,,,,,,,,,,,,,,,,,,,,,,
4634,100_12_22,118_35_135,126_26_100,119_19_70,152_5_5,812_44_44,,,,,,,,,,,,,,,,,,,,,,,,,,,,,,,,,,
4635,100_13_24,118_15_55,123_21_80,119_26_100,812_44_44,,,,,,,,,,,,,,,,,,,,,,,,,,,,,,,,,,,
4636,100_12_23,126_135_135,124_15_15,125_100_100,157_12_15,812_44_44,,,,,,,,,,,,,,,,,,,,,,,,,,,,,,,,,,
4637,100_12_22,119_16_45,124_23_65,125_39_115,812_44_44,,,,,,,,,,,,,,,,,,,,,,,,,,,,,,,,,,,
4638,100_12_22,126_140_140,123_130_130,157_46_60,156_24_30,812_45_45,,,,,,,,,,,,,,,,,,,,,,,,,,,,,,,,,,
4639,99_12_22,118_16_60,123_25_95,124_26_100,153_35_45,812_45_45,,,,,,,,,,,,,,,,,,,,,,,,,,,,,,,,,,
4640,98_12_23,126_21_100,119_21_100,124_9_40,153_39_50,812_45_45,,,,,,,,,,,,,,,,,,,,,,,,,,,,,,,,,,
4641,98_13_24,118_8_35,126_3_10,119_21_100,124_6_25,812_45_45,,,,,,,,,,,,,,,,,,,,,,,,,,,,,,,,,,
4642,99_12_23,118_24_115,126_21_100,124_7_30,153_46_60,812_45_45,,,,,,,,,,,,,,,,,,,,,,,,,,,,,,,,,,
4643,99_13_24,126_5_15,123_17_65,119_14_50,124_19_70,125_20_75,812_45_45,,,,,,,,,,,,,,,,,,,,,,,,,,,,,,,,,
4644,98_13_25,123_9_50,119_18_100,124_5_5,125_21_120,812_46_46,,,,,,,,,,,,,,,,,,,,,,,,,,,,,,,,,,
4645,100_13_24,126_70_70,123_135_135,119_115_115,157_24_30,153_39_50,812_46_46,,,,,,,,,,,,,,,,,,,,,,,,,,,,,,,,,
4646,98_12_23,123_16_75,119_19_90,124_18_85,812_46_46,,,,,,,,,,,,,,,,,,,,,,,,,,,,,,,,,,,
4647,100_13_24,118_16_45,126_33_95,119_5_5,124_11_30,125_33_95,812_46_46,,,,,,,,,,,,,,,,,,,,,,,,,,,,,,,,,
4648,100_12_23,118_9_50,119_17_95,124_20_115,152_5_5,153_9_10,812_46_46,,,,,,,,,,,,,,,,,,,,,,,,,,,,,,,,,
4649,97_13_24,118_29_85,126_13_35,119_16_45,125_24_70,152_9_10,812_46_46,,,,,,,,,,,,,,,,,,,,,,,,,,,,,,,,,
4650,97_13_25,118_9_25,126_44_130,123_26_75,156_9_10,812_47_47,,,,,,,,,,,,,,,,,,,,,,,,,,,,,,,,,,
4651,99_12_23,126_20_115,124_14_80,125_9_50,812_47_47,,,,,,,,,,,,,,,,,,,,,,,,,,,,,,,,,,,
4652,100_13_24,126_80_80,119_100_100,152_35_45,153_35_45,812_47_47,,,,,,,,,,,,,,,,,,,,,,,,,,,,,,,,,,
4653,97_12_23,118_21_40,123_51_100,119_44_85,125_21_40,156_42_55,812_47_47,,,,,,,,,,,,,,,,,,,,,,,,,,,,,,,,,
4654,96_13_25,118_7_30,123_13_60,124_10_45,125_12_55,812_47_47,,,,,,,,,,,,,,,,,,,,,,,,,,,,,,,,,,
4655,98_13_24,123_11_40,124_26_100,125_12_45,812_47_47,,,,,,,,,,,,,,,,,,,,,,,,,,,,,,,,,,,
4656,100_12_23,118_14_65,119_17_80,124_17_80,125_14_65,812_48_48,,,,,,,,,,,,,,,,,,,,,,,,,,,,,,,,,,
4657,100_13_24,126_59_115,119_5_5,124_29_55,157_12_15,812_48_48,,,,,,,,,,,,,,,,,,,,,,,,,,,,,,,,,,
4658,100_13_25,126_14_25,123_51_100,119_51_100,125_24_45,156_39_50,812_48_48,,,,,,,,,,,,,,,,,,,,,,,,,,,,,,,,,
4659,96_13_25,126_7_45,123_14_100,119_6_40,124_14_100,157_31_40,153_5_5,812_48_48,,,,,,,,,,,,,,,,,,,,,,,,,,,,,,,,
4660,99_13_24,118_34_100,123_13_35,124_26_75,125_34_100,154_35_45,812_48_48,,,,,,,,,,,,,,,,,,,,,,,,,,,,,,,,,
4661,96_12_23,126_31_90,123_16_45,124_11_30,154_35_45,812_48_48,,,,,,,,,,,,,,,,,,,,,,,,,,,,,,,,,,
4662,100_13_25,118_22_85,123_25_95,125_29_110,156_39_50,812_49_49,,,,,,,,,,,,,,,,,,,,,,,,,,,,,,,,,,
4663,100_13_25,119_5_5,124_16_75,125_20_95,812_49_49,,,,,,,,,,,,,,,,,,,,,,,,,,,,,,,,,,,
4664,97_13_24,126_100_100,119_70_70,125_110_110,156_9_10,812_49_49,,,,,,,,,,,,,,,,,,,,,,,,,,,,,,,,,,
4665,99_13_25,123_59_115,119_51_100,124_5_5,125_41_80,812_49_49,,,,,,,,,,,,,,,,,,,,,,,,,,,,,,,,,,
4666,96_13_25,118_21_100,126_21_100,123_21_100,125_16_75,154_20_25,812_49_49,,,,,,,,,,,,,,,,,,,,,,,,,,,,,,,,,
4667,99_13_24,118_15_55,126_21_80,119_26_100,124_9_30,812_49_49,,,,,,,,,,,,,,,,,,,,,,,,,,,,,,,,,,
4668,99_13_24,126_9_50,119_18_100,124_21_120,157_54_70,812_?_?,,,,,,,,,,,,,,,,,,,,,,,,,,,,,,,,,,
4669,98_13_24,118_26_75,126_13_35,123_24_70,119_23_65,812_?_?,,,,,,,,,,,,,,,,,,,,,,,,,,,,,,,,,,
4670,99_13_24,126_5_5,123_95_95,124_5_5,812_?_?,,,,,,,,,,,,,,,,,,,,,,,,,,,,,,,,,,,
4671,96_13_24,118_115_115,126_35_35,119_100_100,124_25_25,152_16_20,812_?_?,,,,,,,,,,,,,,,,,,,,,,,,,,,,,,,,,
4672,96_12_23,126_14_65,123_19_90,124_16_75,125_13_60,812_?_?,,,,,,,,,,,,,,,,,,,,,,,,,,,,,,,,,,
4673,100_13_24,126_11_30,119_31_90,124_26_75,812_?_?,,,,,,,,,,,,,,,,,,,,,,,,,,,,,,,,,,,
4674,98_13_25,118_24_70,126_14_40,123_34_100,124_11_30,812_?_?,,,,,,,,,,,,,,,,,,,,,,,,,,,,,,,,,,
4675,100_13_25,118_12_100,119_8_60,124_13_105,812_?_?,,,,,,,,,,,,,,,,,,,,,,,,,,,,,,,,,,,
4676,99_13_25,118_35_135,123_26_100,124_25_95,154_39_50,812_?_?,,,,,,,,,,,,,,,,,,,,,,,,,,,,,,,,,,
4677,99_13_24,126_30_115,123_15_55,156_12_15,812_?_?,,,,,,,,,,,,,,,,,,,,,,,,,,,,,,,,,,,
4678,100_13_24,126_100_100,123_120_120,125_130_130,154_12_15,812_?_?,,,,,,,,,,,,,,,,,,,,,,,,,,,,,,,,,,
4679,96_13_24,118_16_45,126_19_55,124_48_140,152_50_65,812_?_?,,,,,,,,,,,,,,,,,,,,,,,,,,,,,,,,,,
4680,100_14_26,118_14_100,126_5_30,123_4_20,124_10_70,125_12_90,812_?_?,,,,,,,,,,,,,,,,,,,,,,,,,,,,,,,,,
4681,99_14_26,118_18_100,126_14_80,119_5_5,124_11_60,152_39_50,812_?_?,,,,,,,,,,,,,,,,,,,,,,,,,,,,,,,,,
4682,99_13_25,118_150_150,123_125_125,125_100_100,154_42_55,812_?_?,,,,,,,,,,,,,,,,,,,,,,,,,,,,,,,,,,
4683,96_2_8,124_5_5,812_?_?,,,,,,,,,,,,,,,,,,,,,,,,,,,,,,,,,,,,,
4684,125_16_25,126_16_25,119_16_25,123_16_25,240_4_8,244_4_8,,,,,,,,,,,,,,,,,,,,,,,,,,,,,,,,,,
4685,100_2_7,119_5_5,125_5_5,812_?_?,,,,,,,,,,,,,,,,,,,,,,,,,,,,,,,,,,,,
4686,98_3_8,126_5_5,124_5_5,812_?_?,,,,,,,,,,,,,,,,,,,,,,,,,,,,,,,,,,,,
4687,98_4_8,119_5_5,124_5_5,812_?_?,,,,,,,,,,,,,,,,,,,,,,,,,,,,,,,,,,,,
4688,98_2_6,126_5_5,123_5_5,119_5_5,812_?_?,,,,,,,,,,,,,,,,,,,,,,,,,,,,,,,,,,,
4689,98_2_8,123_5_5,812_?_?,,,,,,,,,,,,,,,,,,,,,,,,,,,,,,,,,,,,,
4690,100_3_8,119_5_5,125_6_10,156_5_5,812_?_?,,,,,,,,,,,,,,,,,,,,,,,,,,,,,,,,,,,
4691,100_2_9,126_5_5,125_5_5,812_?_?,,,,,,,,,,,,,,,,,,,,,,,,,,,,,,,,,,,,
4692,99_2_8,118_5_5,126_5_5,119_5_5,812_?_?,,,,,,,,,,,,,,,,,,,,,,,,,,,,,,,,,,,
4693,98_2_7,118_5_5,126_5_5,812_?_?,,,,,,,,,,,,,,,,,,,,,,,,,,,,,,,,,,,,
4694,99_2_8,126_10_10,152_5_5,812_?_?,,,,,,,,,,,,,,,,,,,,,,,,,,,,,,,,,,,,
4695,97_2_9,123_5_5,124_5_5,157_5_5,812_?_?,,,,,,,,,,,,,,,,,,,,,,,,,,,,,,,,,,,
4696,100_4_7,125_5_5,812_?_?,,,,,,,,,,,,,,,,,,,,,,,,,,,,,,,,,,,,,
4697,98_4_7,118_5_5,119_5_5,812_?_?,,,,,,,,,,,,,,,,,,,,,,,,,,,,,,,,,,,,
4698,98_3_7,118_5_5,153_5_5,812_?_?,,,,,,,,,,,,,,,,,,,,,,,,,,,,,,,,,,,,
4699,96_3_9,126_5_5,119_5_5,152_5_5,812_?_?,,,,,,,,,,,,,,,,,,,,,,,,,,,,,,,,,,,
4700,98_3_9,126_5_5,119_5_5,812_?_?,,,,,,,,,,,,,,,,,,,,,,,,,,,,,,,,,,,,
4701,99_3_7,126_5_5,812_?_?,,,,,,,,,,,,,,,,,,,,,,,,,,,,,,,,,,,,,
4702,100_5_10,118_5_5,812_?_?,,,,,,,,,,,,,,,,,,,,,,,,,,,,,,,,,,,,,
4703,98_3_9,118_15_15,119_5_5,156_9_10,812_?_?,,,,,,,,,,,,,,,,,,,,,,,,,,,,,,,,,,,
4704,96_3_8,126_10_10,152_5_5,153_5_5,812_?_?,,,,,,,,,,,,,,,,,,,,,,,,,,,,,,,,,,,
4705,96_5_10,123_4_10,156_5_5,812_?_?,,,,,,,,,,,,,,,,,,,,,,,,,,,,,,,,,,,,
4706,96_4_10,126_5_5,119_5_5,812_?_?,,,,,,,,,,,,,,,,,,,,,,,,,,,,,,,,,,,,
4707,98_5_10,812_?_?,,,,,,,,,,,,,,,,,,,,,,,,,,,,,,,,,,,,,,
4708,100_3_9,118_6_10,812_?_?,,,,,,,,,,,,,,,,,,,,,,,,,,,,,,,,,,,,,
4709,98_5_9,157_5_5,812_?_?,,,,,,,,,,,,,,,,,,,,,,,,,,,,,,,,,,,,,
4710,100_3_8,125_10_10,157_5_5,155_5_5,812_?_?,,,,,,,,,,,,,,,,,,,,,,,,,,,,,,,,,,,
4711,99_5_10,119_6_15,156_5_5,812_?_?,,,,,,,,,,,,,,,,,,,,,,,,,,,,,,,,,,,,
4712,100_4_10,157_5_5,812_?_?,,,,,,,,,,,,,,,,,,,,,,,,,,,,,,,,,,,,,
4713,98_4_8,119_5_5,812_?_?,,,,,,,,,,,,,,,,,,,,,,,,,,,,,,,,,,,,,
4714,98_3_9,119_5_5,125_5_5,155_5_5,812_?_?,,,,,,,,,,,,,,,,,,,,,,,,,,,,,,,,,,,
4715,98_4_8,125_10_10,157_9_10,812_?_?,,,,,,,,,,,,,,,,,,,,,,,,,,,,,,,,,,,,
4716,100_3_8,118_5_5,812_?_?,,,,,,,,,,,,,,,,,,,,,,,,,,,,,,,,,,,,,
4717,98_6_11,119_5_5,124_5_5,155_5_5,812_?_?,,,,,,,,,,,,,,,,,,,,,,,,,,,,,,,,,,,
4718,100_4_11,119_5_5,812_?_?,,,,,,,,,,,,,,,,,,,,,,,,,,,,,,,,,,,,,
4719,100_4_11,123_5_5,119_5_5,157_5_5,812_?_?,,,,,,,,,,,,,,,,,,,,,,,,,,,,,,,,,,,
4720,100_3_9,126_5_5,812_?_?,,,,,,,,,,,,,,,,,,,,,,,,,,,,,,,,,,,,,
4721,98_5_10,123_10_10,155_5_5,153_5_5,812_?_?,,,,,,,,,,,,,,,,,,,,,,,,,,,,,,,,,,,
4722,98_4_11,126_10_10,123_5_5,153_5_5,812_?_?,,,,,,,,,,,,,,,,,,,,,,,,,,,,,,,,,,,
4723,99_4_11,126_6_10,156_5_5,812_?_?,,,,,,,,,,,,,,,,,,,,,,,,,,,,,,,,,,,,
4724,100_6_11,125_10_10,157_5_5,155_5_5,812_?_?,,,,,,,,,,,,,,,,,,,,,,,,,,,,,,,,,,,
4725,100_3_11,119_5_5,125_5_5,157_5_5,812_?_?,,,,,,,,,,,,,,,,,,,,,,,,,,,,,,,,,,,
4726,97_6_10,124_5_5,153_5_5,812_?_?,,,,,,,,,,,,,,,,,,,,,,,,,,,,,,,,,,,,
4727,99_5_9,125_5_5,157_9_10,812_?_?,,,,,,,,,,,,,,,,,,,,,,,,,,,,,,,,,,,,
4728,98_4_10,118_15_15,123_5_5,156_9_10,812_?_?,,,,,,,,,,,,,,,,,,,,,,,,,,,,,,,,,,,
4729,100_4_10,119_10_10,125_5_5,157_9_10,812_?_?,,,,,,,,,,,,,,,,,,,,,,,,,,,,,,,,,,,
4730,97_5_11,126_10_10,157_5_5,812_?_?,,,,,,,,,,,,,,,,,,,,,,,,,,,,,,,,,,,,
4731,98_6_10,123_10_10,125_5_5,157_9_10,812_?_?,,,,,,,,,,,,,,,,,,,,,,,,,,,,,,,,,,,
4732,100_5_12,126_10_10,152_16_20,812_?_?,,,,,,,,,,,,,,,,,,,,,,,,,,,,,,,,,,,,
4733,98_6_10,123_10_10,119_10_10,157_5_5,156_9_10,812_?_?,,,,,,,,,,,,,,,,,,,,,,,,,,,,,,,,,,
4734,100_5_11,123_10_10,157_5_5,812_?_?,,,,,,,,,,,,,,,,,,,,,,,,,,,,,,,,,,,,
4735,99_5_11,123_10_10,812_?_?,,,,,,,,,,,,,,,,,,,,,,,,,,,,,,,,,,,,,
4736,100_5_12,125_5_5,812_?_?,,,,,,,,,,,,,,,,,,,,,,,,,,,,,,,,,,,,,
4737,98_5_12,118_5_5,155_9_10,812_?_?,,,,,,,,,,,,,,,,,,,,,,,,,,,,,,,,,,,,
4738,100_4_12,118_6_10,119_11_20,155_5_5,156_9_10,812_?_?,,,,,,,,,,,,,,,,,,,,,,,,,,,,,,,,,,
4739,96_5_12,126_6_10,119_5_5,812_?_?,,,,,,,,,,,,,,,,,,,,,,,,,,,,,,,,,,,,
4740,96_5_10,124_5_5,125_5_5,152_5_5,812_?_?,,,,,,,,,,,,,,,,,,,,,,,,,,,,,,,,,,,
4741,100_7_12,118_6_10,119_5_5,153_9_10,812_?_?,,,,,,,,,,,,,,,,,,,,,,,,,,,,,,,,,,,
4742,100_6_10,126_5_5,119_20_20,152_16_20,812_?_?,,,,,,,,,,,,,,,,,,,,,,,,,,,,,,,,,,,
4743,96_5_11,119_5_5,125_10_10,157_5_5,156_5_5,812_?_?,,,,,,,,,,,,,,,,,,,,,,,,,,,,,,,,,,
4744,97_7_12,118_4_10,152_5_5,812_?_?,,,,,,,,,,,,,,,,,,,,,,,,,,,,,,,,,,,,
4745,99_4_10,118_5_5,123_5_5,812_?_?,,,,,,,,,,,,,,,,,,,,,,,,,,,,,,,,,,,,
4746,100_5_11,125_10_10,157_9_10,812_?_?,,,,,,,,,,,,,,,,,,,,,,,,,,,,,,,,,,,,
4747,100_6_11,123_15_15,156_9_10,153_5_5,812_?_?,,,,,,,,,,,,,,,,,,,,,,,,,,,,,,,,,,,
4748,96_7_12,119_15_15,153_9_10,812_?_?,,,,,,,,,,,,,,,,,,,,,,,,,,,,,,,,,,,,
4749,100_6_10,125_15_15,155_9_10,156_5_5,812_?_?,,,,,,,,,,,,,,,,,,,,,,,,,,,,,,,,,,,
4750,96_6_10,126_20_20,156_12_15,812_?_?,,,,,,,,,,,,,,,,,,,,,,,,,,,,,,,,,,,,
4751,100_4_11,119_25_25,124_5_5,157_16_20,812_?_?,,,,,,,,,,,,,,,,,,,,,,,,,,,,,,,,,,,
4752,100_4_12,124_5_5,155_9_10,812_?_?,,,,,,,,,,,,,,,,,,,,,,,,,,,,,,,,,,,,
4753,98_4_11,126_5_5,125_10_10,157_5_5,152_5_5,812_?_?,,,,,,,,,,,,,,,,,,,,,,,,,,,,,,,,,,
4754,98_4_11,812_?_?,,,,,,,,,,,,,,,,,,,,,,,,,,,,,,,,,,,,,,
4755,98_7_13,812_?_?,,,,,,,,,,,,,,,,,,,,,,,,,,,,,,,,,,,,,,
4756,97_6_11,126_5_5,157_9_10,812_?_?,,,,,,,,,,,,,,,,,,,,,,,,,,,,,,,,,,,,
4757,98_7_13,812_?_?,,,,,,,,,,,,,,,,,,,,,,,,,,,,,,,,,,,,,,
4758,98_7_12,123_15_15,153_12_15,812_?_?,,,,,,,,,,,,,,,,,,,,,,,,,,,,,,,,,,,,
4759,98_5_11,124_10_10,152_9_10,812_10_10,,,,,,,,,,,,,,,,,,,,,,,,,,,,,,,,,,,,
4760,99_7_12,119_20_20,812_10_10,,,,,,,,,,,,,,,,,,,,,,,,,,,,,,,,,,,,,
4761,98_6_13,118_5_5,123_15_15,155_12_15,812_10_10,,,,,,,,,,,,,,,,,,,,,,,,,,,,,,,,,,,
4762,96_7_13,119_25_25,157_9_10,152_9_10,812_10_10,,,,,,,,,,,,,,,,,,,,,,,,,,,,,,,,,,,
4763,98_7_13,123_5_5,119_4_10,125_5_5,155_5_5,812_10_10,,,,,,,,,,,,,,,,,,,,,,,,,,,,,,,,,,
4764,100_6_11,119_5_5,812_10_10,,,,,,,,,,,,,,,,,,,,,,,,,,,,,,,,,,,,,
4765,97_5_13,118_11_20,153_5_5,812_11_11,,,,,,,,,,,,,,,,,,,,,,,,,,,,,,,,,,,,
4766,96_5_12,126_10_10,152_5_5,812_11_11,,,,,,,,,,,,,,,,,,,,,,,,,,,,,,,,,,,,
4767,100_5_13,119_5_5,124_10_10,152_16_20,812_11_11,,,,,,,,,,,,,,,,,,,,,,,,,,,,,,,,,,,
4768,100_6_13,119_11_20,812_11_11,,,,,,,,,,,,,,,,,,,,,,,,,,,,,,,,,,,,,
4769,100_6_12,118_5_5,125_10_10,812_11_11,,,,,,,,,,,,,,,,,,,,,,,,,,,,,,,,,,,,
4770,99_5_11,118_15_15,119_5_5,153_5_5,812_11_11,,,,,,,,,,,,,,,,,,,,,,,,,,,,,,,,,,,
4771,100_5_13,125_20_20,152_20_25,812_12_12,,,,,,,,,,,,,,,,,,,,,,,,,,,,,,,,,,,,
4772,100_6_11,119_15_15,125_15_15,155_9_10,152_12_15,812_12_12,,,,,,,,,,,,,,,,,,,,,,,,,,,,,,,,,,
4773,96_6_13,124_10_10,153_12_15,812_12_12,,,,,,,,,,,,,,,,,,,,,,,,,,,,,,,,,,,,
4774,100_6_13,126_10_10,124_5_5,157_9_10,153_5_5,812_12_12,,,,,,,,,,,,,,,,,,,,,,,,,,,,,,,,,,
4775,100_5_13,125_20_20,152_12_15,812_12_12,,,,,,,,,,,,,,,,,,,,,,,,,,,,,,,,,,,,
4776,97_6_12,118_11_20,123_6_10,155_5_5,156_5_5,812_12_12,,,,,,,,,,,,,,,,,,,,,,,,,,,,,,,,,,
4777,96_7_13,124_10_10,157_12_15,812_13_13,,,,,,,,,,,,,,,,,,,,,,,,,,,,,,,,,,,,
4778,100_7_12,126_5_5,812_13_13,,,,,,,,,,,,,,,,,,,,,,,,,,,,,,,,,,,,,
4779,96_6_13,119_25_25,812_13_13,,,,,,,,,,,,,,,,,,,,,,,,,,,,,,,,,,,,,
4780,100_6_14,123_15_15,119_10_10,157_5_5,155_12_15,812_13_13,,,,,,,,,,,,,,,,,,,,,,,,,,,,,,,,,,
4781,96_6_12,119_35_35,155_5_5,153_12_15,812_13_13,,,,,,,,,,,,,,,,,,,,,,,,,,,,,,,,,,,
4782,100_6_14,123_5_5,157_9_10,812_13_13,,,,,,,,,,,,,,,,,,,,,,,,,,,,,,,,,,,,
4783,100_5_13,118_6_10,812_14_14,,,,,,,,,,,,,,,,,,,,,,,,,,,,,,,,,,,,,
4784,100_5_13,118_11_20,153_5_5,812_14_14,,,,,,,,,,,,,,,,,,,,,,,,,,,,,,,,,,,,
4785,98_8_14,125_25_25,157_12_15,152_12_15,812_14_14,,,,,,,,,,,,,,,,,,,,,,,,,,,,,,,,,,,
4786,96_6_14,123_6_10,119_19_35,156_16_20,153_9_10,812_14_14,,,,,,,,,,,,,,,,,,,,,,,,,,,,,,,,,,
4787,99_6_13,123_10_10,124_5_5,125_5_5,155_12_15,812_14_14,,,,,,,,,,,,,,,,,,,,,,,,,,,,,,,,,,
4788,97_7_14,123_20_20,157_12_15,812_14_14,,,,,,,,,,,,,,,,,,,,,,,,,,,,,,,,,,,,
4789,100_6_14,118_5_5,124_4_10,155_5_5,812_15_15,,,,,,,,,,,,,,,,,,,,,,,,,,,,,,,,,,,
4790,100_6_12,126_10_10,125_5_5,812_15_15,,,,,,,,,,,,,,,,,,,,,,,,,,,,,,,,,,,,
4791,100_7_13,124_10_10,125_10_10,155_12_15,152_12_15,812_15_15,,,,,,,,,,,,,,,,,,,,,,,,,,,,,,,,,,
4792,100_6_13,123_10_10,812_15_15,,,,,,,,,,,,,,,,,,,,,,,,,,,,,,,,,,,,,
4793,99_7_14,155_12_15,812_15_15,,,,,,,,,,,,,,,,,,,,,,,,,,,,,,,,,,,,,
4794,98_6_14,126_16_25,157_11_15,812_15_15,,,,,,,,,,,,,,,,,,,,,,,,,,,,,,,,,,,,
4795,98_6_12,118_30_30,125_10_10,152_11_15,812_16_16,,,,,,,,,,,,,,,,,,,,,,,,,,,,,,,,,,,
4796,98_7_13,125_31_40,155_11_15,152_11_15,812_16_16,,,,,,,,,,,,,,,,,,,,,,,,,,,,,,,,,,,
4797,100_7_14,119_11_20,124_5_5,812_16_16,,,,,,,,,,,,,,,,,,,,,,,,,,,,,,,,,,,,
4798,96_8_15,119_11_15,125_25_25,157_11_15,812_16_16,,,,,,,,,,,,,,,,,,,,,,,,,,,,,,,,,,,
4799,100_8_14,123_25_25,157_16_20,812_16_16,,,,,,,,,,,,,,,,,,,,,,,,,,,,,,,,,,,,
4800,98_6_14,126_5_5,119_21_40,157_16_20,812_16_16,,,,,,,,,,,,,,,,,,,,,,,,,,,,,,,,,,,
4801,99_6_15,118_10_10,124_10_10,153_11_15,812_17_17,,,,,,,,,,,,,,,,,,,,,,,,,,,,,,,,,,,
4802,99_6_15,126_30_30,123_10_10,156_11_15,153_11_15,812_17_17,,,,,,,,,,,,,,,,,,,,,,,,,,,,,,,,,,
4803,96_7_15,123_6_15,125_6_15,812_17_17,,,,,,,,,,,,,,,,,,,,,,,,,,,,,,,,,,,,
4804,100_8_15,118_11_20,126_6_10,812_17_17,,,,,,,,,,,,,,,,,,,,,,,,,,,,,,,,,,,,
4805,100_8_14,126_20_20,119_10_10,152_6_10,812_17_17,,,,,,,,,,,,,,,,,,,,,,,,,,,,,,,,,,,
4806,98_7_14,123_6_20,125_20_20,157_6_10,812_17_17,,,,,,,,,,,,,,,,,,,,,,,,,,,,,,,,,,,
4807,100_8_14,126_10_10,123_11_20,125_11_20,812_18_18,,,,,,,,,,,,,,,,,,,,,,,,,,,,,,,,,,,
4808,96_7_13,124_15_15,157_11_15,812_18_18,,,,,,,,,,,,,,,,,,,,,,,,,,,,,,,,,,,,
4809,100_6_14,125_31_35,155_1_5,812_18_18,,,,,,,,,,,,,,,,,,,,,,,,,,,,,,,,,,,,
4810,97_8_14,118_26_30,124_10_10,155_11_15,812_18_18,,,,,,,,,,,,,,,,,,,,,,,,,,,,,,,,,,,
4811,99_6_13,124_15_15,157_11_15,812_18_18,,,,,,,,,,,,,,,,,,,,,,,,,,,,,,,,,,,,
4812,98_6_13,118_11_20,124_6_10,812_18_18,,,,,,,,,,,,,,,,,,,,,,,,,,,,,,,,,,,,
4813,98_6_14,118_16_30,119_11_20,156_11_15,812_19_19,,,,,,,,,,,,,,,,,,,,,,,,,,,,,,,,,,,
4814,100_6_14,118_21_40,119_5_5,152_12_15,812_19_19,,,,,,,,,,,,,,,,,,,,,,,,,,,,,,,,,,,
4815,98_7_13,118_50_50,126_6_15,156_1_20,812_19_19,,,,,,,,,,,,,,,,,,,,,,,,,,,,,,,,,,,
4816,96_8_15,123_5_5,119_21_40,157_12_15,812_19_19,,,,,,,,,,,,,,,,,,,,,,,,,,,,,,,,,,,
4817,98_7_14,118_35_35,123_10_10,156_5_5,153_12_15,812_19_19,,,,,,,,,,,,,,,,,,,,,,,,,,,,,,,,,,
4818,99_7_15,123_6_10,812_19_19,,,,,,,,,,,,,,,,,,,,,,,,,,,,,,,,,,,,,
4819,98_7_14,118_35_35,123_5_5,812_?_?,,,,,,,,,,,,,,,,,,,,,,,,,,,,,,,,,,,,
4820,100_8_15,119_26_50,153_5_5,812_?_?,,,,,,,,,,,,,,,,,,,,,,,,,,,,,,,,,,,,
4821,98_7_15,124_6_15,157_16_20,812_?_?,,,,,,,,,,,,,,,,,,,,,,,,,,,,,,,,,,,,
4822,96_7_14,118_45_45,155_5_5,812_?_?,,,,,,,,,,,,,,,,,,,,,,,,,,,,,,,,,,,,
4823,96_8_15,123_36_40,119_10_10,157_16_20,155_16_20,812_?_?,,,,,,,,,,,,,,,,,,,,,,,,,,,,,,,,,,
4824,98_8_15,126_11_20,119_16_30,152_9_10,812_?_?,,,,,,,,,,,,,,,,,,,,,,,,,,,,,,,,,,,
4825,100_8_14,124_20_20,155_12_15,153_16_20,812_?_?,,,,,,,,,,,,,,,,,,,,,,,,,,,,,,,,,,,
4826,98_7_15,118_45_45,156_5_5,812_?_?,,,,,,,,,,,,,,,,,,,,,,,,,,,,,,,,,,,,
4827,100_7_14,126_15_15,119_5_5,812_?_?,,,,,,,,,,,,,,,,,,,,,,,,,,,,,,,,,,,,
4828,98_9_16,126_11_20,153_6_10,812_?_?,,,,,,,,,,,,,,,,,,,,,,,,,,,,,,,,,,,,
4829,96_8_16,126_26_50,119_26_50,156_11_15,812_?_?,,,,,,,,,,,,,,,,,,,,,,,,,,,,,,,,,,,
4830,96_7_14,123_11_20,125_21_40,156_6_10,812_?_?,,,,,,,,,,,,,,,,,,,,,,,,,,,,,,,,,,,
4831,100_8_14,125_31_50,118_1_10,812_?_?,,,,,,,,,,,,,,,,,,,,,,,,,,,,,,,,,,,,
4832,100_7_16,125_16_30,812_?_?,,,,,,,,,,,,,,,,,,,,,,,,,,,,,,,,,,,,,
4833,98_7_16,124_6_15,153_1_20,812_?_?,,,,,,,,,,,,,,,,,,,,,,,,,,,,,,,,,,,,
4834,100_8_15,124_15_15,125_11_30,152_26_30,812_?_?,,,,,,,,,,,,,,,,,,,,,,,,,,,,,,,,,,,
4835,98_7_15,123_30_30,124_5_5,125_10_10,155_12_15,812_?_?,,,,,,,,,,,,,,,,,,,,,,,,,,,,,,,,,,
4836,98_7_15,124_20_20,125_5_5,157_16_20,812_?_?,,,,,,,,,,,,,,,,,,,,,,,,,,,,,,,,,,,
4837,96_9_16,118_18_50,119_4_10,156_5_5,153_12_15,812_?_?,,,,,,,,,,,,,,,,,,,,,,,,,,,,,,,,,,
4838,100_8_14,126_50_50,119_5_5,157_16_20,152_20_25,812_?_?,,,,,,,,,,,,,,,,,,,,,,,,,,,,,,,,,,
4839,100_8_15,123_40_40,125_10_10,157_9_10,156_12_15,812_?_?,,,,,,,,,,,,,,,,,,,,,,,,,,,,,,,,,,
4840,100_8_14,126_25_25,123_15_15,812_?_?,,,,,,,,,,,,,,,,,,,,,,,,,,,,,,,,,,,,
4841,98_7_15,123_5_5,124_20_20,155_35_45,812_?_?,,,,,,,,,,,,,,,,,,,,,,,,,,,,,,,,,,,
4842,99_8_14,126_10_10,125_45_45,157_24_30,156_9_10,812_?_?,,,,,,,,,,,,,,,,,,,,,,,,,,,,,,,,,,
4843,100_7_14,118_26_50,126_6_10,156_16_20,153_20_25,812_?_?,,,,,,,,,,,,,,,,,,,,,,,,,,,,,,,,,,
4844,99_7_16,123_19_35,156_12_15,153_5_5,812_?_?,,,,,,,,,,,,,,,,,,,,,,,,,,,,,,,,,,,
4845,98_7_14,118_4_10,119_18_50,812_?_?,,,,,,,,,,,,,,,,,,,,,,,,,,,,,,,,,,,,
4846,98_8_15,123_50_50,119_5_5,157_24_30,812_?_?,,,,,,,,,,,,,,,,,,,,,,,,,,,,,,,,,,,
4847,100_9_16,123_5_5,125_5_5,812_?_?,,,,,,,,,,,,,,,,,,,,,,,,,,,,,,,,,,,,
4848,97_8_14,123_30_30,157_20_25,812_?_?,,,,,,,,,,,,,,,,,,,,,,,,,,,,,,,,,,,,
4849,98_8_15,118_5_5,119_24_45,155_20_25,812_?_?,,,,,,,,,,,,,,,,,,,,,,,,,,,,,,,,,,,
4850,96_8_16,126_26_50,157_12_15,153_12_15,812_?_?,,,,,,,,,,,,,,,,,,,,,,,,,,,,,,,,,,,
4851,98_8_15,118_6_10,126_5_5,119_24_45,812_?_?,,,,,,,,,,,,,,,,,,,,,,,,,,,,,,,,,,,
4852,98_8_15,157_16_20,812_?_?,,,,,,,,,,,,,,,,,,,,,,,,,,,,,,,,,,,,,
4853,100_11_19,118_21_40,812_?_?,,,,,,,,,,,,,,,,,,,,,,,,,,,,,,,,,,,,,
4854,96_8_15,126_30_30,119_10_10,124_10_10,152_20_25,812_?_?,,,,,,,,,,,,,,,,,,,,,,,,,,,,,,,,,,
4855,100_8_17,126_20_20,119_5_5,125_45_45,157_16_20,156_20_25,812_20_20,,,,,,,,,,,,,,,,,,,,,,,,,,,,,,,,,
4856,97_9_17,126_25_25,119_60_60,157_12_15,156_20_25,812_20_20,,,,,,,,,,,,,,,,,,,,,,,,,,,,,,,,,,
4857,98_9_16,126_30_30,123_25_25,157_20_25,812_20_20,,,,,,,,,,,,,,,,,,,,,,,,,,,,,,,,,,,
4858,96_8_15,157_24_30,812_20_20,,,,,,,,,,,,,,,,,,,,,,,,,,,,,,,,,,,,,
4859,96_8_15,118_21_40,124_6_10,155_20_25,812_20_20,,,,,,,,,,,,,,,,,,,,,,,,,,,,,,,,,,,
4860,100_8_15,126_15_15,119_25_25,125_35_35,157_20_25,156_5_5,812_20_20,,,,,,,,,,,,,,,,,,,,,,,,,,,,,,,,,
4861,96_9_16,118_5_5,119_5_5,125_55_55,155_9_10,152_16_20,812_21_21,,,,,,,,,,,,,,,,,,,,,,,,,,,,,,,,,
4862,98_9_17,123_9_25,119_4_10,124_5_5,155_9_10,812_21_21,,,,,,,,,,,,,,,,,,,,,,,,,,,,,,,,,,
4863,98_9_16,119_18_50,125_9_25,157_16_20,812_21_21,,,,,,,,,,,,,,,,,,,,,,,,,,,,,,,,,,,
4864,100_8_16,126_25_25,125_10_10,157_20_25,812_21_21,,,,,,,,,,,,,,,,,,,,,,,,,,,,,,,,,,,
4865,98_8_17,125_55_55,157_42_55,812_21_21,,,,,,,,,,,,,,,,,,,,,,,,,,,,,,,,,,,,
4866,100_9_17,119_36_70,157_20_25,812_21_21,,,,,,,,,,,,,,,,,,,,,,,,,,,,,,,,,,,,
4867,98_8_15,118_45_45,123_25_25,153_9_10,812_22_22,,,,,,,,,,,,,,,,,,,,,,,,,,,,,,,,,,,
4868,99_9_17,118_4_10,126_6_15,123_5_5,156_12_15,812_22_22,,,,,,,,,,,,,,,,,,,,,,,,,,,,,,,,,,
4869,98_8_16,126_30_30,125_10_10,812_22_22,,,,,,,,,,,,,,,,,,,,,,,,,,,,,,,,,,,,
4870,100_8_17,125_29_55,812_22_22,,,,,,,,,,,,,,,,,,,,,,,,,,,,,,,,,,,,,
4871,98_8_15,124_20_20,155_5_5,153_20_25,812_22_22,,,,,,,,,,,,,,,,,,,,,,,,,,,,,,,,,,,
4872,99_9_16,118_20_20,125_35_35,812_22_22,,,,,,,,,,,,,,,,,,,,,,,,,,,,,,,,,,,,
4873,98_8_16,119_13_35,124_6_15,125_4_10,157_5_5,155_24_30,812_23_23,,,,,,,,,,,,,,,,,,,,,,,,,,,,,,,,,
4874,100_8_15,118_5_5,123_20_20,119_35_35,812_23_23,,,,,,,,,,,,,,,,,,,,,,,,,,,,,,,,,,,
4875,97_8_17,126_5_5,119_21_40,124_5_5,153_16_20,812_23_23,,,,,,,,,,,,,,,,,,,,,,,,,,,,,,,,,,
4876,98_9_16,123_20_20,125_20_20,157_12_15,812_23_23,,,,,,,,,,,,,,,,,,,,,,,,,,,,,,,,,,,
4877,100_8_15,118_5_5,126_25_25,123_30_30,153_24_30,812_23_23,,,,,,,,,,,,,,,,,,,,,,,,,,,,,,,,,,
4878,98_9_16,124_14_25,153_12_15,812_23_23,,,,,,,,,,,,,,,,,,,,,,,,,,,,,,,,,,,,
4879,98_9_16,118_6_15,119_24_70,155_20_25,812_24_24,,,,,,,,,,,,,,,,,,,,,,,,,,,,,,,,,,,
4880,100_9_17,124_10_10,125_45_45,157_35_45,812_24_24,,,,,,,,,,,,,,,,,,,,,,,,,,,,,,,,,,,
4881,98_9_16,125_50_50,152_9_10,812_24_24,,,,,,,,,,,,,,,,,,,,,,,,,,,,,,,,,,,,
4882,100_9_16,124_10_10,125_35_35,155_27_35,812_24_24,,,,,,,,,,,,,,,,,,,,,,,,,,,,,,,,,,,
4883,100_9_17,123_50_50,812_24_24,,,,,,,,,,,,,,,,,,,,,,,,,,,,,,,,,,,,,
4884,100_9_18,126_40_40,157_12_15,152_5_5,812_24_24,,,,,,,,,,,,,,,,,,,,,,,,,,,,,,,,,,,
4885,98_9_17,123_4_10,119_21_60,812_25_25,,,,,,,,,,,,,,,,,,,,,,,,,,,,,,,,,,,,
4886,100_9_17,124_11_20,155_5_5,812_25_25,,,,,,,,,,,,,,,,,,,,,,,,,,,,,,,,,,,,
4887,98_10_18,118_4_10,126_16_45,119_4_10,152_20_25,812_25_25,,,,,,,,,,,,,,,,,,,,,,,,,,,,,,,,,,
4888,100_9_16,123_35_35,125_45_45,157_12_15,155_24_30,812_25_25,,,,,,,,,,,,,,,,,,,,,,,,,,,,,,,,,,
4889,100_9_16,118_5_5,123_60_60,119_45_45,156_27_35,812_25_25,,,,,,,,,,,,,,,,,,,,,,,,,,,,,,,,,,
4890,97_9_18,126_10_10,125_55_55,157_5_5,812_25_25,,,,,,,,,,,,,,,,,,,,,,,,,,,,,,,,,,,
4891,98_10_18,126_5_15,119_19_70,812_26_26,,,,,,,,,,,,,,,,,,,,,,,,,,,,,,,,,,,,
4892,98_9_18,119_5_5,124_9_30,155_5_5,152_12_15,812_26_26,,,,,,,,,,,,,,,,,,,,,,,,,,,,,,,,,,
4893,100_9_18,119_14_25,124_14_25,157_16_20,812_26_26,,,,,,,,,,,,,,,,,,,,,,,,,,,,,,,,,,,
4894,97_9_16,118_21_40,126_31_60,152_12_15,156_20_25,812_26_26,,,,,,,,,,,,,,,,,,,,,,,,,,,,,,,,,,
4895,100_9_16,118_16_30,123_6_10,119_39_75,155_20_25,812_26_26,,,,,,,,,,,,,,,,,,,,,,,,,,,,,,,,,,
4896,96_9_16,118_25_25,119_25_25,125_55_55,155_5_5,156_12_15,812_26_26,,,,,,,,,,,,,,,,,,,,,,,,,,,,,,,,,
4897,96_9_16,126_4_10,123_26_75,153_27_35,812_27_27,,,,,,,,,,,,,,,,,,,,,,,,,,,,,,,,,,,
4898,99_9_16,124_19_35,157_12_15,812_27_27,,,,,,,,,,,,,,,,,,,,,,,,,,,,,,,,,,,,
4899,100_9_17,123_75_75,157_20_25,155_9_10,812_27_27,,,,,,,,,,,,,,,,,,,,,,,,,,,,,,,,,,,
4900,96_10_18,126_4_10,123_14_50,119_5_5,157_12_15,812_27_27,,,,,,,,,,,,,,,,,,,,,,,,,,,,,,,,,,
4901,100_9_17,118_14_25,125_19_35,812_27_27,,,,,,,,,,,,,,,,,,,,,,,,,,,,,,,,,,,,
4902,99_9_16,123_5_5,124_35_35,157_5_5,155_5_5,812_27_27,,,,,,,,,,,,,,,,,,,,,,,,,,,,,,,,,,
4903,98_9_16,123_29_55,119_6_10,125_5_5,157_27_35,812_28_28,,,,,,,,,,,,,,,,,,,,,,,,,,,,,,,,,,
4904,97_9_16,118_14_25,126_39_75,152_27_35,153_12_15,812_28_28,,,,,,,,,,,,,,,,,,,,,,,,,,,,,,,,,,
4905,100_9_17,123_40_40,119_55_55,157_16_20,812_28_28,,,,,,,,,,,,,,,,,,,,,,,,,,,,,,,,,,,
4906,96_9_16,118_60_60,125_50_50,155_27_35,152_12_15,812_28_28,,,,,,,,,,,,,,,,,,,,,,,,,,,,,,,,,,
4907,98_10_18,126_6_15,123_8_20,119_13_35,156_9_10,812_28_28,,,,,,,,,,,,,,,,,,,,,,,,,,,,,,,,,,
4908,100_9_17,126_60_60,119_15_15,125_25_25,157_27_35,812_28_28,,,,,,,,,,,,,,,,,,,,,,,,,,,,,,,,,,
4909,98_9_17,118_80_80,125_25_25,152_12_15,812_29_29,,,,,,,,,,,,,,,,,,,,,,,,,,,,,,,,,,,
4910,98_10_18,126_6_10,123_29_55,124_5_5,157_16_20,812_29_29,,,,,,,,,,,,,,,,,,,,,,,,,,,,,,,,,,
4911,98_9_17,126_30_30,125_65_65,157_16_20,152_12_15,812_29_29,,,,,,,,,,,,,,,,,,,,,,,,,,,,,,,,,,
4912,96_10_18,126_16_45,123_9_25,119_14_40,156_16_20,812_29_29,,,,,,,,,,,,,,,,,,,,,,,,,,,,,,,,,,
4913,100_10_18,118_13_35,125_19_55,152_20_25,812_29_29,,,,,,,,,,,,,,,,,,,,,,,,,,,,,,,,,,,
4914,100_9_16,123_5_5,119_85_85,812_29_29,,,,,,,,,,,,,,,,,,,,,,,,,,,,,,,,,,,,
4915,96_9_17,124_9_15,125_29_55,157_5_5,812_?_?,,,,,,,,,,,,,,,,,,,,,,,,,,,,,,,,,,,
4916,99_10_18,118_26_50,126_11_20,125_9_15,812_?_?,,,,,,,,,,,,,,,,,,,,,,,,,,,,,,,,,,,
4917,97_10_19,118_16_60,119_7_25,152_12_15,812_?_?,,,,,,,,,,,,,,,,,,,,,,,,,,,,,,,,,,,
4918,99_9_17,126_24_70,156_20_25,812_?_?,,,,,,,,,,,,,,,,,,,,,,,,,,,,,,,,,,,,
4919,96_9_17,118_31_60,124_6_10,153_12_15,812_?_?,,,,,,,,,,,,,,,,,,,,,,,,,,,,,,,,,,,
4920,97_10_18,126_70_70,119_10_10,125_20_20,152_16_20,812_?_?,,,,,,,,,,,,,,,,,,,,,,,,,,,,,,,,,,
4921,97_10_19,126_20_20,123_10_10,119_5_5,124_30_30,157_12_15,153_27_35,812_?_?,,,,,,,,,,,,,,,,,,,,,,,,,,,,,,,,
4922,99_9_17,118_65_65,119_50_50,125_5_5,152_31_40,812_?_?,,,,,,,,,,,,,,,,,,,,,,,,,,,,,,,,,,
4923,99_10_18,124_40_40,155_27_35,153_9_10,812_?_?,,,,,,,,,,,,,,,,,,,,,,,,,,,,,,,,,,,
4924,99_10_18,118_19_35,126_5_5,124_16_30,812_?_?,,,,,,,,,,,,,,,,,,,,,,,,,,,,,,,,,,,
4925,98_10_19,124_45_45,152_65_85,812_?_?,,,,,,,,,,,,,,,,,,,,,,,,,,,,,,,,,,,,
4926,100_10_19,119_19_35,124_19_35,157_24_30,812_?_?,,,,,,,,,,,,,,,,,,,,,,,,,,,,,,,,,,,
4927,98_10_19,126_5_5,125_16_30,156_12_15,812_?_?,,,,,,,,,,,,,,,,,,,,,,,,,,,,,,,,,,,
4928,100_10_19,126_41_80,125_5_5,157_12_15,812_?_?,,,,,,,,,,,,,,,,,,,,,,,,,,,,,,,,,,,
4929,100_10_19,118_4_10,125_26_75,155_31_40,156_9_10,812_?_?,,,,,,,,,,,,,,,,,,,,,,,,,,,,,,,,,,
4930,98_10_19,118_9_25,123_11_30,119_11_30,155_5_5,812_?_?,,,,,,,,,,,,,,,,,,,,,,,,,,,,,,,,,,
4931,97_9_17,118_9_15,123_21_40,119_14_25,125_6_10,155_24_30,156_12_15,812_?_?,,,,,,,,,,,,,,,,,,,,,,,,,,,,,,,,
4932,99_10_18,126_14_25,123_31_60,119_21_40,157_5_5,156_9_10,812_?_?,,,,,,,,,,,,,,,,,,,,,,,,,,,,,,,,,
4933,98_10_19,126_20_75,119_6_20,124_5_15,157_27_35,152_16_20,812_?_?,,,,,,,,,,,,,,,,,,,,,,,,,,,,,,,,,
4934,96_10_19,123_12_55,119_7_30,124_5_20,157_39_50,812_?_?,,,,,,,,,,,,,,,,,,,,,,,,,,,,,,,,,,
4935,98_9_17,118_10_10,126_90_90,812_?_?,,,,,,,,,,,,,,,,,,,,,,,,,,,,,,,,,,,,
4936,100_10_18,124_45_45,125_20_20,157_20_25,155_27_35,812_?_?,,,,,,,,,,,,,,,,,,,,,,,,,,,,,,,,,,
4937,100_9_17,118_23_65,126_26_75,153_42_55,812_?_?,,,,,,,,,,,,,,,,,,,,,,,,,,,,,,,,,,,
4938,98_9_17,119_18_50,125_29_85,157_24_30,155_5_5,812_?_?,,,,,,,,,,,,,,,,,,,,,,,,,,,,,,,,,,
4939,100_10_19,118_11_40,123_15_55,155_9_10,812_?_?,,,,,,,,,,,,,,,,,,,,,,,,,,,,,,,,,,,
4940,100_9_17,119_60_60,124_35_35,157_12_15,812_?_?,,,,,,,,,,,,,,,,,,,,,,,,,,,,,,,,,,,
4941,100_10_18,119_46_90,124_11_20,153_35_45,812_?_?,,,,,,,,,,,,,,,,,,,,,,,,,,,,,,,,,,,
4942,97_10_19,124_40_40,157_9_10,152_16_20,812_?_?,,,,,,,,,,,,,,,,,,,,,,,,,,,,,,,,,,,
4943,100_10_19,124_20_20,157_24_30,812_?_?,,,,,,,,,,,,,,,,,,,,,,,,,,,,,,,,,,,,
4944,100_9_17,118_31_90,126_11_30,119_4_10,153_16_20,812_?_?,,,,,,,,,,,,,,,,,,,,,,,,,,,,,,,,,,
4945,98_10_19,126_31_90,123_6_15,124_4_10,157_16_20,153_20_25,812_?_?,,,,,,,,,,,,,,,,,,,,,,,,,,,,,,,,,
4946,96_10_19,119_50_50,124_40_40,125_15_15,152_76_100,812_?_?,,,,,,,,,,,,,,,,,,,,,,,,,,,,,,,,,,
4947,96_9_17,126_60_60,153_5_5,812_?_?,,,,,,,,,,,,,,,,,,,,,,,,,,,,,,,,,,,,
4948,100_10_19,118_14_50,124_7_25,125_5_5,152_16_20,812_?_?,,,,,,,,,,,,,,,,,,,,,,,,,,,,,,,,,,
4949,100_10_19,118_19_55,123_8_20,119_11_30,155_5_5,812_?_?,,,,,,,,,,,,,,,,,,,,,,,,,,,,,,,,,,
4950,98_10_19,118_49_95,123_19_35,119_16_30,155_20_25,153_16_20,812_?_?,,,,,,,,,,,,,,,,,,,,,,,,,,,,,,,,,
4951,100_10_18,118_26_75,126_13_35,119_11_30,153_16_20,812_30_30,,,,,,,,,,,,,,,,,,,,,,,,,,,,,,,,,,
4952,97_10_18,126_55_55,123_25_25,125_20_20,156_20_25,812_30_30,,,,,,,,,,,,,,,,,,,,,,,,,,,,,,,,,,
4953,100_10_19,126_36_70,124_6_10,812_30_30,,,,,,,,,,,,,,,,,,,,,,,,,,,,,,,,,,,,
4954,100_10_18,123_15_15,119_20_20,125_70_70,812_30_30,,,,,,,,,,,,,,,,,,,,,,,,,,,,,,,,,,,
4955,96_10_18,119_75_75,125_90_90,157_42_55,812_30_30,,,,,,,,,,,,,,,,,,,,,,,,,,,,,,,,,,,
4956,97_10_19,123_20_20,119_70_70,125_45_45,156_12_15,812_30_30,,,,,,,,,,,,,,,,,,,,,,,,,,,,,,,,,,
4957,100_11_20,123_6_10,119_11_20,125_46_90,155_9_10,812_31_31,,,,,,,,,,,,,,,,,,,,,,,,,,,,,,,,,,
4958,100_11_20,126_9_15,123_49_95,119_5_5,812_31_31,,,,,,,,,,,,,,,,,,,,,,,,,,,,,,,,,,,
4959,98_11_20,123_5_5,124_19_55,157_12_15,153_31_40,812_31_31,,,,,,,,,,,,,,,,,,,,,,,,,,,,,,,,,,
4960,98_10_18,118_95_95,123_45_45,153_27_35,812_31_31,,,,,,,,,,,,,,,,,,,,,,,,,,,,,,,,,,,
4961,99_10_18,118_36_70,119_36_70,124_6_10,153_5_5,812_31_31,,,,,,,,,,,,,,,,,,,,,,,,,,,,,,,,,,
4962,100_10_19,123_5_5,119_70_70,124_15_15,125_60_60,157_27_35,812_31_31,,,,,,,,,,,,,,,,,,,,,,,,,,,,,,,,,
4963,96_10_18,118_85_85,119_35_35,124_25_25,152_24_30,153_31_40,812_32_32,,,,,,,,,,,,,,,,,,,,,,,,,,,,,,,,,
4964,100_10_19,119_75_75,124_40_40,157_16_20,153_9_10,812_32_32,,,,,,,,,,,,,,,,,,,,,,,,,,,,,,,,,,
4965,97_10_19,118_31_90,123_24_70,156_12_15,153_12_15,812_32_32,,,,,,,,,,,,,,,,,,,,,,,,,,,,,,,,,,
4966,97_11_20,118_22_85,123_11_40,119_16_60,153_31_40,812_32_32,,,,,,,,,,,,,,,,,,,,,,,,,,,,,,,,,,
4967,97_11_20,126_11_20,125_29_55,812_32_32,,,,,,,,,,,,,,,,,,,,,,,,,,,,,,,,,,,,
4968,97_10_19,126_5_5,123_40_40,125_85_85,812_32_32,,,,,,,,,,,,,,,,,,,,,,,,,,,,,,,,,,,
4969,100_10_18,126_15_15,125_70_70,812_33_33,,,,,,,,,,,,,,,,,,,,,,,,,,,,,,,,,,,,
4970,97_10_19,124_31_60,152_12_15,153_27_35,812_33_33,,,,,,,,,,,,,,,,,,,,,,,,,,,,,,,,,,,
4971,96_11_20,123_15_70,119_5_5,125_13_60,156_27_35,812_33_33,,,,,,,,,,,,,,,,,,,,,,,,,,,,,,,,,,
4972,100_10_19,118_19_35,119_36_70,125_26_50,156_16_20,812_33_33,,,,,,,,,,,,,,,,,,,,,,,,,,,,,,,,,,
4973,98_10_19,126_6_15,124_19_55,157_27_35,812_33_33,,,,,,,,,,,,,,,,,,,,,,,,,,,,,,,,,,,
4974,99_10_19,125_100_100,155_12_15,156_16_20,812_33_33,,,,,,,,,,,,,,,,,,,,,,,,,,,,,,,,,,,
4975,98_10_19,126_70_70,123_15_15,124_35_35,153_80_105,812_34_34,,,,,,,,,,,,,,,,,,,,,,,,,,,,,,,,,,
4976,99_11_20,123_11_40,124_10_35,157_9_10,812_34_34,,,,,,,,,,,,,,,,,,,,,,,,,,,,,,,,,,,
4977,99_10_18,118_19_70,126_26_100,153_39_50,812_34_34,,,,,,,,,,,,,,,,,,,,,,,,,,,,,,,,,,,
4978,97_11_20,126_24_70,123_21_60,812_34_34,,,,,,,,,,,,,,,,,,,,,,,,,,,,,,,,,,,,
4979,100_10_18,119_8_20,124_19_55,152_27_35,812_34_34,,,,,,,,,,,,,,,,,,,,,,,,,,,,,,,,,,,
4980,100_11_20,123_44_85,124_11_20,157_5_5,812_34_34,,,,,,,,,,,,,,,,,,,,,,,,,,,,,,,,,,,
4981,98_11_20,126_22_85,119_25_95,157_24_30,812_35_35,,,,,,,,,,,,,,,,,,,,,,,,,,,,,,,,,,,
4982,100_11_20,118_9_25,126_31_90,119_19_55,152_12_15,156_24_30,812_35_35,,,,,,,,,,,,,,,,,,,,,,,,,,,,,,,,,
4983,98_10_18,119_22_85,124_5_15,812_35_35,,,,,,,,,,,,,,,,,,,,,,,,,,,,,,,,,,,,
4984,98_10_18,124_24_70,157_20_25,155_16_20,812_35_35,,,,,,,,,,,,,,,,,,,,,,,,,,,,,,,,,,,
4985,98_10_18,118_34_100,119_11_30,124_6_15,125_16_45,155_12_15,152_24_30,812_35_35,,,,,,,,,,,,,,,,,,,,,,,,,,,,,,,,
4986,98_10_19,118_5_5,126_100_100,123_40_40,812_35_35,,,,,,,,,,,,,,,,,,,,,,,,,,,,,,,,,,,
4987,97_11_20,118_18_50,126_21_60,119_28_80,156_27_35,812_36_36,,,,,,,,,,,,,,,,,,,,,,,,,,,,,,,,,,
4988,100_10_19,126_50_50,119_75_75,124_15_15,157_16_20,812_36_36,,,,,,,,,,,,,,,,,,,,,,,,,,,,,,,,,,
4989,97_11_21,118_11_60,126_8_40,124_6_30,152_12_15,812_36_36,,,,,,,,,,,,,,,,,,,,,,,,,,,,,,,,,,
4990,98_11_21,123_18_100,119_19_105,155_35_45,812_36_36,,,,,,,,,,,,,,,,,,,,,,,,,,,,,,,,,,,
4991,98_11_21,123_34_100,124_11_30,155_24_30,153_27_35,812_36_36,,,,,,,,,,,,,,,,,,,,,,,,,,,,,,,,,,
4992,100_11_21,119_100_100,125_100_100,157_5_5,152_24_30,812_36_36,,,,,,,,,,,,,,,,,,,,,,,,,,,,,,,,,,
4993,98_11_21,118_5_5,126_51_100,123_11_20,812_37_37,,,,,,,,,,,,,,,,,,,,,,,,,,,,,,,,,,,
4994,100_11_20,118_11_20,126_49_95,123_11_20,153_16_20,812_37_37,,,,,,,,,,,,,,,,,,,,,,,,,,,,,,,,,,
4995,100_10_19,123_9_15,124_21_40,812_37_37,,,,,,,,,,,,,,,,,,,,,,,,,,,,,,,,,,,,
4996,98_11_21,118_29_85,126_23_65,812_37_37,,,,,,,,,,,,,,,,,,,,,,,,,,,,,,,,,,,,
4997,100_11_20,118_23_65,123_19_55,119_38_110,156_39_50,812_37_37,,,,,,,,,,,,,,,,,,,,,,,,,,,,,,,,,,
4998,100_11_21,118_4_10,123_36_105,125_23_65,156_20_25,812_37_37,,,,,,,,,,,,,,,,,,,,,,,,,,,,,,,,,,
4999,100_11_21,118_15_70,126_21_100,153_24_30,812_38_38,,,,,,,,,,,,,,,,,,,,,,,,,,,,,,,,,,,
5000,100_10_19,126_85_85,125_110_110,152_27_35,156_12_15,812_38_38,,,,,,,,,,,,,,,,,,,,,,,,,,,,,,,,,,
5001,99_10_19,126_16_30,123_6_10,119_56_110,125_31_60,812_38_38,,,,,,,,,,,,,,,,,,,,,,,,,,,,,,,,,,
5002,98_10_19,118_85_85,126_15_15,123_25_25,125_65_65,156_9_10,812_38_38,,,,,,,,,,,,,,,,,,,,,,,,,,,,,,,,,
5003,100_11_20,123_49_95,124_21_40,125_6_10,155_72_95,812_38_38,,,,,,,,,,,,,,,,,,,,,,,,,,,,,,,,,,
5004,99_10_19,118_4_10,124_21_60,812_38_38,,,,,,,,,,,,,,,,,,,,,,,,,,,,,,,,,,,,
5005,96_10_19,119_4_10,124_23_65,157_20_25,812_39_39,,,,,,,,,,,,,,,,,,,,,,,,,,,,,,,,,,,
5006,96_11_21,119_6_15,124_11_30,155_16_20,812_39_39,,,,,,,,,,,,,,,,,,,,,,,,,,,,,,,,,,,
5007,98_11_21,118_51_100,123_41_80,155_46_60,812_39_39,,,,,,,,,,,,,,,,,,,,,,,,,,,,,,,,,,,
5008,100_10_19,118_28_80,126_34_100,124_5_5,812_39_39,,,,,,,,,,,,,,,,,,,,,,,,,,,,,,,,,,,
5009,98_10_19,126_44_85,124_21_40,157_5_5,812_39_39,,,,,,,,,,,,,,,,,,,,,,,,,,,,,,,,,,,
5010,99_11_21,126_20_95,123_9_40,119_5_5,125_5_5,156_12_15,812_39_39,,,,,,,,,,,,,,,,,,,,,,,,,,,,,,,,,
5011,98_10_19,118_4_10,126_11_30,119_31_90,125_19_55,152_24_30,812_?_?,,,,,,,,,,,,,,,,,,,,,,,,,,,,,,,,,
5012,98_11_20,119_4_10,124_28_80,157_39_50,153_24_30,812_?_?,,,,,,,,,,,,,,,,,,,,,,,,,,,,,,,,,,
5013,98_10_19,126_80_80,125_105_105,157_54_70,812_?_?,,,,,,,,,,,,,,,,,,,,,,,,,,,,,,,,,,,
5014,97_11_21,126_34_65,123_44_85,119_54_105,157_5_5,156_39_50,812_?_?,,,,,,,,,,,,,,,,,,,,,,,,,,,,,,,,,
5015,99_11_20,118_45_45,123_80_80,125_25_25,812_?_?,,,,,,,,,,,,,,,,,,,,,,,,,,,,,,,,,,,
5016,100_11_20,123_120_120,157_5_5,156_12_15,812_?_?,,,,,,,,,,,,,,,,,,,,,,,,,,,,,,,,,,,
5017,98_10_19,118_110_110,126_30_30,156_12_15,812_?_?,,,,,,,,,,,,,,,,,,,,,,,,,,,,,,,,,,,
5018,100_11_20,118_18_50,123_33_95,812_?_?,,,,,,,,,,,,,,,,,,,,,,,,,,,,,,,,,,,,
5019,98_10_19,118_34_65,123_5_5,124_16_30,125_34_65,155_16_20,812_?_?,,,,,,,,,,,,,,,,,,,,,,,,,,,,,,,,,
5020,100_11_21,118_13_35,123_4_10,125_16_45,156_5_5,812_?_?,,,,,,,,,,,,,,,,,,,,,,,,,,,,,,,,,,
5021,96_11_20,126_34_65,123_24_45,119_34_65,156_12_15,812_?_?,,,,,,,,,,,,,,,,,,,,,,,,,,,,,,,,,,
5022,97_10_19,126_90_90,123_65_65,124_20_20,157_39_50,812_?_?,,,,,,,,,,,,,,,,,,,,,,,,,,,,,,,,,,
5023,98_11_21,118_26_75,126_4_10,123_23_65,125_9_25,812_?_?,,,,,,,,,,,,,,,,,,,,,,,,,,,,,,,,,,
5024,100_11_20,118_33_95,123_26_75,119_23_65,125_4_10,812_?_?,,,,,,,,,,,,,,,,,,,,,,,,,,,,,,,,,,
5025,96_11_21,124_26_75,152_24_30,812_?_?,,,,,,,,,,,,,,,,,,,,,,,,,,,,,,,,,,,,
5026,99_12_22,126_14_40,123_23_65,119_11_30,125_21_60,157_5_5,812_?_?,,,,,,,,,,,,,,,,,,,,,,,,,,,,,,,,,
5027,100_12_22,119_5_5,125_54_105,157_20_25,152_5_5,812_?_?,,,,,,,,,,,,,,,,,,,,,,,,,,,,,,,,,,
5028,99_11_21,126_6_20,119_29_110,124_15_55,157_31_40,153_20_25,812_?_?,,,,,,,,,,,,,,,,,,,,,,,,,,,,,,,,,
5029,98_12_22,123_46_90,125_46_90,156_35_45,812_?_?,,,,,,,,,,,,,,,,,,,,,,,,,,,,,,,,,,,
5030,97_12_22,126_39_115,124_14_40,157_35_45,152_24_30,812_?_?,,,,,,,,,,,,,,,,,,,,,,,,,,,,,,,,,,
5031,97_11_20,118_31_90,119_6_15,125_24_70,812_?_?,,,,,,,,,,,,,,,,,,,,,,,,,,,,,,,,,,,
5032,96_11_21,126_4_10,119_33_95,124_23_65,157_61_80,812_?_?,,,,,,,,,,,,,,,,,,,,,,,,,,,,,,,,,,
5033,98_11_20,123_24_70,119_31_90,156_5_5,812_?_?,,,,,,,,,,,,,,,,,,,,,,,,,,,,,,,,,,,
5034,97_11_21,118_24_70,126_14_40,123_11_30,119_29_85,153_24_30,812_?_?,,,,,,,,,,,,,,,,,,,,,,,,,,,,,,,,,
5035,96_12_22,126_30_30,119_10_10,125_105_105,152_72_95,812_?_?,,,,,,,,,,,,,,,,,,,,,,,,,,,,,,,,,,
5036,100_11_20,118_21_60,126_34_100,119_14_40,125_5_5,152_12_15,812_?_?,,,,,,,,,,,,,,,,,,,,,,,,,,,,,,,,,
5037,97_12_22,118_21_100,119_13_60,125_20_95,152_27_35,812_?_?,,,,,,,,,,,,,,,,,,,,,,,,,,,,,,,,,,
5038,98_11_21,118_11_40,123_27_105,119_26_100,153_31_40,812_?_?,,,,,,,,,,,,,,,,,,,,,,,,,,,,,,,,,,
5039,100_11_21,118_9_15,126_34_65,123_19_35,125_21_40,812_?_?,,,,,,,,,,,,,,,,,,,,,,,,,,,,,,,,,,
5040,100_11_21,118_29_85,126_4_10,123_21_60,119_34_100,812_?_?,,,,,,,,,,,,,,,,,,,,,,,,,,,,,,,,,,
5041,100_12_22,123_55_55,119_70_70,124_5_5,125_55_55,157_65_85,812_?_?,,,,,,,,,,,,,,,,,,,,,,,,,,,,,,,,,
5042,98_11_20,118_34_100,126_8_20,124_21_60,152_65_85,812_?_?,,,,,,,,,,,,,,,,,,,,,,,,,,,,,,,,,,
5043,99_11_20,126_31_90,157_9_10,152_35_45,812_?_?,,,,,,,,,,,,,,,,,,,,,,,,,,,,,,,,,,,
5044,97_12_22,124_49_95,157_72_95,812_?_?,,,,,,,,,,,,,,,,,,,,,,,,,,,,,,,,,,,,
5045,100_11_20,118_6_15,126_5_5,123_16_45,124_14_40,812_?_?,,,,,,,,,,,,,,,,,,,,,,,,,,,,,,,,,,
5046,100_11_21,124_51_100,157_16_20,155_46_60,812_?_?,,,,,,,,,,,,,,,,,,,,,,,,,,,,,,,,,,,
5047,97_12_22,118_8_35,126_6_25,124_16_75,152_42_55,812_40_40,,,,,,,,,,,,,,,,,,,,,,,,,,,,,,,,,,
5048,99_11_21,126_26_100,123_29_110,125_9_30,157_39_50,812_40_40,,,,,,,,,,,,,,,,,,,,,,,,,,,,,,,,,,
5049,98_12_22,118_10_35,126_11_40,124_17_65,153_27_35,812_40_40,,,,,,,,,,,,,,,,,,,,,,,,,,,,,,,,,,
5050,98_11_21,126_100_100,123_30_30,125_75_75,156_24_30,812_40_40,,,,,,,,,,,,,,,,,,,,,,,,,,,,,,,,,,
5051,98_11_20,123_125_125,125_105_105,157_31_40,156_16_20,812_40_40,,,,,,,,,,,,,,,,,,,,,,,,,,,,,,,,,,
5052,98_11_21,119_26_100,125_32_125,155_20_25,156_20_25,812_40_40,,,,,,,,,,,,,,,,,,,,,,,,,,,,,,,,,,
5053,98_12_22,119_13_70,124_11_60,125_9_50,155_31_40,812_41_41,,,,,,,,,,,,,,,,,,,,,,,,,,,,,,,,,,
5054,98_12_22,118_18_50,123_4_10,119_4_10,125_36_105,155_24_30,812_41_41,,,,,,,,,,,,,,,,,,,,,,,,,,,,,,,,,
5055,98_12_22,123_27_105,124_6_20,153_42_55,812_41_41,,,,,,,,,,,,,,,,,,,,,,,,,,,,,,,,,,,
5056,98_11_20,126_4_10,123_26_100,119_32_125,157_12_15,812_41_41,,,,,,,,,,,,,,,,,,,,,,,,,,,,,,,,,,
5057,99_11_20,123_11_30,124_31_90,153_16_20,812_41_41,,,,,,,,,,,,,,,,,,,,,,,,,,,,,,,,,,,
5058,98_12_22,119_5_5,124_22_85,125_5_15,152_39_50,812_41_41,,,,,,,,,,,,,,,,,,,,,,,,,,,,,,,,,,
5059,96_11_20,118_26_75,123_23_65,155_20_25,153_35_45,812_42_42,,,,,,,,,,,,,,,,,,,,,,,,,,,,,,,,,,
5060,98_12_22,123_5_5,119_25_95,125_25_95,157_12_15,812_42_42,,,,,,,,,,,,,,,,,,,,,,,,,,,,,,,,,,
5061,98_12_22,118_18_50,124_9_25,125_16_45,812_42_42,,,,,,,,,,,,,,,,,,,,,,,,,,,,,,,,,,,
5062,98_11_21,126_64_125,124_19_35,153_12_15,812_42_42,,,,,,,,,,,,,,,,,,,,,,,,,,,,,,,,,,,
5063,100_12_22,123_41_80,119_14_25,124_9_15,125_51_100,157_20_25,155_27_35,812_42_42,,,,,,,,,,,,,,,,,,,,,,,,,,,,,,,,
5064,100_11_21,118_11_40,126_5_5,119_24_90,124_16_60,153_24_30,812_42_42,,,,,,,,,,,,,,,,,,,,,,,,,,,,,,,,,
5065,99_11_21,118_4_10,119_34_100,124_23_65,812_43_43,,,,,,,,,,,,,,,,,,,,,,,,,,,,,,,,,,,
5066,98_11_21,126_36_70,123_6_10,124_24_45,157_9_10,812_43_43,,,,,,,,,,,,,,,,,,,,,,,,,,,,,,,,,,
5067,97_11_20,126_95_95,123_100_100,119_15_15,124_5_5,157_42_55,812_43_43,,,,,,,,,,,,,,,,,,,,,,,,,,,,,,,,,
5068,100_12_22,118_31_90,126_24_70,125_43_125,152_31_40,812_43_43,,,,,,,,,,,,,,,,,,,,,,,,,,,,,,,,,,
5069,98_11_21,118_5_5,126_100_100,123_95_95,156_5_5,812_43_43,,,,,,,,,,,,,,,,,,,,,,,,,,,,,,,,,,
5070,96_12_22,118_51_100,123_11_20,119_24_45,124_24_45,155_114_150,812_43_43,,,,,,,,,,,,,,,,,,,,,,,,,,,,,,,,,
5071,100_11_21,126_100_100,123_45_45,125_100_100,157_35_45,812_44_44,,,,,,,,,,,,,,,,,,,,,,,,,,,,,,,,,,
5072,98_12_23,118_27_105,119_10_35,124_7_25,152_24_30,812_44_44,,,,,,,,,,,,,,,,,,,,,,,,,,,,,,,,,,
5073,97_11_21,126_100_100,119_110_110,812_44_44,,,,,,,,,,,,,,,,,,,,,,,,,,,,,,,,,,,,
5074,100_11_21,123_54_105,119_29_55,124_26_50,125_9_15,157_31_40,812_44_44,,,,,,,,,,,,,,,,,,,,,,,,,,,,,,,,,
5075,98_12_22,118_26_50,124_19_35,812_44_44,,,,,,,,,,,,,,,,,,,,,,,,,,,,,,,,,,,,
5076,98_12_22,126_41_80,119_14_25,125_21_40,157_35_45,812_44_44,,,,,,,,,,,,,,,,,,,,,,,,,,,,,,,,,,
5077,96_12_23,118_7_30,124_21_100,153_50_65,812_45_45,,,,,,,,,,,,,,,,,,,,,,,,,,,,,,,,,,,
5078,98_12_23,118_9_30,126_19_70,124_4_10,812_45_45,,,,,,,,,,,,,,,,,,,,,,,,,,,,,,,,,,,
5079,97_12_22,118_23_65,126_9_25,119_28_80,125_19_55,812_45_45,,,,,,,,,,,,,,,,,,,,,,,,,,,,,,,,,,
5080,100_12_23,118_14_65,119_14_65,124_4_15,125_27_130,152_12_15,812_45_45,,,,,,,,,,,,,,,,,,,,,,,,,,,,,,,,,
5081,97_12_22,118_7_25,124_21_80,125_21_80,155_50_65,812_45_45,,,,,,,,,,,,,,,,,,,,,,,,,,,,,,,,,,
5082,96_12_22,124_49_95,152_9_10,812_45_45,,,,,,,,,,,,,,,,,,,,,,,,,,,,,,,,,,,,
5083,100_11_21,118_9_15,126_29_55,119_41_80,812_46_46,,,,,,,,,,,,,,,,,,,,,,,,,,,,,,,,,,,
5084,100_11_21,118_33_95,123_21_60,125_18_50,155_39_50,812_46_46,,,,,,,,,,,,,,,,,,,,,,,,,,,,,,,,,,
5085,98_12_22,119_19_105,124_16_90,125_5_5,157_12_15,155_35_45,812_46_46,,,,,,,,,,,,,,,,,,,,,,,,,,,,,,,,,
5086,98_12_22,123_12_45,124_26_100,155_50_65,812_46_46,,,,,,,,,,,,,,,,,,,,,,,,,,,,,,,,,,,
5087,100_11_21,126_26_50,123_31_60,124_39_75,157_50_65,812_46_46,,,,,,,,,,,,,,,,,,,,,,,,,,,,,,,,,,
5088,100_11_21,118_19_55,126_24_70,123_14_40,125_28_80,812_46_46,,,,,,,,,,,,,,,,,,,,,,,,,,,,,,,,,,
5089,98_11_21,126_21_100,123_15_70,119_22_105,124_6_25,157_24_30,812_47_47,,,,,,,,,,,,,,,,,,,,,,,,,,,,,,,,,
5090,97_11_21,126_17_65,124_26_100,152_5_5,153_54_70,812_47_47,,,,,,,,,,,,,,,,,,,,,,,,,,,,,,,,,,
5091,100_12_23,118_6_15,123_48_140,125_34_100,155_46_60,812_47_47,,,,,,,,,,,,,,,,,,,,,,,,,,,,,,,,,,
5092,99_12_22,118_20_75,126_25_95,119_31_120,124_9_30,152_39_50,812_47_47,,,,,,,,,,,,,,,,,,,,,,,,,,,,,,,,,
5093,96_11_21,118_11_20,126_24_45,123_19_35,125_9_15,812_47_47,,,,,,,,,,,,,,,,,,,,,,,,,,,,,,,,,,
5094,97_12_23,118_15_70,126_5_5,123_5_5,119_12_55,124_8_35,812_47_47,,,,,,,,,,,,,,,,,,,,,,,,,,,,,,,,,
5095,98_12_22,123_5_25,119_18_100,124_11_60,125_11_60,157_39_50,812_48_48,,,,,,,,,,,,,,,,,,,,,,,,,,,,,,,,,
5096,99_12_23,123_35_135,119_5_5,124_16_60,125_7_25,157_39_50,812_48_48,,,,,,,,,,,,,,,,,,,,,,,,,,,,,,,,,
5097,98_11_21,126_6_15,123_36_105,124_24_70,812_48_48,,,,,,,,,,,,,,,,,,,,,,,,,,,,,,,,,,,
5098,98_12_23,118_12_80,119_15_100,124_11_70,155_27_35,812_48_48,,,,,,,,,,,,,,,,,,,,,,,,,,,,,,,,,,
5099,100_11_21,118_21_40,126_59_115,125_51_100,156_54_70,812_48_48,,,,,,,,,,,,,,,,,,,,,,,,,,,,,,,,,,
5100,96_11_21,126_110_110,119_60_60,125_75_75,157_24_30,812_48_48,,,,,,,,,,,,,,,,,,,,,,,,,,,,,,,,,,
5101,98_12_22,123_28_80,119_5_5,124_31_90,155_5_5,812_49_49,,,,,,,,,,,,,,,,,,,,,,,,,,,,,,,,,,
5102,96_12_23,118_14_40,126_26_75,119_41_120,153_42_55,812_49_49,,,,,,,,,,,,,,,,,,,,,,,,,,,,,,,,,,
5103,98_11_21,118_36_105,123_8_20,124_28_80,153_16_20,812_49_49,,,,,,,,,,,,,,,,,,,,,,,,,,,,,,,,,,
5104,98_12_23,126_13_35,123_16_45,119_5_5,125_43_125,812_49_49,,,,,,,,,,,,,,,,,,,,,,,,,,,,,,,,,,
5105,100_11_21,119_46_135,124_26_75,125_6_15,152_50_65,812_49_49,,,,,,,,,,,,,,,,,,,,,,,,,,,,,,,,,,
5106,98_11_21,118_8_20,124_31_90,125_34_100,155_5_5,152_50_65,812_49_49,,,,,,,,,,,,,,,,,,,,,,,,,,,,,,,,,
5107,96_12_23,124_24_90,125_26_100,157_5_5,155_39_50,812_?_?,,,,,,,,,,,,,,,,,,,,,,,,,,,,,,,,,,
5108,98_12_22,123_32_125,119_26_100,125_10_35,157_35_45,812_?_?,,,,,,,,,,,,,,,,,,,,,,,,,,,,,,,,,,
5109,97_12_22,123_65_65,119_30_30,125_115_115,155_50_65,812_?_?,,,,,,,,,,,,,,,,,,,,,,,,,,,,,,,,,,
5110,96_11_21,118_14_40,126_34_100,123_24_70,119_39_115,156_5_5,812_?_?,,,,,,,,,,,,,,,,,,,,,,,,,,,,,,,,,
5111,98_12_22,118_33_95,126_4_10,123_5_5,119_18_50,156_16_20,812_?_?,,,,,,,,,,,,,,,,,,,,,,,,,,,,,,,,,
5112,96_12_23,126_33_95,124_23_65,152_35_45,812_?_?,,,,,,,,,,,,,,,,,,,,,,,,,,,,,,,,,,,
5113,100_12_23,118_20_115,123_5_5,124_10_55,812_?_?,,,,,,,,,,,,,,,,,,,,,,,,,,,,,,,,,,,
5114,100_12_23,126_120_120,119_55_55,125_65_65,157_61_80,812_?_?,,,,,,,,,,,,,,,,,,,,,,,,,,,,,,,,,,
5115,98_12_23,118_30_30,123_115_115,153_16_20,812_?_?,,,,,,,,,,,,,,,,,,,,,,,,,,,,,,,,,,,
5116,100_12_22,126_51_100,123_19_35,124_49_95,157_106_140,812_?_?,,,,,,,,,,,,,,,,,,,,,,,,,,,,,,,,,,
5117,98_13_24,126_6_25,123_31_150,124_16_70,157_39_50,153_39_50,812_?_?,,,,,,,,,,,,,,,,,,,,,,,,,,,,,,,,,
5118,100_12_23,118_26_100,123_26_100,119_36_135,156_31_40,812_?_?,,,,,,,,,,,,,,,,,,,,,,,,,,,,,,,,,,
5119,96_13_24,118_6_25,123_26_135,119_11_40,156_76_100,812_?_?,,,,,,,,,,,,,,,,,,,,,,,,,,,,,,,,,,
5120,100_12_22,126_115_115,123_90_90,119_25_25,125_80_80,812_?_?,,,,,,,,,,,,,,,,,,,,,,,,,,,,,,,,,,
5121,98_12_22,124_21_80,125_21_65,812_?_?,,,,,,,,,,,,,,,,,,,,,,,,,,,,,,,,,,,,
5122,125_31_45,111_1_1,182_2_3,240_3_5,244_3_5,210_2_3,,,,,,,,,,,,,,,,,,,,,,,,,,,,,,,,,,
5123,97_4_6,124_5_5,812_?_?,,,,,,,,,,,,,,,,,,,,,,,,,,,,,,,,,,,,,
5124,100_2_7,123_5_5,812_?_?,,,,,,,,,,,,,,,,,,,,,,,,,,,,,,,,,,,,,
5125,100_2_7,812_?_?,,,,,,,,,,,,,,,,,,,,,,,,,,,,,,,,,,,,,,
5126,99_3_8,123_5_5,812_?_?,,,,,,,,,,,,,,,,,,,,,,,,,,,,,,,,,,,,,
5127,100_4_9,126_5_5,812_?_?,,,,,,,,,,,,,,,,,,,,,,,,,,,,,,,,,,,,,
5128,98_2_9,118_5_5,812_?_?,,,,,,,,,,,,,,,,,,,,,,,,,,,,,,,,,,,,,
5129,96_4_8,119_5_5,812_?_?,,,,,,,,,,,,,,,,,,,,,,,,,,,,,,,,,,,,,
5130,100_3_7,119_5_5,153_5_5,812_?_?,,,,,,,,,,,,,,,,,,,,,,,,,,,,,,,,,,,,
5131,99_6_9,118_5_5,812_?_?,,,,,,,,,,,,,,,,,,,,,,,,,,,,,,,,,,,,,
5132,99_3_10,118_5_5,153_5_5,812_?_?,,,,,,,,,,,,,,,,,,,,,,,,,,,,,,,,,,,,
5133,99_4_10,812_?_?,,,,,,,,,,,,,,,,,,,,,,,,,,,,,,,,,,,,,,
5134,97_4_10,118_5_5,126_5_5,812_?_?,,,,,,,,,,,,,,,,,,,,,,,,,,,,,,,,,,,,
5135,97_3_9,119_5_5,125_5_5,156_5_5,812_?_?,,,,,,,,,,,,,,,,,,,,,,,,,,,,,,,,,,,
5136,99_5_9,123_5_5,119_10_10,156_5_5,812_?_?,,,,,,,,,,,,,,,,,,,,,,,,,,,,,,,,,,,
5137,99_3_9,125_5_5,812_?_?,,,,,,,,,,,,,,,,,,,,,,,,,,,,,,,,,,,,,
5138,100_3_9,119_5_5,812_?_?,,,,,,,,,,,,,,,,,,,,,,,,,,,,,,,,,,,,,
5139,99_6_10,812_?_?,,,,,,,,,,,,,,,,,,,,,,,,,,,,,,,,,,,,,,
5140,97_5_9,125_5_5,812_?_?,,,,,,,,,,,,,,,,,,,,,,,,,,,,,,,,,,,,,
5141,98_6_10,812_?_?,,,,,,,,,,,,,,,,,,,,,,,,,,,,,,,,,,,,,,
5142,100_7_11,812_14_14,,,,,,,,,,,,,,,,,,,,,,,,,,,,,,,,,,,,,,
5143,97_5_8,812_?_?,,,,,,,,,,,,,,,,,,,,,,,,,,,,,,,,,,,,,,
5144,100_4_9,118_5_5,123_5_5,812_?_?,,,,,,,,,,,,,,,,,,,,,,,,,,,,,,,,,,,,
5145,99_5_11,126_6_10,812_?_?,,,,,,,,,,,,,,,,,,,,,,,,,,,,,,,,,,,,,
5146,100_7_12,812_?_?,,,,,,,,,,,,,,,,,,,,,,,,,,,,,,,,,,,,,,
5147,99_7_9,124_6_10,812_?_?,,,,,,,,,,,,,,,,,,,,,,,,,,,,,,,,,,,,,
5148,97_3_11,118_5_5,812_?_?,,,,,,,,,,,,,,,,,,,,,,,,,,,,,,,,,,,,,
5149,99_4_9,125_15_15,812_?_?,,,,,,,,,,,,,,,,,,,,,,,,,,,,,,,,,,,,,
5150,100_9_16,812_?_?,,,,,,,,,,,,,,,,,,,,,,,,,,,,,,,,,,,,,,
5151,97_7_10,119_6_15,812_?_?,,,,,,,,,,,,,,,,,,,,,,,,,,,,,,,,,,,,,
5152,99_3_10,125_15_15,812_?_?,,,,,,,,,,,,,,,,,,,,,,,,,,,,,,,,,,,,,
5153,97_5_12,812_?_?,,,,,,,,,,,,,,,,,,,,,,,,,,,,,,,,,,,,,,
5154,100_7_11,123_5_5,153_9_10,812_?_?,,,,,,,,,,,,,,,,,,,,,,,,,,,,,,,,,,,,
5155,99_3_10,119_5_5,812_?_?,,,,,,,,,,,,,,,,,,,,,,,,,,,,,,,,,,,,,
5156,99_4_10,118_5_5,812_?_?,,,,,,,,,,,,,,,,,,,,,,,,,,,,,,,,,,,,,
5157,97_6_11,118_6_20,812_?_?,,,,,,,,,,,,,,,,,,,,,,,,,,,,,,,,,,,,,
5158,99_5_10,812_?_?,,,,,,,,,,,,,,,,,,,,,,,,,,,,,,,,,,,,,,
5159,98_4_11,118_5_5,152_9_10,812_?_?,,,,,,,,,,,,,,,,,,,,,,,,,,,,,,,,,,,,
5160,100_7_12,153_12_15,812_?_?,,,,,,,,,,,,,,,,,,,,,,,,,,,,,,,,,,,,,
5161,98_4_12,123_5_5,156_5_5,812_?_?,,,,,,,,,,,,,,,,,,,,,,,,,,,,,,,,,,,,
5162,97_3_12,812_?_?,,,,,,,,,,,,,,,,,,,,,,,,,,,,,,,,,,,,,,
5163,99_3_13,126_6_25,812_?_?,,,,,,,,,,,,,,,,,,,,,,,,,,,,,,,,,,,,,
5164,96_5_11,123_16_30,812_?_?,,,,,,,,,,,,,,,,,,,,,,,,,,,,,,,,,,,,,
5165,96_5_12,812_?_?,,,,,,,,,,,,,,,,,,,,,,,,,,,,,,,,,,,,,,
5166,99_15_21,812_?_?,,,,,,,,,,,,,,,,,,,,,,,,,,,,,,,,,,,,,,
5167,99_4_13,126_11_15,812_?_?,,,,,,,,,,,,,,,,,,,,,,,,,,,,,,,,,,,,,
5168,100_7_12,118_6_10,812_?_?,,,,,,,,,,,,,,,,,,,,,,,,,,,,,,,,,,,,,
5169,99_9_12,119_5_5,124_6_10,812_?_?,,,,,,,,,,,,,,,,,,,,,,,,,,,,,,,,,,,,
5170,100_7_13,118_10_10,126_5_5,156_16_20,812_?_?,,,,,,,,,,,,,,,,,,,,,,,,,,,,,,,,,,,
5171,97_7_12,812_?_?,,,,,,,,,,,,,,,,,,,,,,,,,,,,,,,,,,,,,,
5172,97_9_11,154_12_15,812_?_?,,,,,,,,,,,,,,,,,,,,,,,,,,,,,,,,,,,,,
5173,99_5_12,123_5_5,126_20_20,812_?_?,,,,,,,,,,,,,,,,,,,,,,,,,,,,,,,,,,,,
5174,100_7_14,118_6_15,812_?_?,,,,,,,,,,,,,,,,,,,,,,,,,,,,,,,,,,,,,
5175,99_8_12,126_6_20,812_?_?,,,,,,,,,,,,,,,,,,,,,,,,,,,,,,,,,,,,,
5176,99_7_13,125_6_20,812_?_?,,,,,,,,,,,,,,,,,,,,,,,,,,,,,,,,,,,,,
5177,99_6_12,118_6_45,812_?_?,,,,,,,,,,,,,,,,,,,,,,,,,,,,,,,,,,,,,
5178,100_7_12,812_?_?,,,,,,,,,,,,,,,,,,,,,,,,,,,,,,,,,,,,,,
5179,99_8_13,123_21_35,812_?_?,,,,,,,,,,,,,,,,,,,,,,,,,,,,,,,,,,,,,
5180,99_6_12,125_26_35,812_?_?,,,,,,,,,,,,,,,,,,,,,,,,,,,,,,,,,,,,,
5181,98_10_14,119_21_30,156_11_15,812_?_?,,,,,,,,,,,,,,,,,,,,,,,,,,,,,,,,,,,,
5182,99_5_13,126_6_15,812_?_?,,,,,,,,,,,,,,,,,,,,,,,,,,,,,,,,,,,,,
5183,100_5_14,118_6_30,812_?_?,,,,,,,,,,,,,,,,,,,,,,,,,,,,,,,,,,,,,
5184,98_8_13,125_21_60,812_?_?,,,,,,,,,,,,,,,,,,,,,,,,,,,,,,,,,,,,,
5185,97_6_12,118_5_5,119_5_5,156_5_5,812_?_?,,,,,,,,,,,,,,,,,,,,,,,,,,,,,,,,,,,
5186,100_8_13,124_9_10,812_?_?,,,,,,,,,,,,,,,,,,,,,,,,,,,,,,,,,,,,,
5187,99_8_12,126_5_5,152_24_30,812_?_?,,,,,,,,,,,,,,,,,,,,,,,,,,,,,,,,,,,,
5188,97_5_13,154_12_15,812_?_?,,,,,,,,,,,,,,,,,,,,,,,,,,,,,,,,,,,,,
5189,99_7_15,156_9_10,812_?_?,,,,,,,,,,,,,,,,,,,,,,,,,,,,,,,,,,,,,
5190,99_11_14,125_1_10,126_6_15,812_?_?,,,,,,,,,,,,,,,,,,,,,,,,,,,,,,,,,,,,
5191,96_11_22,812_?_?,,,,,,,,,,,,,,,,,,,,,,,,,,,,,,,,,,,,,,
5192,99_6_14,126_26_40,153_11_20,812_?_?,,,,,,,,,,,,,,,,,,,,,,,,,,,,,,,,,,,,
5193,99_9_14,124_11_15,812_?_?,,,,,,,,,,,,,,,,,,,,,,,,,,,,,,,,,,,,,
5194,99_6_15,118_10_10,124_11_15,812_?_?,,,,,,,,,,,,,,,,,,,,,,,,,,,,,,,,,,,,
5195,97_10_13,125_6_30,812_?_?,,,,,,,,,,,,,,,,,,,,,,,,,,,,,,,,,,,,,
5196,99_10_15,119_6_10,125_11_30,812_?_?,,,,,,,,,,,,,,,,,,,,,,,,,,,,,,,,,,,,
5197,99_6_14,126_20_20,124_11_15,125_11_15,812_?_?,,,,,,,,,,,,,,,,,,,,,,,,,,,,,,,,,,,
5198,98_5_15,125_6_45,812_10_10,,,,,,,,,,,,,,,,,,,,,,,,,,,,,,,,,,,,,
5199,100_5_15,125_36_40,812_10_10,,,,,,,,,,,,,,,,,,,,,,,,,,,,,,,,,,,,,
5200,96_8_15,124_11_15,812_10_10,,,,,,,,,,,,,,,,,,,,,,,,,,,,,,,,,,,,,
5201,97_8_13,125_11_15,118_11_15,812_10_10,,,,,,,,,,,,,,,,,,,,,,,,,,,,,,,,,,,,
5202,99_11_14,125_6_55,812_10_10,,,,,,,,,,,,,,,,,,,,,,,,,,,,,,,,,,,,,
5203,97_9_15,119_11_15,125_11_15,812_10_10,,,,,,,,,,,,,,,,,,,,,,,,,,,,,,,,,,,,
5204,100_10_14,124_21_25,812_11_11,,,,,,,,,,,,,,,,,,,,,,,,,,,,,,,,,,,,,
5205,99_6_16,126_11_20,124_11_20,812_11_11,,,,,,,,,,,,,,,,,,,,,,,,,,,,,,,,,,,,
5206,99_8_16,125_11_30,126_11_15,812_11_11,,,,,,,,,,,,,,,,,,,,,,,,,,,,,,,,,,,,
5207,96_5_15,123_26_30,153_11_15,812_11_11,,,,,,,,,,,,,,,,,,,,,,,,,,,,,,,,,,,,
5208,100_10_14,124_26_30,153_6_10,812_11_11,,,,,,,,,,,,,,,,,,,,,,,,,,,,,,,,,,,,
5209,99_8_14,125_21_25,124_6_10,812_11_11,,,,,,,,,,,,,,,,,,,,,,,,,,,,,,,,,,,,
5210,97_6_16,126_11_15,153_6_10,812_12_12,,,,,,,,,,,,,,,,,,,,,,,,,,,,,,,,,,,,
5211,99_12_15,126_16_40,812_12_12,,,,,,,,,,,,,,,,,,,,,,,,,,,,,,,,,,,,,
5212,96_12_16,123_16_30,156_1_5,812_12_12,,,,,,,,,,,,,,,,,,,,,,,,,,,,,,,,,,,,
5213,100_10_14,118_6_30,153_6_10,812_12_12,,,,,,,,,,,,,,,,,,,,,,,,,,,,,,,,,,,,
5214,100_12_15,125_26_35,812_12_12,,,,,,,,,,,,,,,,,,,,,,,,,,,,,,,,,,,,,
5215,100_12_15,118_11_35,156_26_30,812_12_12,,,,,,,,,,,,,,,,,,,,,,,,,,,,,,,,,,,,
5216,100_6_14,118_6_30,812_13_13,,,,,,,,,,,,,,,,,,,,,,,,,,,,,,,,,,,,,
5217,99_5_14,118_5_5,154_12_15,812_13_13,,,,,,,,,,,,,,,,,,,,,,,,,,,,,,,,,,,,
5218,99_10_15,125_16_30,812_13_13,,,,,,,,,,,,,,,,,,,,,,,,,,,,,,,,,,,,,
5219,97_11_16,124_12_15,812_13_13,,,,,,,,,,,,,,,,,,,,,,,,,,,,,,,,,,,,,
5220,99_10_17,156_5_5,153_9_10,812_13_13,,,,,,,,,,,,,,,,,,,,,,,,,,,,,,,,,,,,
5221,97_9_16,125_26_40,154_36_40,812_13_13,,,,,,,,,,,,,,,,,,,,,,,,,,,,,,,,,,,,
5222,96_13_16,124_11_15,812_14_14,,,,,,,,,,,,,,,,,,,,,,,,,,,,,,,,,,,,,
5223,97_11_17,119_15_15,812_14_14,,,,,,,,,,,,,,,,,,,,,,,,,,,,,,,,,,,,,
5224,98_11_20,812_14_14,,,,,,,,,,,,,,,,,,,,,,,,,,,,,,,,,,,,,,
5225,100_12_17,125_16_20,812_14_14,,,,,,,,,,,,,,,,,,,,,,,,,,,,,,,,,,,,,
5226,99_12_15,125_26_45,812_14_14,,,,,,,,,,,,,,,,,,,,,,,,,,,,,,,,,,,,,
5227,100_11_17,118_15_15,812_14_14,,,,,,,,,,,,,,,,,,,,,,,,,,,,,,,,,,,,,
5228,100_11_17,124_6_15,812_15_15,,,,,,,,,,,,,,,,,,,,,,,,,,,,,,,,,,,,,
5229,97_13_17,124_6_10,125_11_15,812_15_15,,,,,,,,,,,,,,,,,,,,,,,,,,,,,,,,,,,,
5230,100_12_16,119_45_45,812_15_15,,,,,,,,,,,,,,,,,,,,,,,,,,,,,,,,,,,,,
5231,97_9_16,125_11_25,812_15_15,,,,,,,,,,,,,,,,,,,,,,,,,,,,,,,,,,,,,
5232,98_10_17,123_15_15,124_11_20,812_15_15,,,,,,,,,,,,,,,,,,,,,,,,,,,,,,,,,,,,
5233,96_6_16,123_1_40,812_15_15,,,,,,,,,,,,,,,,,,,,,,,,,,,,,,,,,,,,,
5234,98_10_17,152_12_15,154_5_5,812_16_16,,,,,,,,,,,,,,,,,,,,,,,,,,,,,,,,,,,,
5235,99_10_17,154_12_15,153_5_5,812_16_16,,,,,,,,,,,,,,,,,,,,,,,,,,,,,,,,,,,,
5236,97_7_17,156_5_5,812_16_16,,,,,,,,,,,,,,,,,,,,,,,,,,,,,,,,,,,,,
5237,97_11_16,154_5_5,153_12_15,812_16_16,,,,,,,,,,,,,,,,,,,,,,,,,,,,,,,,,,,,
5238,99_12_17,152_5_5,812_16_16,,,,,,,,,,,,,,,,,,,,,,,,,,,,,,,,,,,,,
5239,99_13_18,152_9_10,153_5_5,812_16_16,,,,,,,,,,,,,,,,,,,,,,,,,,,,,,,,,,,,
5240,99_9_16,119_15_15,156_16_20,153_9_10,812_17_17,,,,,,,,,,,,,,,,,,,,,,,,,,,,,,,,,,,
5241,99_8_16,118_5_5,152_12_15,153_5_5,812_17_17,,,,,,,,,,,,,,,,,,,,,,,,,,,,,,,,,,,
5242,96_7_16,126_5_5,153_20_25,812_17_17,,,,,,,,,,,,,,,,,,,,,,,,,,,,,,,,,,,,
5243,99_9_17,153_16_20,812_17_17,,,,,,,,,,,,,,,,,,,,,,,,,,,,,,,,,,,,,
5244,99_12_16,126_5_5,154_9_10,156_12_15,812_17_17,,,,,,,,,,,,,,,,,,,,,,,,,,,,,,,,,,,
5245,99_12_18,156_12_15,153_16_20,812_17_17,,,,,,,,,,,,,,,,,,,,,,,,,,,,,,,,,,,,
5246,99_9_16,156_9_10,153_12_15,812_18_18,,,,,,,,,,,,,,,,,,,,,,,,,,,,,,,,,,,,
5247,99_14_16,118_5_5,154_9_10,156_16_20,812_18_18,,,,,,,,,,,,,,,,,,,,,,,,,,,,,,,,,,,
5248,97_14_16,152_9_10,153_9_10,812_18_18,,,,,,,,,,,,,,,,,,,,,,,,,,,,,,,,,,,,
5249,100_12_16,152_9_10,812_18_18,,,,,,,,,,,,,,,,,,,,,,,,,,,,,,,,,,,,,
5250,99_14_18,153_24_30,812_18_18,,,,,,,,,,,,,,,,,,,,,,,,,,,,,,,,,,,,,
5251,100_11_16,156_9_10,153_9_10,812_18_18,,,,,,,,,,,,,,,,,,,,,,,,,,,,,,,,,,,,
5252,98_14_17,153_16_20,812_19_19,,,,,,,,,,,,,,,,,,,,,,,,,,,,,,,,,,,,,
5253,97_15_22,152_11_15,153_11_15,812_19_19,,,,,,,,,,,,,,,,,,,,,,,,,,,,,,,,,,,,
5254,100_6_18,118_5_5,119_5_5,153_31_40,812_19_19,,,,,,,,,,,,,,,,,,,,,,,,,,,,,,,,,,,
5255,96_12_18,152_20_25,153_1_5,812_19_19,,,,,,,,,,,,,,,,,,,,,,,,,,,,,,,,,,,,
5256,99_10_17,156_1_5,812_19_19,,,,,,,,,,,,,,,,,,,,,,,,,,,,,,,,,,,,,
5257,99_12_19,156_9_10,812_19_19,,,,,,,,,,,,,,,,,,,,,,,,,,,,,,,,,,,,,
5258,99_8_19,156_12_15,812_?_?,,,,,,,,,,,,,,,,,,,,,,,,,,,,,,,,,,,,,
5259,99_7_19,124_5_5,154_16_20,153_12_15,812_?_?,,,,,,,,,,,,,,,,,,,,,,,,,,,,,,,,,,,
5260,99_11_17,156_12_15,812_?_?,,,,,,,,,,,,,,,,,,,,,,,,,,,,,,,,,,,,,
5261,97_16_19,154_9_10,156_1_5,812_?_?,,,,,,,,,,,,,,,,,,,,,,,,,,,,,,,,,,,,
5262,99_11_19,123_10_10,156_16_20,153_16_20,812_?_?,,,,,,,,,,,,,,,,,,,,,,,,,,,,,,,,,,,
5263,99_12_18,154_16_20,812_?_?,,,,,,,,,,,,,,,,,,,,,,,,,,,,,,,,,,,,,
5264,96_16_18,152_5_5,156_5_5,812_?_?,,,,,,,,,,,,,,,,,,,,,,,,,,,,,,,,,,,,
5265,97_12_18,153_20_25,812_?_?,,,,,,,,,,,,,,,,,,,,,,,,,,,,,,,,,,,,,
5266,100_14_18,153_5_5,812_?_?,,,,,,,,,,,,,,,,,,,,,,,,,,,,,,,,,,,,,
5267,99_11_17,152_16_20,156_12_15,812_?_?,,,,,,,,,,,,,,,,,,,,,,,,,,,,,,,,,,,,
5268,98_13_17,126_10_10,156_20_25,812_?_?,,,,,,,,,,,,,,,,,,,,,,,,,,,,,,,,,,,,
5269,97_17_19,153_12_15,812_?_?,,,,,,,,,,,,,,,,,,,,,,,,,,,,,,,,,,,,,
5270,100_13_19,153_39_50,812_?_?,,,,,,,,,,,,,,,,,,,,,,,,,,,,,,,,,,,,,
5271,98_15_17,152_20_25,812_?_?,,,,,,,,,,,,,,,,,,,,,,,,,,,,,,,,,,,,,
5272,100_17_18,154_5_5,812_?_?,,,,,,,,,,,,,,,,,,,,,,,,,,,,,,,,,,,,,
5273,96_9_18,152_5_5,153_12_15,812_?_?,,,,,,,,,,,,,,,,,,,,,,,,,,,,,,,,,,,,
5274,99_13_19,118_5_5,152_16_20,154_20_25,812_?_?,,,,,,,,,,,,,,,,,,,,,,,,,,,,,,,,,,,
5275,99_9_19,156_9_10,153_5_5,812_?_?,,,,,,,,,,,,,,,,,,,,,,,,,,,,,,,,,,,,
5276,97_16_18,152_12_15,153_16_20,812_?_?,,,,,,,,,,,,,,,,,,,,,,,,,,,,,,,,,,,,
5277,97_15_18,156_12_15,153_20_25,812_?_?,,,,,,,,,,,,,,,,,,,,,,,,,,,,,,,,,,,,
5278,98_9_18,154_9_10,812_?_?,,,,,,,,,,,,,,,,,,,,,,,,,,,,,,,,,,,,,
5279,98_15_19,153_12_15,812_?_?,,,,,,,,,,,,,,,,,,,,,,,,,,,,,,,,,,,,,
5280,97_8_18,125_10_10,156_16_20,812_?_?,,,,,,,,,,,,,,,,,,,,,,,,,,,,,,,,,,,,
5281,97_15_20,119_5_5,156_20_25,812_?_?,,,,,,,,,,,,,,,,,,,,,,,,,,,,,,,,,,,,
5282,100_10_20,118_15_15,153_35_45,812_?_?,,,,,,,,,,,,,,,,,,,,,,,,,,,,,,,,,,,,
5283,100_17_18,118_21_25,125_6_10,812_?_?,,,,,,,,,,,,,,,,,,,,,,,,,,,,,,,,,,,,
5284,99_17_18,126_26_30,812_?_?,,,,,,,,,,,,,,,,,,,,,,,,,,,,,,,,,,,,,
5285,100_9_18,126_20_20,125_16_20,156_1_5,812_?_?,,,,,,,,,,,,,,,,,,,,,,,,,,,,,,,,,,,
5286,98_13_18,124_26_30,153_31_35,812_?_?,,,,,,,,,,,,,,,,,,,,,,,,,,,,,,,,,,,,
5287,96_18_20,123_39_50,812_?_?,,,,,,,,,,,,,,,,,,,,,,,,,,,,,,,,,,,,,
5288,99_17_18,126_31_40,154_51_60,812_?_?,,,,,,,,,,,,,,,,,,,,,,,,,,,,,,,,,,,,
5289,97_15_19,125_35_35,156_1_5,812_?_?,,,,,,,,,,,,,,,,,,,,,,,,,,,,,,,,,,,,
5290,97_9_19,126_20_20,157_20_20,156_10_10,812_?_?,,,,,,,,,,,,,,,,,,,,,,,,,,,,,,,,,,,
5291,100_16_20,125_36_50,812_?_?,,,,,,,,,,,,,,,,,,,,,,,,,,,,,,,,,,,,,
5292,98_10_18,126_10_10,123_15_15,156_20_25,812_?_?,,,,,,,,,,,,,,,,,,,,,,,,,,,,,,,,,,,
5293,98_16_19,119_16_30,125_11_15,812_?_?,,,,,,,,,,,,,,,,,,,,,,,,,,,,,,,,,,,,
5294,97_9_20,118_15_15,153_11_15,812_20_20,,,,,,,,,,,,,,,,,,,,,,,,,,,,,,,,,,,,
5295,100_16_20,123_10_10,153_54_70,812_20_20,,,,,,,,,,,,,,,,,,,,,,,,,,,,,,,,,,,,
5296,97_9_20,126_15_15,125_15_15,812_20_20,,,,,,,,,,,,,,,,,,,,,,,,,,,,,,,,,,,,
5297,99_13_21,124_16_20,812_20_20,,,,,,,,,,,,,,,,,,,,,,,,,,,,,,,,,,,,,
5298,97_9_21,126_25_25,118_25_25,812_20_20,,,,,,,,,,,,,,,,,,,,,,,,,,,,,,,,,,,,
5299,100_12_21,125_26_30,812_20_20,,,,,,,,,,,,,,,,,,,,,,,,,,,,,,,,,,,,,
5300,99_17_20,123_16_20,125_11_15,812_21_21,,,,,,,,,,,,,,,,,,,,,,,,,,,,,,,,,,,,
5301,100_11_21,119_36_50,812_21_21,,,,,,,,,,,,,,,,,,,,,,,,,,,,,,,,,,,,,
5302,100_15_20,125_21_50,812_21_21,,,,,,,,,,,,,,,,,,,,,,,,,,,,,,,,,,,,,
5303,99_18_21,126_41_55,812_21_21,,,,,,,,,,,,,,,,,,,,,,,,,,,,,,,,,,,,,
5304,96_11_19,123_21_25,156_6_10,812_21_21,,,,,,,,,,,,,,,,,,,,,,,,,,,,,,,,,,,,
5305,99_11_21,125_26_80,155_11_15,812_21_21,,,,,,,,,,,,,,,,,,,,,,,,,,,,,,,,,,,,
5306,99_11_20,126_11_40,156_1_5,812_22_22,,,,,,,,,,,,,,,,,,,,,,,,,,,,,,,,,,,,
5307,100_13_19,123_25_25,153_1_10,812_22_22,,,,,,,,,,,,,,,,,,,,,,,,,,,,,,,,,,,,
5308,99_15_19,124_36_40,154_26_30,153_26_30,812_22_22,,,,,,,,,,,,,,,,,,,,,,,,,,,,,,,,,,,
5309,99_17_19,118_5_5,124_1_30,812_22_22,,,,,,,,,,,,,,,,,,,,,,,,,,,,,,,,,,,,
5310,100_14_20,118_11_60,154_21_25,153_21_25,812_22_22,,,,,,,,,,,,,,,,,,,,,,,,,,,,,,,,,,,
5311,100_9_19,124_11_20,152_11_20,812_22_22,,,,,,,,,,,,,,,,,,,,,,,,,,,,,,,,,,,,
5312,99_12_21,126_1_60,153_1_50,812_23_23,,,,,,,,,,,,,,,,,,,,,,,,,,,,,,,,,,,,
5313,96_12_21,126_35_35,119_35_35,153_21_25,812_23_23,,,,,,,,,,,,,,,,,,,,,,,,,,,,,,,,,,,
5314,99_9_19,123_10_10,125_21_40,156_16_20,812_23_23,,,,,,,,,,,,,,,,,,,,,,,,,,,,,,,,,,,
5315,97_16_20,125_16_25,812_23_23,,,,,,,,,,,,,,,,,,,,,,,,,,,,,,,,,,,,,
5316,100_16_20,119_26_50,812_23_23,,,,,,,,,,,,,,,,,,,,,,,,,,,,,,,,,,,,,
5317,98_15_19,118_21_35,153_16_20,812_23_23,,,,,,,,,,,,,,,,,,,,,,,,,,,,,,,,,,,,
5318,100_18_22,124_21_25,812_24_24,,,,,,,,,,,,,,,,,,,,,,,,,,,,,,,,,,,,,
5319,99_11_21,118_15_15,119_15_15,812_24_24,,,,,,,,,,,,,,,,,,,,,,,,,,,,,,,,,,,,
5320,98_15_21,124_6_25,152_11_15,153_16_20,812_24_24,,,,,,,,,,,,,,,,,,,,,,,,,,,,,,,,,,,
5321,100_11_22,119_45_45,153_6_10,812_24_24,,,,,,,,,,,,,,,,,,,,,,,,,,,,,,,,,,,,
5322,99_17_20,126_31_40,812_24_24,,,,,,,,,,,,,,,,,,,,,,,,,,,,,,,,,,,,,
5323,96_11_20,123_26_30,812_24_24,,,,,,,,,,,,,,,,,,,,,,,,,,,,,,,,,,,,,
5324,100_10_21,118_16_30,812_25_25,,,,,,,,,,,,,,,,,,,,,,,,,,,,,,,,,,,,,
5325,97_17_21,118_26_35,812_25_25,,,,,,,,,,,,,,,,,,,,,,,,,,,,,,,,,,,,,
5326,99_14_20,123_5_5,119_25_25,156_12_15,153_12_15,812_25_25,,,,,,,,,,,,,,,,,,,,,,,,,,,,,,,,,,
5327,100_14_20,126_15_15,119_15_15,812_25_25,,,,,,,,,,,,,,,,,,,,,,,,,,,,,,,,,,,,
5328,100_17_20,126_5_5,156_12_15,812_25_25,,,,,,,,,,,,,,,,,,,,,,,,,,,,,,,,,,,,
5329,96_15_21,124_21_25,154_11_15,153_5_5,812_25_25,,,,,,,,,,,,,,,,,,,,,,,,,,,,,,,,,,,
5330,98_13_24,812_26_26,,,,,,,,,,,,,,,,,,,,,,,,,,,,,,,,,,,,,,
5331,100_17_20,119_15_15,156_16_20,812_26_26,,,,,,,,,,,,,,,,,,,,,,,,,,,,,,,,,,,,
5332,96_18_21,118_5_5,154_16_20,153_20_25,812_26_26,,,,,,,,,,,,,,,,,,,,,,,,,,,,,,,,,,,
5333,100_14_22,126_15_15,154_21_25,812_26_26,,,,,,,,,,,,,,,,,,,,,,,,,,,,,,,,,,,,
5334,98_15_20,119_11_15,812_26_26,,,,,,,,,,,,,,,,,,,,,,,,,,,,,,,,,,,,,
5335,100_16_20,118_25_25,152_26_30,812_26_26,,,,,,,,,,,,,,,,,,,,,,,,,,,,,,,,,,,,
5336,96_12_21,123_25_25,154_6_20,812_27_27,,,,,,,,,,,,,,,,,,,,,,,,,,,,,,,,,,,,
5337,97_12_20,118_25_25,154_16_20,812_27_27,,,,,,,,,,,,,,,,,,,,,,,,,,,,,,,,,,,,
5338,97_11_22,118_15_15,123_15_15,154_16_20,812_27_27,,,,,,,,,,,,,,,,,,,,,,,,,,,,,,,,,,,
5339,100_16_22,125_25_25,154_26_35,156_24_30,812_27_27,,,,,,,,,,,,,,,,,,,,,,,,,,,,,,,,,,,
5340,100_17_21,118_31_40,812_27_27,,,,,,,,,,,,,,,,,,,,,,,,,,,,,,,,,,,,,
5341,98_17_21,123_15_15,156_24_30,812_27_27,,,,,,,,,,,,,,,,,,,,,,,,,,,,,,,,,,,,
5342,99_17_23,126_16_25,812_28_28,,,,,,,,,,,,,,,,,,,,,,,,,,,,,,,,,,,,,
5343,100_18_23,123_46_50,812_28_28,,,,,,,,,,,,,,,,,,,,,,,,,,,,,,,,,,,,,
5344,97_12_21,124_11_20,812_28_28,,,,,,,,,,,,,,,,,,,,,,,,,,,,,,,,,,,,,
5345,97_13_23,118_21_30,152_11_15,812_28_28,,,,,,,,,,,,,,,,,,,,,,,,,,,,,,,,,,,,
5346,97_18_21,118_11_55,153_6_15,812_28_28,,,,,,,,,,,,,,,,,,,,,,,,,,,,,,,,,,,,
5347,99_16_23,126_21_45,154_21_25,812_28_28,,,,,,,,,,,,,,,,,,,,,,,,,,,,,,,,,,,,
5348,100_14_21,118_30_30,125_5_5,154_16_20,812_29_29,,,,,,,,,,,,,,,,,,,,,,,,,,,,,,,,,,,
5349,100_19_23,125_21_30,812_29_29,,,,,,,,,,,,,,,,,,,,,,,,,,,,,,,,,,,,,
5350,97_12_21,118_16_25,812_29_29,,,,,,,,,,,,,,,,,,,,,,,,,,,,,,,,,,,,,
5351,98_16_22,119_16_20,812_29_29,,,,,,,,,,,,,,,,,,,,,,,,,,,,,,,,,,,,,
5352,100_17_21,125_51_55,812_29_29,,,,,,,,,,,,,,,,,,,,,,,,,,,,,,,,,,,,,
5353,96_11_23,119_26_50,812_29_29,,,,,,,,,,,,,,,,,,,,,,,,,,,,,,,,,,,,,
5354,97_13_21,118_25_25,123_16_20,812_?_?,,,,,,,,,,,,,,,,,,,,,,,,,,,,,,,,,,,,
5355,97_18_21,123_20_20,124_21_25,812_?_?,,,,,,,,,,,,,,,,,,,,,,,,,,,,,,,,,,,,
5356,99_17_21,118_21_25,812_?_?,,,,,,,,,,,,,,,,,,,,,,,,,,,,,,,,,,,,,
5357,99_13_22,126_21_25,812_?_?,,,,,,,,,,,,,,,,,,,,,,,,,,,,,,,,,,,,,
5358,100_12_22,125_16_20,123_16_20,812_?_?,,,,,,,,,,,,,,,,,,,,,,,,,,,,,,,,,,,,
5359,100_12_21,124_11_15,153_6_10,812_?_?,,,,,,,,,,,,,,,,,,,,,,,,,,,,,,,,,,,,
5360,98_11_22,125_20_20,812_?_?,,,,,,,,,,,,,,,,,,,,,,,,,,,,,,,,,,,,,
5361,97_14_22,119_26_30,124_16_20,812_?_?,,,,,,,,,,,,,,,,,,,,,,,,,,,,,,,,,,,,
5362,96_16_22,123_61_70,156_6_10,812_?_?,,,,,,,,,,,,,,,,,,,,,,,,,,,,,,,,,,,,
5363,100_13_21,124_16_20,152_26_30,812_?_?,,,,,,,,,,,,,,,,,,,,,,,,,,,,,,,,,,,,
5364,98_14_21,118_31_35,153_6_15,812_?_?,,,,,,,,,,,,,,,,,,,,,,,,,,,,,,,,,,,,
5365,97_16_25,124_11_20,812_?_?,,,,,,,,,,,,,,,,,,,,,,,,,,,,,,,,,,,,,
5366,100_18_24,123_16_20,812_?_?,,,,,,,,,,,,,,,,,,,,,,,,,,,,,,,,,,,,,
5367,98_17_24,123_20_20,124_16_20,812_?_?,,,,,,,,,,,,,,,,,,,,,,,,,,,,,,,,,,,,
5368,98_11_22,119_30_30,152_16_20,812_?_?,,,,,,,,,,,,,,,,,,,,,,,,,,,,,,,,,,,,
5369,99_13_24,126_10_10,124_10_10,153_11_15,812_?_?,,,,,,,,,,,,,,,,,,,,,,,,,,,,,,,,,,,
5370,100_18_23,124_16_20,125_11_15,812_?_?,,,,,,,,,,,,,,,,,,,,,,,,,,,,,,,,,,,,
5371,96_11_23,118_31_40,153_6_10,812_?_?,,,,,,,,,,,,,,,,,,,,,,,,,,,,,,,,,,,,
5372,100_12_22,118_11_20,812_?_?,,,,,,,,,,,,,,,,,,,,,,,,,,,,,,,,,,,,,
5373,97_12_22,118_20_20,119_11_20,812_?_?,,,,,,,,,,,,,,,,,,,,,,,,,,,,,,,,,,,,
5374,98_12_22,118_30_30,119_30_30,153_6_10,812_?_?,,,,,,,,,,,,,,,,,,,,,,,,,,,,,,,,,,,
5375,98_15_22,119_20_20,153_1_5,812_?_?,,,,,,,,,,,,,,,,,,,,,,,,,,,,,,,,,,,,
5376,100_20_24,123_15_15,119_15_15,156_1_5,812_?_?,,,,,,,,,,,,,,,,,,,,,,,,,,,,,,,,,,,
5377,98_19_22,124_10_10,152_11_15,812_?_?,,,,,,,,,,,,,,,,,,,,,,,,,,,,,,,,,,,,
5378,100_12_24,123_25_25,125_15_15,154_51_70,812_?_?,,,,,,,,,,,,,,,,,,,,,,,,,,,,,,,,,,,
5379,98_16_22,123_26_30,119_5_5,156_1_5,812_?_?,,,,,,,,,,,,,,,,,,,,,,,,,,,,,,,,,,,
5380,100_14_22,118_11_15,119_11_15,812_?_?,,,,,,,,,,,,,,,,,,,,,,,,,,,,,,,,,,,,
5381,100_16_24,124_16_20,812_?_?,,,,,,,,,,,,,,,,,,,,,,,,,,,,,,,,,,,,,
5382,99_14_25,126_20_20,812_?_?,,,,,,,,,,,,,,,,,,,,,,,,,,,,,,,,,,,,,
5383,97_14_23,126_30_30,812_?_?,,,,,,,,,,,,,,,,,,,,,,,,,,,,,,,,,,,,,
5384,99_14_22,126_31_35,154_16_20,812_?_?,,,,,,,,,,,,,,,,,,,,,,,,,,,,,,,,,,,,
5385,100_14_22,118_30_30,812_?_?,,,,,,,,,,,,,,,,,,,,,,,,,,,,,,,,,,,,,
5386,99_14_22,126_15_15,119_30_30,153_21_25,812_?_?,,,,,,,,,,,,,,,,,,,,,,,,,,,,,,,,,,,
5387,99_19_24,126_15_15,124_10_10,154_51_60,812_?_?,,,,,,,,,,,,,,,,,,,,,,,,,,,,,,,,,,,
5388,99_14_22,126_30_30,812_?_?,,,,,,,,,,,,,,,,,,,,,,,,,,,,,,,,,,,,,
5389,97_14_24,125_31_40,812_?_?,,,,,,,,,,,,,,,,,,,,,,,,,,,,,,,,,,,,,
5390,98_14_24,118_16_30,126_15_15,812_30_30,,,,,,,,,,,,,,,,,,,,,,,,,,,,,,,,,,,,
5391,100_15_22,125_50_50,152_26_30,812_30_30,,,,,,,,,,,,,,,,,,,,,,,,,,,,,,,,,,,,
5392,100_15_23,124_15_15,812_30_30,,,,,,,,,,,,,,,,,,,,,,,,,,,,,,,,,,,,,
5393,97_13_24,124_26_30,812_30_30,,,,,,,,,,,,,,,,,,,,,,,,,,,,,,,,,,,,,
5394,100_13_23,118_15_15,124_15_15,153_1_30,812_30_30,,,,,,,,,,,,,,,,,,,,,,,,,,,,,,,,,,,
5395,97_20_28,118_16_30,812_30_30,,,,,,,,,,,,,,,,,,,,,,,,,,,,,,,,,,,,,
5396,99_14_25,126_60_60,153_31_40,812_31_31,,,,,,,,,,,,,,,,,,,,,,,,,,,,,,,,,,,,
5397,96_18_24,123_16_20,812_31_31,,,,,,,,,,,,,,,,,,,,,,,,,,,,,,,,,,,,,
5398,100_16_24,118_6_20,812_31_31,,,,,,,,,,,,,,,,,,,,,,,,,,,,,,,,,,,,,
5399,100_12_23,118_1_25,125_5_5,812_31_31,,,,,,,,,,,,,,,,,,,,,,,,,,,,,,,,,,,,
5400,96_16_24,123_16_25,153_11_15,812_31_31,,,,,,,,,,,,,,,,,,,,,,,,,,,,,,,,,,,,
5401,98_17_23,125_21_50,812_31_31,,,,,,,,,,,,,,,,,,,,,,,,,,,,,,,,,,,,,
5402,96_19_23,123_16_30,812_32_32,,,,,,,,,,,,,,,,,,,,,,,,,,,,,,,,,,,,,
5403,97_12_25,124_11_15,125_11_15,812_32_32,,,,,,,,,,,,,,,,,,,,,,,,,,,,,,,,,,,,
5404,100_16_24,123_20_20,812_32_32,,,,,,,,,,,,,,,,,,,,,,,,,,,,,,,,,,,,,
5405,97_16_25,125_25_25,152_16_20,812_32_32,,,,,,,,,,,,,,,,,,,,,,,,,,,,,,,,,,,,
5406,97_14_25,118_20_20,153_6_15,812_32_32,,,,,,,,,,,,,,,,,,,,,,,,,,,,,,,,,,,,
5407,100_20_24,123_10_10,154_27_35,812_32_32,,,,,,,,,,,,,,,,,,,,,,,,,,,,,,,,,,,,
5408,100_17_23,126_30_30,153_11_20,812_33_33,,,,,,,,,,,,,,,,,,,,,,,,,,,,,,,,,,,,
5409,99_18_25,123_35_35,156_1_5,812_33_33,,,,,,,,,,,,,,,,,,,,,,,,,,,,,,,,,,,,
5410,100_20_24,118_30_30,812_33_33,,,,,,,,,,,,,,,,,,,,,,,,,,,,,,,,,,,,,
5411,100_18_24,125_16_20,812_33_33,,,,,,,,,,,,,,,,,,,,,,,,,,,,,,,,,,,,,
5412,98_13_25,119_26_50,153_6_15,812_33_33,,,,,,,,,,,,,,,,,,,,,,,,,,,,,,,,,,,,
5413,97_14_25,119_76_80,153_31_40,812_33_33,,,,,,,,,,,,,,,,,,,,,,,,,,,,,,,,,,,,
5414,99_17_25,126_51_60,152_31_40,812_34_34,,,,,,,,,,,,,,,,,,,,,,,,,,,,,,,,,,,,
5415,98_14_24,124_20_20,153_35_45,812_34_34,,,,,,,,,,,,,,,,,,,,,,,,,,,,,,,,,,,,
5416,100_16_25,125_25_25,156_16_20,812_34_34,,,,,,,,,,,,,,,,,,,,,,,,,,,,,,,,,,,,
5417,98_14_25,123_40_40,119_10_10,153_57_75,812_34_34,,,,,,,,,,,,,,,,,,,,,,,,,,,,,,,,,,,
5418,97_14_25,119_5_5,125_35_35,152_31_40,812_34_34,,,,,,,,,,,,,,,,,,,,,,,,,,,,,,,,,,,
5419,97_18_25,119_35_35,152_16_20,153_9_10,812_34_34,,,,,,,,,,,,,,,,,,,,,,,,,,,,,,,,,,,
5420,99_16_26,118_85_85,156_95_125,812_35_35,,,,,,,,,,,,,,,,,,,,,,,,,,,,,,,,,,,,
5421,100_16_26,118_11_15,812_35_35,,,,,,,,,,,,,,,,,,,,,,,,,,,,,,,,,,,,,
5422,97_13_26,123_45_45,154_11_15,812_35_35,,,,,,,,,,,,,,,,,,,,,,,,,,,,,,,,,,,,
5423,97_20_25,126_20_20,119_10_10,125_20_20,812_35_35,,,,,,,,,,,,,,,,,,,,,,,,,,,,,,,,,,,
5424,100_16_26,119_85_85,153_56_60,812_35_35,,,,,,,,,,,,,,,,,,,,,,,,,,,,,,,,,,,,
5425,100_20_24,118_40_40,156_26_35,812_35_35,,,,,,,,,,,,,,,,,,,,,,,,,,,,,,,,,,,,
5426,99_20_24,126_16_25,812_36_36,,,,,,,,,,,,,,,,,,,,,,,,,,,,,,,,,,,,,
5427,99_13_24,126_26_50,152_56_65,812_36_36,,,,,,,,,,,,,,,,,,,,,,,,,,,,,,,,,,,,
5428,98_17_24,119_20_20,124_20_20,152_21_25,153_21_25,812_36_36,,,,,,,,,,,,,,,,,,,,,,,,,,,,,,,,,,
5429,100_17_25,118_11_15,812_36_36,,,,,,,,,,,,,,,,,,,,,,,,,,,,,,,,,,,,,
5430,97_19_26,118_35_35,156_5_5,812_36_36,,,,,,,,,,,,,,,,,,,,,,,,,,,,,,,,,,,,
5431,100_16_24,119_60_60,152_11_15,153_6_10,812_36_36,,,,,,,,,,,,,,,,,,,,,,,,,,,,,,,,,,,
5432,100_14_26,118_26_75,156_26_50,812_37_37,,,,,,,,,,,,,,,,,,,,,,,,,,,,,,,,,,,,
5433,98_11_20,125_6_105,812_37_37,,,,,,,,,,,,,,,,,,,,,,,,,,,,,,,,,,,,,
5434,96_16_25,123_6_55,156_1_10,812_37_37,,,,,,,,,,,,,,,,,,,,,,,,,,,,,,,,,,,,
5435,99_16_26,118_24_45,156_12_15,812_37_37,,,,,,,,,,,,,,,,,,,,,,,,,,,,,,,,,,,,
5436,96_18_25,123_21_25,812_37_37,,,,,,,,,,,,,,,,,,,,,,,,,,,,,,,,,,,,,
5437,99_15_25,124_26_30,153_21_30,812_37_37,,,,,,,,,,,,,,,,,,,,,,,,,,,,,,,,,,,,
5438,98_17_25,118_50_50,119_30_30,156_31_40,812_38_38,,,,,,,,,,,,,,,,,,,,,,,,,,,,,,,,,,,
5439,100_13_24,118_5_5,119_75_75,125_20_20,156_39_50,812_38_38,,,,,,,,,,,,,,,,,,,,,,,,,,,,,,,,,,
5440,100_14_25,125_30_30,812_38_38,,,,,,,,,,,,,,,,,,,,,,,,,,,,,,,,,,,,,
5441,97_15_25,118_16_50,125_11_25,156_1_20,812_38_38,,,,,,,,,,,,,,,,,,,,,,,,,,,,,,,,,,,
5442,98_19_26,118_70_70,156_21_35,153_21_35,812_38_38,,,,,,,,,,,,,,,,,,,,,,,,,,,,,,,,,,,
5443,100_14_25,123_55_55,156_6_10,153_6_35,812_38_38,,,,,,,,,,,,,,,,,,,,,,,,,,,,,,,,,,,
5444,99_20_24,125_26_30,812_39_39,,,,,,,,,,,,,,,,,,,,,,,,,,,,,,,,,,,,,
5445,98_13_25,126_65_65,154_31_40,153_24_30,812_39_39,,,,,,,,,,,,,,,,,,,,,,,,,,,,,,,,,,,
5446,97_18_25,125_66_70,156_6_10,812_39_39,,,,,,,,,,,,,,,,,,,,,,,,,,,,,,,,,,,,
5447,99_19_26,118_41_55,152_26_35,812_39_39,,,,,,,,,,,,,,,,,,,,,,,,,,,,,,,,,,,,
5448,97_17_24,125_60_60,154_41_55,812_39_39,,,,,,,,,,,,,,,,,,,,,,,,,,,,,,,,,,,,
5449,96_19_26,118_85_85,156_16_35,812_39_39,,,,,,,,,,,,,,,,,,,,,,,,,,,,,,,,,,,,
5450,100_18_27,119_90_90,152_41_55,156_21_30,812_?_?,,,,,,,,,,,,,,,,,,,,,,,,,,,,,,,,,,,
5451,100_17_27,123_21_40,812_?_?,,,,,,,,,,,,,,,,,,,,,,,,,,,,,,,,,,,,,
5452,97_17_26,118_36_70,154_26_30,153_26_30,812_?_?,,,,,,,,,,,,,,,,,,,,,,,,,,,,,,,,,,,
5453,100_18_27,123_10_10,124_10_10,153_24_30,812_?_?,,,,,,,,,,,,,,,,,,,,,,,,,,,,,,,,,,,
5454,100_16_27,125_20_20,152_12_15,154_16_20,812_?_?,,,,,,,,,,,,,,,,,,,,,,,,,,,,,,,,,,,
5455,98_15_25,118_5_5,123_45_45,154_16_20,156_27_35,812_?_?,,,,,,,,,,,,,,,,,,,,,,,,,,,,,,,,,,
5456,96_20_27,126_5_5,124_15_15,154_16_20,153_24_30,812_?_?,,,,,,,,,,,,,,,,,,,,,,,,,,,,,,,,,,
5457,100_17_25,123_30_30,119_5_5,156_9_10,812_?_?,,,,,,,,,,,,,,,,,,,,,,,,,,,,,,,,,,,
5458,100_19_25,118_45_45,123_5_5,154_31_40,812_?_?,,,,,,,,,,,,,,,,,,,,,,,,,,,,,,,,,,,
5459,100_18_25,118_5_5,126_10_10,119_70_70,152_24_30,153_20_25,812_?_?,,,,,,,,,,,,,,,,,,,,,,,,,,,,,,,,,
5460,100_19_25,118_39_75,156_24_30,153_27_35,812_?_?,,,,,,,,,,,,,,,,,,,,,,,,,,,,,,,,,,,
5461,100_21_26,126_30_30,154_24_30,812_?_?,,,,,,,,,,,,,,,,,,,,,,,,,,,,,,,,,,,,
5462,97_19_25,123_5_5,119_65_65,153_20_25,812_?_?,,,,,,,,,,,,,,,,,,,,,,,,,,,,,,,,,,,
5463,97_14_26,119_71_85,156_6_10,153_41_55,812_?_?,,,,,,,,,,,,,,,,,,,,,,,,,,,,,,,,,,,
5464,100_20_25,118_31_60,152_31_40,812_?_?,,,,,,,,,,,,,,,,,,,,,,,,,,,,,,,,,,,,
5465,99_19_26,119_70_70,152_16_20,153_12_15,812_?_?,,,,,,,,,,,,,,,,,,,,,,,,,,,,,,,,,,,
5466,98_17_25,118_65_65,152_24_30,812_?_?,,,,,,,,,,,,,,,,,,,,,,,,,,,,,,,,,,,,
5467,100_21_27,124_15_15,152_27_35,153_12_15,812_?_?,,,,,,,,,,,,,,,,,,,,,,,,,,,,,,,,,,,
5468,100_15_27,125_50_50,154_16_20,156_12_15,812_?_?,,,,,,,,,,,,,,,,,,,,,,,,,,,,,,,,,,,
5469,97_16_26,126_60_60,154_5_5,156_20_25,812_?_?,,,,,,,,,,,,,,,,,,,,,,,,,,,,,,,,,,,
5470,97_16_25,156_24_30,812_?_?,,,,,,,,,,,,,,,,,,,,,,,,,,,,,,,,,,,,,
5471,100_14_26,125_80_80,154_20_25,156_24_30,812_?_?,,,,,,,,,,,,,,,,,,,,,,,,,,,,,,,,,,,
5472,99_14_26,126_31_60,119_5_5,152_35_45,812_?_?,,,,,,,,,,,,,,,,,,,,,,,,,,,,,,,,,,,
5473,100_16_27,118_24_90,156_39_50,812_?_?,,,,,,,,,,,,,,,,,,,,,,,,,,,,,,,,,,,,
5474,99_13_25,118_20_20,126_35_35,156_12_15,153_20_25,812_?_?,,,,,,,,,,,,,,,,,,,,,,,,,,,,,,,,,,
5475,96_16_26,119_30_30,125_10_10,812_?_?,,,,,,,,,,,,,,,,,,,,,,,,,,,,,,,,,,,,
5476,99_16_25,118_60_60,119_50_50,156_42_55,812_?_?,,,,,,,,,,,,,,,,,,,,,,,,,,,,,,,,,,,
5477,98_19_25,123_85_85,156_42_55,153_31_40,812_?_?,,,,,,,,,,,,,,,,,,,,,,,,,,,,,,,,,,,
5478,100_14_27,126_80_80,156_20_25,153_31_40,812_?_?,,,,,,,,,,,,,,,,,,,,,,,,,,,,,,,,,,,
5479,100_18_27,118_5_5,123_35_35,124_15_15,154_31_40,153_39_50,812_?_?,,,,,,,,,,,,,,,,,,,,,,,,,,,,,,,,,
5480,99_18_28,126_5_5,156_20_25,812_?_?,,,,,,,,,,,,,,,,,,,,,,,,,,,,,,,,,,,,
5481,97_22_28,118_25_25,126_15_15,119_5_5,152_9_10,156_35_45,812_?_?,,,,,,,,,,,,,,,,,,,,,,,,,,,,,,,,,
5482,96_20_26,119_90_90,152_5_5,156_27_35,812_?_?,,,,,,,,,,,,,,,,,,,,,,,,,,,,,,,,,,,
5483,97_19_27,123_70_70,156_27_35,153_27_35,812_?_?,,,,,,,,,,,,,,,,,,,,,,,,,,,,,,,,,,,
5484,99_20_28,124_10_10,125_5_5,154_31_40,812_?_?,,,,,,,,,,,,,,,,,,,,,,,,,,,,,,,,,,,
5485,100_15_28,123_70_70,154_35_45,153_24_30,812_?_?,,,,,,,,,,,,,,,,,,,,,,,,,,,,,,,,,,,
5486,99_21_26,125_10_10,812_40_40,,,,,,,,,,,,,,,,,,,,,,,,,,,,,,,,,,,,,
5487,100_17_28,118_20_75,126_5_5,156_39_50,812_40_40,,,,,,,,,,,,,,,,,,,,,,,,,,,,,,,,,,,
5488,99_17_28,118_95_95,126_5_5,152_42_55,153_46_60,812_40_40,,,,,,,,,,,,,,,,,,,,,,,,,,,,,,,,,,
5489,96_19_26,118_45_45,126_35_35,123_5_5,119_15_15,156_39_50,153_5_5,812_40_40,,,,,,,,,,,,,,,,,,,,,,,,,,,,,,,,
5490,100_14_27,119_100_100,156_16_20,812_40_40,,,,,,,,,,,,,,,,,,,,,,,,,,,,,,,,,,,,
5491,98_21_28,119_5_5,156_27_35,153_12_15,812_40_40,,,,,,,,,,,,,,,,,,,,,,,,,,,,,,,,,,,
5492,100_15_26,118_34_65,126_19_35,152_31_40,153_39_50,812_41_41,,,,,,,,,,,,,,,,,,,,,,,,,,,,,,,,,,
5493,98_20_26,124_30_30,152_57_75,812_41_41,,,,,,,,,,,,,,,,,,,,,,,,,,,,,,,,,,,,
5494,100_20_28,126_80_80,119_5_5,156_65_85,812_41_41,,,,,,,,,,,,,,,,,,,,,,,,,,,,,,,,,,,
5495,96_16_26,118_90_90,123_30_30,153_95_125,812_41_41,,,,,,,,,,,,,,,,,,,,,,,,,,,,,,,,,,,
5496,99_19_27,118_80_80,156_9_10,153_20_25,812_41_41,,,,,,,,,,,,,,,,,,,,,,,,,,,,,,,,,,,
5497,99_16_27,126_24_45,119_9_15,125_5_5,156_9_10,812_41_41,,,,,,,,,,,,,,,,,,,,,,,,,,,,,,,,,,
5498,99_16_26,123_35_35,119_25_25,156_5_5,153_12_15,812_42_42,,,,,,,,,,,,,,,,,,,,,,,,,,,,,,,,,,
5499,100_15_27,119_65_65,156_16_20,812_42_42,,,,,,,,,,,,,,,,,,,,,,,,,,,,,,,,,,,,
5500,97_21_28,119_15_15,156_24_30,153_39_50,812_42_42,,,,,,,,,,,,,,,,,,,,,,,,,,,,,,,,,,,
5501,100_19_26,118_5_5,154_20_25,812_42_42,,,,,,,,,,,,,,,,,,,,,,,,,,,,,,,,,,,,
5502,97_18_27,123_95_95,156_39_50,153_31_40,812_42_42,,,,,,,,,,,,,,,,,,,,,,,,,,,,,,,,,,,
5503,100_15_26,126_50_50,123_5_5,154_42_55,812_42_42,,,,,,,,,,,,,,,,,,,,,,,,,,,,,,,,,,,
5504,96_18_27,123_45_45,119_5_5,156_27_35,812_43_43,,,,,,,,,,,,,,,,,,,,,,,,,,,,,,,,,,,
5505,96_16_26,119_70_70,125_35_35,156_12_15,812_43_43,,,,,,,,,,,,,,,,,,,,,,,,,,,,,,,,,,,
5506,100_17_27,118_30_30,123_40_40,156_72_95,812_43_43,,,,,,,,,,,,,,,,,,,,,,,,,,,,,,,,,,,
5507,98_14_26,125_5_5,154_27_35,812_43_43,,,,,,,,,,,,,,,,,,,,,,,,,,,,,,,,,,,,
5508,100_20_28,118_16_60,126_5_15,156_5_5,153_20_25,812_43_43,,,,,,,,,,,,,,,,,,,,,,,,,,,,,,,,,,
5509,97_19_26,124_20_20,153_46_60,812_43_43,,,,,,,,,,,,,,,,,,,,,,,,,,,,,,,,,,,,
5510,98_21_29,126_10_10,125_25_25,156_31_40,812_44_44,,,,,,,,,,,,,,,,,,,,,,,,,,,,,,,,,,,
5511,100_14_27,123_95_95,154_39_50,153_39_50,812_44_44,,,,,,,,,,,,,,,,,,,,,,,,,,,,,,,,,,,
5512,99_17_29,123_13_35,124_4_10,153_20_25,812_44_44,,,,,,,,,,,,,,,,,,,,,,,,,,,,,,,,,,,
5513,100_16_27,126_55_55,124_20_20,152_24_30,153_39_50,812_44_44,,,,,,,,,,,,,,,,,,,,,,,,,,,,,,,,,,
5514,100_15_27,123_100_100,125_10_10,154_99_130,812_44_44,,,,,,,,,,,,,,,,,,,,,,,,,,,,,,,,,,,
5515,99_16_29,118_11_30,124_6_15,154_9_10,812_44_44,,,,,,,,,,,,,,,,,,,,,,,,,,,,,,,,,,,
5516,100_22_28,123_10_10,119_45_45,156_12_15,812_45_45,,,,,,,,,,,,,,,,,,,,,,,,,,,,,,,,,,,
5517,100_19_29,125_75_75,154_54_70,812_45_45,,,,,,,,,,,,,,,,,,,,,,,,,,,,,,,,,,,,
5518,100_22_28,125_85_85,156_57_75,812_45_45,,,,,,,,,,,,,,,,,,,,,,,,,,,,,,,,,,,,
5519,99_21_29,125_21_60,156_16_20,812_45_45,,,,,,,,,,,,,,,,,,,,,,,,,,,,,,,,,,,,
5520,99_19_29,118_5_5,126_33_95,156_46_60,153_12_15,812_45_45,,,,,,,,,,,,,,,,,,,,,,,,,,,,,,,,,,
5521,100_21_27,118_15_15,119_5_5,156_27_35,153_5_5,812_45_45,,,,,,,,,,,,,,,,,,,,,,,,,,,,,,,,,,
5522,99_22_29,152_5_5,156_20_25,812_46_46,,,,,,,,,,,,,,,,,,,,,,,,,,,,,,,,,,,,
5523,99_15_28,118_125_125,125_5_5,154_12_15,156_20_25,812_46_46,,,,,,,,,,,,,,,,,,,,,,,,,,,,,,,,,,
5524,97_21_29,126_90_90,154_20_25,156_46_60,812_46_46,,,,,,,,,,,,,,,,,,,,,,,,,,,,,,,,,,,
5525,100_15_29,118_11_30,123_4_10,812_46_46,,,,,,,,,,,,,,,,,,,,,,,,,,,,,,,,,,,,
5526,97_20_27,126_35_35,119_70_70,156_9_10,153_39_50,812_46_46,,,,,,,,,,,,,,,,,,,,,,,,,,,,,,,,,,
5527,100_17_27,118_33_95,123_4_10,154_9_10,812_46_46,,,,,,,,,,,,,,,,,,,,,,,,,,,,,,,,,,,
5528,100_15_27,123_50_50,153_42_55,812_47_47,,,,,,,,,,,,,,,,,,,,,,,,,,,,,,,,,,,,
5529,99_16_28,123_50_50,153_24_30,812_47_47,,,,,,,,,,,,,,,,,,,,,,,,,,,,,,,,,,,,
5530,99_20_29,125_34_65,156_20_25,812_47_47,,,,,,,,,,,,,,,,,,,,,,,,,,,,,,,,,,,,
5531,98_16_28,118_35_35,125_100_100,156_57_75,812_47_47,,,,,,,,,,,,,,,,,,,,,,,,,,,,,,,,,,,
5532,100_14_27,118_26_100,125_9_30,154_24_30,156_24_30,812_47_47,,,,,,,,,,,,,,,,,,,,,,,,,,,,,,,,,,
5533,100_17_29,118_10_10,125_5_5,156_20_25,812_47_47,,,,,,,,,,,,,,,,,,,,,,,,,,,,,,,,,,,
5534,100_22_29,125_31_60,154_5_5,156_5_5,812_48_48,,,,,,,,,,,,,,,,,,,,,,,,,,,,,,,,,,,
5535,100_15_27,118_18_50,123_34_100,156_50_65,153_20_25,812_48_48,,,,,,,,,,,,,,,,,,,,,,,,,,,,,,,,,,
5536,96_16_27,126_55_55,119_20_20,124_25_25,152_42_55,153_42_55,812_48_48,,,,,,,,,,,,,,,,,,,,,,,,,,,,,,,,,
5537,99_19_27,126_19_55,123_18_50,156_42_55,812_48_48,,,,,,,,,,,,,,,,,,,,,,,,,,,,,,,,,,,
5538,96_22_29,123_14_25,125_6_10,154_24_30,812_48_48,,,,,,,,,,,,,,,,,,,,,,,,,,,,,,,,,,,
5539,99_20_29,154_20_25,156_20_25,812_48_48,,,,,,,,,,,,,,,,,,,,,,,,,,,,,,,,,,,,
5540,100_17_28,118_19_55,119_24_70,153_9_10,812_49_49,,,,,,,,,,,,,,,,,,,,,,,,,,,,,,,,,,,
5541,100_22_29,125_34_65,154_12_15,812_49_49,,,,,,,,,,,,,,,,,,,,,,,,,,,,,,,,,,,,
5542,100_15_27,118_19_35,126_19_35,153_24_30,812_49_49,,,,,,,,,,,,,,,,,,,,,,,,,,,,,,,,,,,
5543,99_16_29,124_45_45,152_31_40,153_27_35,812_49_49,,,,,,,,,,,,,,,,,,,,,,,,,,,,,,,,,,,
5544,99_19_30,118_11_40,126_17_65,152_24_30,156_20_25,812_49_49,,,,,,,,,,,,,,,,,,,,,,,,,,,,,,,,,,
5545,99_18_28,126_5_5,123_20_20,156_27_35,812_49_49,,,,,,,,,,,,,,,,,,,,,,,,,,,,,,,,,,,
5546,97_16_28,123_25_25,153_5_5,812_?_?,,,,,,,,,,,,,,,,,,,,,,,,,,,,,,,,,,,,
5547,96_15_29,123_18_50,125_19_55,154_12_15,812_?_?,,,,,,,,,,,,,,,,,,,,,,,,,,,,,,,,,,,
5548,100_20_29,118_35_35,119_95_95,125_30_30,152_121_160,812_?_?,,,,,,,,,,,,,,,,,,,,,,,,,,,,,,,,,,
5549,100_20_28,123_110_110,156_16_20,153_46_60,812_?_?,,,,,,,,,,,,,,,,,,,,,,,,,,,,,,,,,,,
5550,100_23_30,124_30_30,154_20_25,153_16_20,812_?_?,,,,,,,,,,,,,,,,,,,,,,,,,,,,,,,,,,,
5551,98_16_30,119_24_90,152_9_10,812_?_?,,,,,,,,,,,,,,,,,,,,,,,,,,,,,,,,,,,,
5552,100_19_28,123_80_80,119_10_10,153_35_45,812_?_?,,,,,,,,,,,,,,,,,,,,,,,,,,,,,,,,,,,
5553,100_16_30,118_5_5,123_45_45,156_42_55,812_?_?,,,,,,,,,,,,,,,,,,,,,,,,,,,,,,,,,,,
5554,100_16_28,126_100_100,156_65_85,812_?_?,,,,,,,,,,,,,,,,,,,,,,,,,,,,,,,,,,,,
5555,99_18_29,118_100_100,123_10_10,119_80_80,156_69_90,812_?_?,,,,,,,,,,,,,,,,,,,,,,,,,,,,,,,,,,
5556,97_22_28,124_20_20,152_12_15,812_?_?,,,,,,,,,,,,,,,,,,,,,,,,,,,,,,,,,,,,
5557,97_17_30,118_4_10,125_28_80,154_39_50,812_?_?,,,,,,,,,,,,,,,,,,,,,,,,,,,,,,,,,,,
5558,100_15_29,118_21_60,123_18_50,153_5_5,812_?_?,,,,,,,,,,,,,,,,,,,,,,,,,,,,,,,,,,,
5559,98_15_29,118_100_100,123_15_15,124_5_5,153_27_35,812_?_?,,,,,,,,,,,,,,,,,,,,,,,,,,,,,,,,,,
5560,96_18_28,119_5_5,124_50_50,152_39_50,153_42_55,812_?_?,,,,,,,,,,,,,,,,,,,,,,,,,,,,,,,,,,
5561,99_3_8,123_10_10,812_?_?,,,,,,,,,,,,,,,,,,,,,,,,,,,,,,,,,,,,,
5562,100_4_7,126_5_5,812_?_?,,,,,,,,,,,,,,,,,,,,,,,,,,,,,,,,,,,,,
5563,98_2_6,123_5_5,124_5_5,812_?_?,,,,,,,,,,,,,,,,,,,,,,,,,,,,,,,,,,,,
5564,100_3_7,118_5_5,126_5_5,812_?_?,,,,,,,,,,,,,,,,,,,,,,,,,,,,,,,,,,,,
5565,97_3_6,123_5_5,125_5_5,812_?_?,,,,,,,,,,,,,,,,,,,,,,,,,,,,,,,,,,,,
5566,97_5_6,124_5_5,812_?_?,,,,,,,,,,,,,,,,,,,,,,,,,,,,,,,,,,,,,
5567,96_2_9,118_5_5,126_5_5,812_?_?,,,,,,,,,,,,,,,,,,,,,,,,,,,,,,,,,,,,
5568,96_5_7,125_5_5,812_?_?,,,,,,,,,,,,,,,,,,,,,,,,,,,,,,,,,,,,,
5569,96_6_8,119_5_5,812_?_?,,,,,,,,,,,,,,,,,,,,,,,,,,,,,,,,,,,,,
5570,96_2_7,123_5_5,124_5_5,125_5_5,812_?_?,,,,,,,,,,,,,,,,,,,,,,,,,,,,,,,,,,,
5571,96_2_8,119_5_5,157_5_5,812_?_?,,,,,,,,,,,,,,,,,,,,,,,,,,,,,,,,,,,,
5572,97_3_9,126_5_5,812_?_?,,,,,,,,,,,,,,,,,,,,,,,,,,,,,,,,,,,,,
5573,100_5_8,126_5_5,812_?_?,,,,,,,,,,,,,,,,,,,,,,,,,,,,,,,,,,,,,
5574,97_6_9,123_10_10,154_5_5,812_?_?,,,,,,,,,,,,,,,,,,,,,,,,,,,,,,,,,,,,
5575,97_6_8,123_5_5,119_5_5,153_5_5,812_?_?,,,,,,,,,,,,,,,,,,,,,,,,,,,,,,,,,,,
5576,97_3_8,123_10_10,812_?_?,,,,,,,,,,,,,,,,,,,,,,,,,,,,,,,,,,,,,
5577,98_6_9,119_5_5,153_5_5,812_?_?,,,,,,,,,,,,,,,,,,,,,,,,,,,,,,,,,,,,
5578,100_6_8,123_10_10,812_?_?,,,,,,,,,,,,,,,,,,,,,,,,,,,,,,,,,,,,,
5579,96_5_8,125_5_5,812_?_?,,,,,,,,,,,,,,,,,,,,,,,,,,,,,,,,,,,,,
5580,100_7_8,124_5_5,812_?_?,,,,,,,,,,,,,,,,,,,,,,,,,,,,,,,,,,,,,
5581,100_6_8,153_5_5,812_?_?,,,,,,,,,,,,,,,,,,,,,,,,,,,,,,,,,,,,,
5582,98_6_8,812_?_?,,,,,,,,,,,,,,,,,,,,,,,,,,,,,,,,,,,,,,
5583,100_4_8,124_5_5,153_5_5,812_?_?,,,,,,,,,,,,,,,,,,,,,,,,,,,,,,,,,,,,
5584,96_7_9,119_5_5,153_12_15,812_?_?,,,,,,,,,,,,,,,,,,,,,,,,,,,,,,,,,,,,
5585,97_4_8,124_5_5,154_5_5,812_?_?,,,,,,,,,,,,,,,,,,,,,,,,,,,,,,,,,,,,
5586,100_4_8,126_10_10,154_5_5,812_?_?,,,,,,,,,,,,,,,,,,,,,,,,,,,,,,,,,,,,
5587,99_6_9,118_5_5,812_?_?,,,,,,,,,,,,,,,,,,,,,,,,,,,,,,,,,,,,,
5588,100_4_11,118_6_10,155_5_5,812_?_?,,,,,,,,,,,,,,,,,,,,,,,,,,,,,,,,,,,,
5589,100_6_9,124_5_5,154_5_5,812_?_?,,,,,,,,,,,,,,,,,,,,,,,,,,,,,,,,,,,,
5590,96_4_11,123_5_5,812_?_?,,,,,,,,,,,,,,,,,,,,,,,,,,,,,,,,,,,,,
5591,100_8_11,125_5_5,156_5_5,812_?_?,,,,,,,,,,,,,,,,,,,,,,,,,,,,,,,,,,,,
5592,98_8_9,125_5_5,157_5_5,812_?_?,,,,,,,,,,,,,,,,,,,,,,,,,,,,,,,,,,,,
5593,100_8_9,123_10_10,153_5_5,812_?_?,,,,,,,,,,,,,,,,,,,,,,,,,,,,,,,,,,,,
5594,97_7_9,118_5_5,123_5_5,155_5_5,812_?_?,,,,,,,,,,,,,,,,,,,,,,,,,,,,,,,,,,,
5595,100_8_11,118_5_5,812_?_?,,,,,,,,,,,,,,,,,,,,,,,,,,,,,,,,,,,,,
5596,96_8_11,123_5_5,153_5_5,812_?_?,,,,,,,,,,,,,,,,,,,,,,,,,,,,,,,,,,,,
5597,99_5_10,126_5_5,123_5_5,153_5_5,812_?_?,,,,,,,,,,,,,,,,,,,,,,,,,,,,,,,,,,,
5598,96_6_10,118_10_10,155_5_5,153_5_5,812_?_?,,,,,,,,,,,,,,,,,,,,,,,,,,,,,,,,,,,
5599,97_6_9,155_5_5,812_?_?,,,,,,,,,,,,,,,,,,,,,,,,,,,,,,,,,,,,,
5600,100_7_12,124_5_5,125_5_5,155_5_5,812_?_?,,,,,,,,,,,,,,,,,,,,,,,,,,,,,,,,,,,
5601,100_8_10,123_5_5,812_?_?,,,,,,,,,,,,,,,,,,,,,,,,,,,,,,,,,,,,,
5602,99_4_10,126_6_10,812_?_?,,,,,,,,,,,,,,,,,,,,,,,,,,,,,,,,,,,,,
5603,96_4_10,125_11_15,812_?_?,,,,,,,,,,,,,,,,,,,,,,,,,,,,,,,,,,,,,
5604,100_6_10,125_5_5,812_?_?,,,,,,,,,,,,,,,,,,,,,,,,,,,,,,,,,,,,,
5605,96_4_11,124_5_5,812_?_?,,,,,,,,,,,,,,,,,,,,,,,,,,,,,,,,,,,,,
5606,96_5_12,123_6_10,153_9_10,812_?_?,,,,,,,,,,,,,,,,,,,,,,,,,,,,,,,,,,,,
5607,99_7_12,118_5_5,153_5_5,812_?_?,,,,,,,,,,,,,,,,,,,,,,,,,,,,,,,,,,,,
5608,100_5_11,123_15_15,155_9_10,812_?_?,,,,,,,,,,,,,,,,,,,,,,,,,,,,,,,,,,,,
5609,100_9_12,118_6_10,812_?_?,,,,,,,,,,,,,,,,,,,,,,,,,,,,,,,,,,,,,
5610,98_9_10,126_10_10,156_6_10,812_?_?,,,,,,,,,,,,,,,,,,,,,,,,,,,,,,,,,,,,
5611,96_6_12,126_5_5,812_?_?,,,,,,,,,,,,,,,,,,,,,,,,,,,,,,,,,,,,,
5612,98_4_13,123_10_10,153_5_5,812_?_?,,,,,,,,,,,,,,,,,,,,,,,,,,,,,,,,,,,,
5613,96_9_13,123_5_5,153_9_10,812_?_?,,,,,,,,,,,,,,,,,,,,,,,,,,,,,,,,,,,,
5614,96_4_13,118_5_5,119_5_5,153_5_5,812_?_?,,,,,,,,,,,,,,,,,,,,,,,,,,,,,,,,,,,
5615,96_8_11,123_6_10,155_5_5,812_?_?,,,,,,,,,,,,,,,,,,,,,,,,,,,,,,,,,,,,
5616,96_6_13,126_5_5,812_?_?,,,,,,,,,,,,,,,,,,,,,,,,,,,,,,,,,,,,,
5617,96_9_11,123_5_5,812_?_?,,,,,,,,,,,,,,,,,,,,,,,,,,,,,,,,,,,,,
5618,98_8_13,125_1_5,812_?_?,,,,,,,,,,,,,,,,,,,,,,,,,,,,,,,,,,,,,
5619,96_10_11,126_5_5,124_5_5,157_9_10,154_9_10,812_?_?,,,,,,,,,,,,,,,,,,,,,,,,,,,,,,,,,,
5620,96_4_11,123_15_15,155_6_10,812_?_?,,,,,,,,,,,,,,,,,,,,,,,,,,,,,,,,,,,,
5621,99_5_13,118_10_10,154_12_15,812_?_?,,,,,,,,,,,,,,,,,,,,,,,,,,,,,,,,,,,,
5622,100_8_12,119_5_5,812_?_?,,,,,,,,,,,,,,,,,,,,,,,,,,,,,,,,,,,,,
5623,96_8_12,126_5_5,153_9_10,812_?_?,,,,,,,,,,,,,,,,,,,,,,,,,,,,,,,,,,,,
5624,98_5_11,123_5_5,124_10_10,157_9_10,153_9_10,812_?_?,,,,,,,,,,,,,,,,,,,,,,,,,,,,,,,,,,
5625,97_10_11,126_5_5,153_5_5,812_?_?,,,,,,,,,,,,,,,,,,,,,,,,,,,,,,,,,,,,
5626,96_10_13,124_5_5,155_9_10,812_?_?,,,,,,,,,,,,,,,,,,,,,,,,,,,,,,,,,,,,
5627,98_10_14,119_5_5,156_9_10,812_?_?,,,,,,,,,,,,,,,,,,,,,,,,,,,,,,,,,,,,
5628,97_4_12,125_5_5,157_5_5,812_?_?,,,,,,,,,,,,,,,,,,,,,,,,,,,,,,,,,,,,
5629,96_11_14,812_?_?,,,,,,,,,,,,,,,,,,,,,,,,,,,,,,,,,,,,,,
5630,97_7_14,123_5_5,812_?_?,,,,,,,,,,,,,,,,,,,,,,,,,,,,,,,,,,,,,
5631,100_5_13,119_11_30,156_6_10,812_?_?,,,,,,,,,,,,,,,,,,,,,,,,,,,,,,,,,,,,
5632,97_10_14,124_6_10,157_6_10,812_?_?,,,,,,,,,,,,,,,,,,,,,,,,,,,,,,,,,,,,
5633,99_8_13,123_11_20,119_11_20,157_11_20,156_1_5,812_?_?,,,,,,,,,,,,,,,,,,,,,,,,,,,,,,,,,,
5634,98_10_12,119_21_30,153_11_20,812_?_?,,,,,,,,,,,,,,,,,,,,,,,,,,,,,,,,,,,,
5635,99_9_13,118_11_30,156_5_5,812_?_?,,,,,,,,,,,,,,,,,,,,,,,,,,,,,,,,,,,,
5636,96_10_12,118_21_40,154_21_40,812_10_10,,,,,,,,,,,,,,,,,,,,,,,,,,,,,,,,,,,,
5637,99_7_14,126_16_35,812_10_10,,,,,,,,,,,,,,,,,,,,,,,,,,,,,,,,,,,,,
5638,97_5_12,119_6_25,153_6_10,812_10_10,,,,,,,,,,,,,,,,,,,,,,,,,,,,,,,,,,,,
5639,99_8_14,119_11_20,812_10_10,,,,,,,,,,,,,,,,,,,,,,,,,,,,,,,,,,,,,
5640,99_12_14,123_6_15,126_11_15,812_10_10,,,,,,,,,,,,,,,,,,,,,,,,,,,,,,,,,,,,
5641,99_7_13,126_26_30,153_31_40,812_10_10,,,,,,,,,,,,,,,,,,,,,,,,,,,,,,,,,,,,
5642,97_7_14,118_5_5,123_10_10,155_11_15,812_11_11,,,,,,,,,,,,,,,,,,,,,,,,,,,,,,,,,,,
5643,96_8_14,123_16_30,156_6_10,812_11_11,,,,,,,,,,,,,,,,,,,,,,,,,,,,,,,,,,,,
5644,96_7_13,153_5_5,812_11_11,,,,,,,,,,,,,,,,,,,,,,,,,,,,,,,,,,,,,
5645,99_5_15,119_5_5,157_5_5,812_11_11,,,,,,,,,,,,,,,,,,,,,,,,,,,,,,,,,,,,
5646,99_6_15,123_5_5,125_5_5,812_11_11,,,,,,,,,,,,,,,,,,,,,,,,,,,,,,,,,,,,
5647,96_9_15,126_5_5,156_5_5,812_11_11,,,,,,,,,,,,,,,,,,,,,,,,,,,,,,,,,,,,
5648,98_9_14,123_10_10,157_5_5,153_5_5,812_12_12,,,,,,,,,,,,,,,,,,,,,,,,,,,,,,,,,,,
5649,100_10_13,125_5_5,812_12_12,,,,,,,,,,,,,,,,,,,,,,,,,,,,,,,,,,,,,
5650,100_8_15,154_12_15,812_12_12,,,,,,,,,,,,,,,,,,,,,,,,,,,,,,,,,,,,,
5651,96_5_14,123_16_35,119_10_10,155_16_20,156_6_15,812_12_12,,,,,,,,,,,,,,,,,,,,,,,,,,,,,,,,,,
5652,96_10_18,118_26_40,153_6_10,812_12_12,,,,,,,,,,,,,,,,,,,,,,,,,,,,,,,,,,,,
5653,97_6_14,123_15_15,153_9_10,812_12_12,,,,,,,,,,,,,,,,,,,,,,,,,,,,,,,,,,,,
5654,98_8_13,123_25_25,155_12_15,154_9_10,812_13_13,,,,,,,,,,,,,,,,,,,,,,,,,,,,,,,,,,,
5655,97_8_14,118_10_10,119_5_5,153_12_15,812_13_13,,,,,,,,,,,,,,,,,,,,,,,,,,,,,,,,,,,
5656,99_7_14,123_11_35,124_6_10,157_16_20,812_13_13,,,,,,,,,,,,,,,,,,,,,,,,,,,,,,,,,,,
5657,96_8_14,118_5_5,154_9_10,812_13_13,,,,,,,,,,,,,,,,,,,,,,,,,,,,,,,,,,,,
5658,97_9_16,118_16_30,812_13_13,,,,,,,,,,,,,,,,,,,,,,,,,,,,,,,,,,,,,
5659,99_11_13,118_10_10,154_9_10,812_13_13,,,,,,,,,,,,,,,,,,,,,,,,,,,,,,,,,,,,
5660,99_8_15,126_6_10,157_9_10,812_14_14,,,,,,,,,,,,,,,,,,,,,,,,,,,,,,,,,,,,
5661,100_5_14,124_6_10,154_6_10,812_14_14,,,,,,,,,,,,,,,,,,,,,,,,,,,,,,,,,,,,
5662,99_8_15,118_15_15,155_9_10,153_12_15,812_14_14,,,,,,,,,,,,,,,,,,,,,,,,,,,,,,,,,,,
5663,96_11_14,123_15_15,153_12_15,812_14_14,,,,,,,,,,,,,,,,,,,,,,,,,,,,,,,,,,,,
5664,96_13_16,118_5_5,123_5_5,155_5_5,153_12_15,812_14_14,,,,,,,,,,,,,,,,,,,,,,,,,,,,,,,,,,
5665,96_13_14,118_5_5,124_5_5,155_9_10,153_9_10,812_14_14,,,,,,,,,,,,,,,,,,,,,,,,,,,,,,,,,,
5666,96_11_15,118_5_5,124_10_10,154_9_10,153_9_10,812_15_15,,,,,,,,,,,,,,,,,,,,,,,,,,,,,,,,,,
5667,97_12_15,124_5_5,153_12_15,812_15_15,,,,,,,,,,,,,,,,,,,,,,,,,,,,,,,,,,,,
5668,96_11_16,157_5_5,154_5_5,812_15_15,,,,,,,,,,,,,,,,,,,,,,,,,,,,,,,,,,,,
5669,96_11_16,126_5_5,123_9_15,156_12_15,812_15_15,,,,,,,,,,,,,,,,,,,,,,,,,,,,,,,,,,,
5670,100_7_15,119_15_15,156_12_15,812_15_15,,,,,,,,,,,,,,,,,,,,,,,,,,,,,,,,,,,,
5671,99_6_14,124_5_5,154_12_15,812_15_15,,,,,,,,,,,,,,,,,,,,,,,,,,,,,,,,,,,,
5672,98_12_15,126_10_10,154_9_10,812_16_16,,,,,,,,,,,,,,,,,,,,,,,,,,,,,,,,,,,,
5673,96_9_15,126_5_5,123_20_20,157_20_25,812_16_16,,,,,,,,,,,,,,,,,,,,,,,,,,,,,,,,,,,
5674,96_8_14,123_5_5,125_15_15,154_5_5,812_16_16,,,,,,,,,,,,,,,,,,,,,,,,,,,,,,,,,,,
5675,100_10_15,118_25_25,155_5_5,156_16_20,812_16_16,,,,,,,,,,,,,,,,,,,,,,,,,,,,,,,,,,,
5676,98_9_14,123_5_5,124_10_10,153_9_10,812_16_16,,,,,,,,,,,,,,,,,,,,,,,,,,,,,,,,,,,
5677,97_11_15,118_5_5,156_5_5,153_5_5,812_16_16,,,,,,,,,,,,,,,,,,,,,,,,,,,,,,,,,,,
5678,99_7_16,118_8_20,153_9_10,812_17_17,,,,,,,,,,,,,,,,,,,,,,,,,,,,,,,,,,,,
5679,97_11_15,123_5_5,153_9_10,812_17_17,,,,,,,,,,,,,,,,,,,,,,,,,,,,,,,,,,,,
5680,96_14_16,157_5_5,155_5_5,812_17_17,,,,,,,,,,,,,,,,,,,,,,,,,,,,,,,,,,,,
5681,100_11_14,118_5_5,812_17_17,,,,,,,,,,,,,,,,,,,,,,,,,,,,,,,,,,,,,
5682,96_9_15,124_15_15,154_31_40,812_17_17,,,,,,,,,,,,,,,,,,,,,,,,,,,,,,,,,,,,
5683,96_10_14,118_20_20,156_6_10,812_17_17,,,,,,,,,,,,,,,,,,,,,,,,,,,,,,,,,,,,
5684,97_6_15,124_15_15,153_16_20,812_18_18,,,,,,,,,,,,,,,,,,,,,,,,,,,,,,,,,,,,
5685,100_12_15,126_15_15,123_5_5,157_9_10,153_16_20,812_18_18,,,,,,,,,,,,,,,,,,,,,,,,,,,,,,,,,,
5686,97_10_16,126_5_5,156_16_20,812_18_18,,,,,,,,,,,,,,,,,,,,,,,,,,,,,,,,,,,,
5687,97_7_16,118_5_5,123_35_35,154_11_15,812_18_18,,,,,,,,,,,,,,,,,,,,,,,,,,,,,,,,,,,
5688,96_7_16,124_15_15,153_12_15,812_18_18,,,,,,,,,,,,,,,,,,,,,,,,,,,,,,,,,,,,
5689,100_7_16,118_9_15,126_5_5,154_5_5,812_18_18,,,,,,,,,,,,,,,,,,,,,,,,,,,,,,,,,,,
5690,99_13_16,126_20_20,153_12_15,812_19_19,,,,,,,,,,,,,,,,,,,,,,,,,,,,,,,,,,,,
5691,100_7_15,123_5_5,125_10_10,812_19_19,,,,,,,,,,,,,,,,,,,,,,,,,,,,,,,,,,,,
5692,96_14_16,125_15_15,812_19_19,,,,,,,,,,,,,,,,,,,,,,,,,,,,,,,,,,,,,
5693,99_8_15,123_5_5,153_16_20,812_19_19,,,,,,,,,,,,,,,,,,,,,,,,,,,,,,,,,,,,
5694,96_13_15,124_10_10,154_16_20,153_9_10,812_19_19,,,,,,,,,,,,,,,,,,,,,,,,,,,,,,,,,,,
5695,98_7_16,125_20_20,154_9_10,812_19_19,,,,,,,,,,,,,,,,,,,,,,,,,,,,,,,,,,,,
5696,97_8_17,126_25_25,156_20_25,812_?_?,,,,,,,,,,,,,,,,,,,,,,,,,,,,,,,,,,,,
5697,98_9_17,118_5_5,124_10_10,154_12_15,812_?_?,,,,,,,,,,,,,,,,,,,,,,,,,,,,,,,,,,,
5698,100_14_17,157_5_5,156_5_5,812_?_?,,,,,,,,,,,,,,,,,,,,,,,,,,,,,,,,,,,,
5699,100_10_17,126_15_15,154_12_15,812_?_?,,,,,,,,,,,,,,,,,,,,,,,,,,,,,,,,,,,,
5700,100_11_17,123_5_5,124_5_5,153_16_20,812_?_?,,,,,,,,,,,,,,,,,,,,,,,,,,,,,,,,,,,
5701,96_13_15,124_9_15,154_5_5,812_?_?,,,,,,,,,,,,,,,,,,,,,,,,,,,,,,,,,,,,
5702,96_8_17,119_5_5,812_?_?,,,,,,,,,,,,,,,,,,,,,,,,,,,,,,,,,,,,,
5703,96_10_15,126_25_25,123_5_5,153_9_10,812_?_?,,,,,,,,,,,,,,,,,,,,,,,,,,,,,,,,,,,
5704,100_13_15,124_20_20,155_27_35,812_?_?,,,,,,,,,,,,,,,,,,,,,,,,,,,,,,,,,,,,
5705,96_12_16,123_45_45,154_16_20,153_9_10,812_?_?,,,,,,,,,,,,,,,,,,,,,,,,,,,,,,,,,,,
5706,96_10_16,124_20_20,157_12_15,155_5_5,812_?_?,,,,,,,,,,,,,,,,,,,,,,,,,,,,,,,,,,,
5707,100_12_16,126_10_10,153_20_25,812_?_?,,,,,,,,,,,,,,,,,,,,,,,,,,,,,,,,,,,,
5708,100_12_17,118_15_15,153_20_25,812_?_?,,,,,,,,,,,,,,,,,,,,,,,,,,,,,,,,,,,,
5709,98_14_17,125_5_5,157_16_20,812_?_?,,,,,,,,,,,,,,,,,,,,,,,,,,,,,,,,,,,,
5710,96_7_17,124_5_5,812_?_?,,,,,,,,,,,,,,,,,,,,,,,,,,,,,,,,,,,,,
5711,100_9_18,119_25_25,125_5_5,812_?_?,,,,,,,,,,,,,,,,,,,,,,,,,,,,,,,,,,,,
5712,97_13_17,126_5_5,123_15_15,157_16_20,154_12_15,812_?_?,,,,,,,,,,,,,,,,,,,,,,,,,,,,,,,,,,
5713,96_15_18,123_31_45,156_6_10,812_?_?,,,,,,,,,,,,,,,,,,,,,,,,,,,,,,,,,,,,
5714,98_13_16,119_26_30,157_16_20,812_?_?,,,,,,,,,,,,,,,,,,,,,,,,,,,,,,,,,,,,
5715,100_11_17,126_20_20,119_5_5,124_5_5,812_?_?,,,,,,,,,,,,,,,,,,,,,,,,,,,,,,,,,,,
5716,96_11_16,118_15_15,119_15_15,153_16_20,812_?_?,,,,,,,,,,,,,,,,,,,,,,,,,,,,,,,,,,,
5717,96_8_16,118_25_25,125_5_5,156_16_20,812_?_?,,,,,,,,,,,,,,,,,,,,,,,,,,,,,,,,,,,
5718,96_9_17,123_5_5,119_5_5,153_9_10,812_?_?,,,,,,,,,,,,,,,,,,,,,,,,,,,,,,,,,,,
5719,100_7_16,119_10_10,125_15_15,157_20_25,812_?_?,,,,,,,,,,,,,,,,,,,,,,,,,,,,,,,,,,,
5720,99_7_16,123_25_25,124_20_20,153_35_45,812_?_?,,,,,,,,,,,,,,,,,,,,,,,,,,,,,,,,,,,
5721,97_14_16,123_45_45,154_20_25,812_?_?,,,,,,,,,,,,,,,,,,,,,,,,,,,,,,,,,,,,
5722,96_8_16,118_50_50,153_27_35,812_?_?,,,,,,,,,,,,,,,,,,,,,,,,,,,,,,,,,,,,
5723,97_15_18,123_5_5,119_5_5,125_20_20,155_20_25,812_?_?,,,,,,,,,,,,,,,,,,,,,,,,,,,,,,,,,,
5724,97_8_17,156_16_20,812_?_?,,,,,,,,,,,,,,,,,,,,,,,,,,,,,,,,,,,,,
5725,97_12_17,118_9_15,123_5_5,124_9_15,153_27_35,812_?_?,,,,,,,,,,,,,,,,,,,,,,,,,,,,,,,,,,
5726,97_13_18,118_40_40,123_5_5,153_24_30,812_?_?,,,,,,,,,,,,,,,,,,,,,,,,,,,,,,,,,,,
5727,96_12_19,119_20_20,155_24_30,812_?_?,,,,,,,,,,,,,,,,,,,,,,,,,,,,,,,,,,,,
5728,96_9_18,118_16_30,123_6_10,124_5_5,154_5_5,153_12_15,812_?_?,,,,,,,,,,,,,,,,,,,,,,,,,,,,,,,,,
5729,96_8_19,126_6_15,123_19_55,156_12_15,153_24_30,812_?_?,,,,,,,,,,,,,,,,,,,,,,,,,,,,,,,,,,
5730,96_8_18,126_10_10,123_35_35,125_35_35,156_42_55,812_?_?,,,,,,,,,,,,,,,,,,,,,,,,,,,,,,,,,,
5731,98_14_19,123_40_40,156_20_25,153_9_10,812_?_?,,,,,,,,,,,,,,,,,,,,,,,,,,,,,,,,,,,
5732,97_9_18,123_60_60,153_16_25,812_20_20,,,,,,,,,,,,,,,,,,,,,,,,,,,,,,,,,,,,
5733,99_12_17,124_25_25,154_16_20,812_20_20,,,,,,,,,,,,,,,,,,,,,,,,,,,,,,,,,,,,
5734,99_11_19,118_9_25,156_12_15,812_20_20,,,,,,,,,,,,,,,,,,,,,,,,,,,,,,,,,,,,
5735,96_13_18,118_25_25,812_20_20,,,,,,,,,,,,,,,,,,,,,,,,,,,,,,,,,,,,,
5736,96_9_17,123_21_60,125_5_5,155_12_15,154_9_10,812_20_20,,,,,,,,,,,,,,,,,,,,,,,,,,,,,,,,,,
5737,96_14_17,123_15_15,125_30_30,155_24_30,154_12_15,812_20_20,,,,,,,,,,,,,,,,,,,,,,,,,,,,,,,,,,
5738,100_8_18,125_15_15,156_9_10,812_21_21,,,,,,,,,,,,,,,,,,,,,,,,,,,,,,,,,,,,
5739,98_10_17,123_65_65,124_5_5,153_16_20,812_21_21,,,,,,,,,,,,,,,,,,,,,,,,,,,,,,,,,,,
5740,96_14_17,118_20_20,153_5_5,812_21_21,,,,,,,,,,,,,,,,,,,,,,,,,,,,,,,,,,,,
5741,100_13_19,118_14_40,153_5_5,812_21_21,,,,,,,,,,,,,,,,,,,,,,,,,,,,,,,,,,,,
5742,99_11_19,118_16_30,126_11_20,153_39_50,812_21_21,,,,,,,,,,,,,,,,,,,,,,,,,,,,,,,,,,,
5743,96_10_19,124_5_5,153_5_5,812_21_21,,,,,,,,,,,,,,,,,,,,,,,,,,,,,,,,,,,,
5744,100_11_19,125_30_30,154_20_25,812_22_22,,,,,,,,,,,,,,,,,,,,,,,,,,,,,,,,,,,,
5745,100_15_19,123_35_35,119_20_20,157_20_25,156_20_25,812_22_22,,,,,,,,,,,,,,,,,,,,,,,,,,,,,,,,,,
5746,99_9_18,125_20_20,812_22_22,,,,,,,,,,,,,,,,,,,,,,,,,,,,,,,,,,,,,
5747,97_15_18,123_14_25,124_9_15,153_5_5,812_22_22,,,,,,,,,,,,,,,,,,,,,,,,,,,,,,,,,,,
5748,98_15_18,124_25_25,155_9_10,153_9_10,812_22_22,,,,,,,,,,,,,,,,,,,,,,,,,,,,,,,,,,,
5749,99_8_17,156_5_5,812_22_22,,,,,,,,,,,,,,,,,,,,,,,,,,,,,,,,,,,,,
5750,98_9_19,126_10_10,119_15_15,125_5_5,157_20_25,156_5_5,812_23_23,,,,,,,,,,,,,,,,,,,,,,,,,,,,,,,,,
5751,96_12_19,118_16_30,123_16_30,155_12_15,812_23_23,,,,,,,,,,,,,,,,,,,,,,,,,,,,,,,,,,,
5752,100_11_19,126_5_5,124_30_30,153_27_35,812_23_23,,,,,,,,,,,,,,,,,,,,,,,,,,,,,,,,,,,
5753,100_13_18,126_35_35,125_10_10,156_12_15,812_23_23,,,,,,,,,,,,,,,,,,,,,,,,,,,,,,,,,,,
5754,98_16_20,125_11_20,154_5_5,812_23_23,,,,,,,,,,,,,,,,,,,,,,,,,,,,,,,,,,,,
5755,97_10_18,123_5_5,125_30_30,812_23_23,,,,,,,,,,,,,,,,,,,,,,,,,,,,,,,,,,,,
5756,98_12_18,123_60_60,124_15_15,157_24_30,153_16_20,812_24_24,,,,,,,,,,,,,,,,,,,,,,,,,,,,,,,,,,
5757,96_11_18,118_35_35,125_20_20,155_12_15,812_24_24,,,,,,,,,,,,,,,,,,,,,,,,,,,,,,,,,,,
5758,96_14_19,118_9_15,126_5_5,123_14_25,119_5_5,153_5_5,812_24_24,,,,,,,,,,,,,,,,,,,,,,,,,,,,,,,,,
5759,97_12_18,123_50_50,124_5_5,157_5_5,812_24_24,,,,,,,,,,,,,,,,,,,,,,,,,,,,,,,,,,,
5760,99_15_20,124_30_30,157_20_25,155_9_10,812_24_24,,,,,,,,,,,,,,,,,,,,,,,,,,,,,,,,,,,
5761,99_14_19,123_30_30,154_5_5,153_20_25,812_24_24,,,,,,,,,,,,,,,,,,,,,,,,,,,,,,,,,,,
5762,96_14_19,126_55_55,123_20_20,156_27_35,153_16_20,812_25_25,,,,,,,,,,,,,,,,,,,,,,,,,,,,,,,,,,
5763,97_13_18,126_5_5,123_25_25,119_10_10,125_60_60,156_57_75,812_25_25,,,,,,,,,,,,,,,,,,,,,,,,,,,,,,,,,
5764,100_15_20,124_14_25,153_16_20,812_25_25,,,,,,,,,,,,,,,,,,,,,,,,,,,,,,,,,,,,
5765,97_11_18,123_5_5,125_40_40,154_12_15,156_9_10,812_25_25,,,,,,,,,,,,,,,,,,,,,,,,,,,,,,,,,,
5766,99_13_20,118_30_30,153_24_30,812_25_25,,,,,,,,,,,,,,,,,,,,,,,,,,,,,,,,,,,,
5767,96_9_19,123_5_5,124_21_40,153_16_20,812_25_25,,,,,,,,,,,,,,,,,,,,,,,,,,,,,,,,,,,
5768,97_13_18,119_40_40,157_31_40,812_26_26,,,,,,,,,,,,,,,,,,,,,,,,,,,,,,,,,,,,
5769,100_9_18,119_35_35,157_12_15,812_26_26,,,,,,,,,,,,,,,,,,,,,,,,,,,,,,,,,,,,
5770,98_12_20,125_15_15,154_31_40,812_26_26,,,,,,,,,,,,,,,,,,,,,,,,,,,,,,,,,,,,
5771,98_10_18,118_24_45,119_11_20,153_27_35,812_26_26,,,,,,,,,,,,,,,,,,,,,,,,,,,,,,,,,,,
5772,100_13_18,123_5_5,119_40_40,156_16_20,153_5_5,812_26_26,,,,,,,,,,,,,,,,,,,,,,,,,,,,,,,,,,
5773,96_12_18,118_25_25,126_20_20,156_12_15,812_26_26,,,,,,,,,,,,,,,,,,,,,,,,,,,,,,,,,,,
5774,96_11_19,123_8_20,124_9_25,125_4_10,154_5_5,812_27_27,,,,,,,,,,,,,,,,,,,,,,,,,,,,,,,,,,
5775,100_13_18,123_30_30,119_30_30,153_16_20,812_27_27,,,,,,,,,,,,,,,,,,,,,,,,,,,,,,,,,,,
5776,100_13_20,123_19_55,153_9_10,812_27_27,,,,,,,,,,,,,,,,,,,,,,,,,,,,,,,,,,,,
5777,96_13_21,123_14_65,124_4_15,157_27_35,155_5_5,812_27_27,,,,,,,,,,,,,,,,,,,,,,,,,,,,,,,,,,
5778,100_14_19,123_35_35,125_50_50,157_5_5,156_24_30,812_27_27,,,,,,,,,,,,,,,,,,,,,,,,,,,,,,,,,,
5779,97_10_21,123_35_35,119_25_25,124_15_15,157_27_35,153_24_30,812_27_27,,,,,,,,,,,,,,,,,,,,,,,,,,,,,,,,,
5780,100_16_20,126_50_50,153_16_20,812_28_28,,,,,,,,,,,,,,,,,,,,,,,,,,,,,,,,,,,,
5781,99_14_20,126_24_45,123_14_25,157_12_15,154_16_20,812_28_28,,,,,,,,,,,,,,,,,,,,,,,,,,,,,,,,,,
5782,96_14_20,126_11_20,123_16_30,125_5_5,156_16_20,812_28_28,,,,,,,,,,,,,,,,,,,,,,,,,,,,,,,,,,
5783,97_12_20,124_45_45,157_12_15,155_9_10,812_28_28,,,,,,,,,,,,,,,,,,,,,,,,,,,,,,,,,,,
5784,98_12_19,126_5_5,123_9_15,119_16_30,156_16_20,812_28_28,,,,,,,,,,,,,,,,,,,,,,,,,,,,,,,,,,
5785,96_14_21,126_9_25,123_24_70,153_50_65,812_28_28,,,,,,,,,,,,,,,,,,,,,,,,,,,,,,,,,,,
5786,99_11_20,118_15_15,123_5_5,124_45_45,154_27_35,153_12_15,812_29_29,,,,,,,,,,,,,,,,,,,,,,,,,,,,,,,,,
5787,96_13_21,119_5_5,124_14_25,157_24_30,812_29_29,,,,,,,,,,,,,,,,,,,,,,,,,,,,,,,,,,,
5788,100_16_21,118_24_45,153_27_35,812_29_29,,,,,,,,,,,,,,,,,,,,,,,,,,,,,,,,,,,,
5789,97_15_19,118_14_25,124_19_35,153_54_70,812_29_29,,,,,,,,,,,,,,,,,,,,,,,,,,,,,,,,,,,
5790,98_12_20,118_45_45,123_60_60,153_27_35,812_29_29,,,,,,,,,,,,,,,,,,,,,,,,,,,,,,,,,,,
5791,96_10_21,118_6_10,126_16_30,154_9_10,812_29_29,,,,,,,,,,,,,,,,,,,,,,,,,,,,,,,,,,,
5792,99_14_21,123_5_5,119_15_15,124_5_5,155_12_15,812_?_?,,,,,,,,,,,,,,,,,,,,,,,,,,,,,,,,,,
5793,96_14_21,153_20_25,812_?_?,,,,,,,,,,,,,,,,,,,,,,,,,,,,,,,,,,,,,
5794,96_12_19,123_5_5,125_55_55,154_31_40,812_?_?,,,,,,,,,,,,,,,,,,,,,,,,,,,,,,,,,,,
5795,96_11_21,126_5_5,119_55_55,157_42_55,812_?_?,,,,,,,,,,,,,,,,,,,,,,,,,,,,,,,,,,,
5796,100_14_20,123_35_35,124_20_20,157_35_45,812_?_?,,,,,,,,,,,,,,,,,,,,,,,,,,,,,,,,,,,
5797,100_16_21,125_55_55,157_9_10,154_5_5,812_?_?,,,,,,,,,,,,,,,,,,,,,,,,,,,,,,,,,,,
5798,99_13_19,118_31_60,126_19_35,156_16_20,153_9_10,812_?_?,,,,,,,,,,,,,,,,,,,,,,,,,,,,,,,,,,
5799,99_12_20,123_5_5,119_35_35,124_20_20,155_20_25,153_16_20,812_?_?,,,,,,,,,,,,,,,,,,,,,,,,,,,,,,,,,
5800,96_16_21,118_14_50,124_6_20,155_24_30,812_?_?,,,,,,,,,,,,,,,,,,,,,,,,,,,,,,,,,,,
5801,98_10_21,126_39_75,125_5_5,156_5_5,812_?_?,,,,,,,,,,,,,,,,,,,,,,,,,,,,,,,,,,,
5802,100_15_19,123_20_20,125_30_30,812_?_?,,,,,,,,,,,,,,,,,,,,,,,,,,,,,,,,,,,,
5803,97_16_20,123_30_30,119_45_45,156_16_20,153_31_40,812_?_?,,,,,,,,,,,,,,,,,,,,,,,,,,,,,,,,,,
5804,99_14_22,118_11_20,125_34_65,155_16_20,156_20_25,812_?_?,,,,,,,,,,,,,,,,,,,,,,,,,,,,,,,,,,
5805,100_17_22,126_26_50,124_6_10,154_24_30,153_9_10,812_?_?,,,,,,,,,,,,,,,,,,,,,,,,,,,,,,,,,,
5806,97_16_21,124_45_45,157_5_5,153_16_20,812_?_?,,,,,,,,,,,,,,,,,,,,,,,,,,,,,,,,,,,
5807,96_12_21,125_60_60,156_9_10,812_?_?,,,,,,,,,,,,,,,,,,,,,,,,,,,,,,,,,,,,
5808,96_14_22,118_8_35,123_16_75,155_12_15,156_5_5,812_?_?,,,,,,,,,,,,,,,,,,,,,,,,,,,,,,,,,,
5809,100_10_22,118_8_20,123_28_80,125_4_10,155_20_25,812_?_?,,,,,,,,,,,,,,,,,,,,,,,,,,,,,,,,,,
5810,96_12_22,118_11_20,123_5_5,125_21_40,812_?_?,,,,,,,,,,,,,,,,,,,,,,,,,,,,,,,,,,,
5811,100_15_20,119_15_15,153_20_25,812_?_?,,,,,,,,,,,,,,,,,,,,,,,,,,,,,,,,,,,,
5812,97_16_20,126_45_45,153_24_30,812_?_?,,,,,,,,,,,,,,,,,,,,,,,,,,,,,,,,,,,,
5813,96_15_20,118_75_75,119_20_20,156_5_5,153_31_40,812_?_?,,,,,,,,,,,,,,,,,,,,,,,,,,,,,,,,,,
5814,96_12_22,118_14_25,125_31_60,154_12_15,812_?_?,,,,,,,,,,,,,,,,,,,,,,,,,,,,,,,,,,,
5815,96_15_22,118_5_5,119_40_40,156_20_25,153_5_5,812_?_?,,,,,,,,,,,,,,,,,,,,,,,,,,,,,,,,,,
5816,97_12_21,119_70_70,153_72_95,812_?_?,,,,,,,,,,,,,,,,,,,,,,,,,,,,,,,,,,,,
5817,96_15_22,118_6_15,123_16_45,125_13_35,156_12_15,812_?_?,,,,,,,,,,,,,,,,,,,,,,,,,,,,,,,,,,
5818,96_11_22,123_5_5,125_34_65,154_9_10,812_?_?,,,,,,,,,,,,,,,,,,,,,,,,,,,,,,,,,,,
5819,97_13_21,118_26_75,119_4_10,156_9_10,812_?_?,,,,,,,,,,,,,,,,,,,,,,,,,,,,,,,,,,,
5820,97_17_22,126_60_60,123_5_5,125_20_20,157_20_25,154_16_20,812_?_?,,,,,,,,,,,,,,,,,,,,,,,,,,,,,,,,,
5821,96_16_20,123_11_20,119_14_25,812_?_?,,,,,,,,,,,,,,,,,,,,,,,,,,,,,,,,,,,,
5822,96_16_20,126_9_15,123_16_30,812_?_?,,,,,,,,,,,,,,,,,,,,,,,,,,,,,,,,,,,,
5823,97_14_20,124_23_65,155_31_40,812_?_?,,,,,,,,,,,,,,,,,,,,,,,,,,,,,,,,,,,,
5824,96_15_22,126_9_30,123_20_75,125_4_10,157_12_15,812_?_?,,,,,,,,,,,,,,,,,,,,,,,,,,,,,,,,,,
5825,96_13_21,119_25_25,153_16_20,812_?_?,,,,,,,,,,,,,,,,,,,,,,,,,,,,,,,,,,,,
5826,96_17_22,126_39_75,125_6_10,154_9_10,156_12_15,812_?_?,,,,,,,,,,,,,,,,,,,,,,,,,,,,,,,,,,
5827,97_11_21,123_45_45,125_80_80,155_24_30,154_16_20,812_?_?,,,,,,,,,,,,,,,,,,,,,,,,,,,,,,,,,,
5828,96_13_21,123_19_35,119_26_50,153_27_35,812_30_30,,,,,,,,,,,,,,,,,,,,,,,,,,,,,,,,,,,
5829,99_15_22,123_14_40,119_13_35,124_4_10,155_9_10,153_27_35,812_30_30,,,,,,,,,,,,,,,,,,,,,,,,,,,,,,,,,
5830,96_14_21,126_41_80,123_19_35,157_20_25,153_31_40,812_30_30,,,,,,,,,,,,,,,,,,,,,,,,,,,,,,,,,,
5831,98_12_21,119_41_80,155_69_90,812_30_30,,,,,,,,,,,,,,,,,,,,,,,,,,,,,,,,,,,,
5832,96_12_20,124_39_75,155_35_45,153_16_20,812_30_30,,,,,,,,,,,,,,,,,,,,,,,,,,,,,,,,,,,
5833,97_12_20,118_21_40,124_5_5,125_26_50,154_5_5,812_30_30,,,,,,,,,,,,,,,,,,,,,,,,,,,,,,,,,,
5834,100_14_23,126_16_30,123_16_30,125_6_10,154_5_5,812_31_31,,,,,,,,,,,,,,,,,,,,,,,,,,,,,,,,,,
5835,98_13_23,123_29_85,119_9_25,125_8_20,157_24_30,156_9_10,812_31_31,,,,,,,,,,,,,,,,,,,,,,,,,,,,,,,,,
5836,99_13_23,124_16_45,153_16_20,812_31_31,,,,,,,,,,,,,,,,,,,,,,,,,,,,,,,,,,,,
5837,96_15_21,126_90_90,153_42_55,812_31_31,,,,,,,,,,,,,,,,,,,,,,,,,,,,,,,,,,,,
5838,97_17_23,126_21_40,125_19_35,812_31_31,,,,,,,,,,,,,,,,,,,,,,,,,,,,,,,,,,,,
5839,100_11_23,124_16_60,155_27_35,812_31_31,,,,,,,,,,,,,,,,,,,,,,,,,,,,,,,,,,,,
5840,97_13_23,118_4_10,119_11_40,124_7_25,155_5_5,153_31_40,812_32_32,,,,,,,,,,,,,,,,,,,,,,,,,,,,,,,,,
5841,96_13_21,124_21_40,125_14_25,157_5_5,812_32_32,,,,,,,,,,,,,,,,,,,,,,,,,,,,,,,,,,,
5842,97_12_21,123_11_20,124_39_75,154_20_25,153_35_45,812_32_32,,,,,,,,,,,,,,,,,,,,,,,,,,,,,,,,,,
5843,96_12_21,119_20_20,125_70_70,812_32_32,,,,,,,,,,,,,,,,,,,,,,,,,,,,,,,,,,,,
5844,97_17_23,126_46_90,156_5_5,153_12_15,812_32_32,,,,,,,,,,,,,,,,,,,,,,,,,,,,,,,,,,,
5845,98_13_22,118_95_95,124_30_30,155_12_15,154_35_45,812_32_32,,,,,,,,,,,,,,,,,,,,,,,,,,,,,,,,,,
5846,97_16_22,118_6_10,123_19_35,119_24_45,155_5_5,153_5_5,812_33_33,,,,,,,,,,,,,,,,,,,,,,,,,,,,,,,,,
5847,97_14_22,118_39_75,126_31_60,123_5_5,153_72_95,812_33_33,,,,,,,,,,,,,,,,,,,,,,,,,,,,,,,,,,
5848,96_12_22,118_75_75,119_20_20,125_5_5,812_33_33,,,,,,,,,,,,,,,,,,,,,,,,,,,,,,,,,,,
5849,96_13_22,118_15_15,125_90_90,812_33_33,,,,,,,,,,,,,,,,,,,,,,,,,,,,,,,,,,,,
5850,96_17_22,123_9_15,119_21_40,157_27_35,812_33_33,,,,,,,,,,,,,,,,,,,,,,,,,,,,,,,,,,,
5851,100_14_23,126_13_35,123_29_85,124_9_25,154_24_30,153_35_45,812_33_33,,,,,,,,,,,,,,,,,,,,,,,,,,,,,,,,,
5852,97_13_23,123_30_30,125_95_95,157_24_30,812_34_34,,,,,,,,,,,,,,,,,,,,,,,,,,,,,,,,,,,
5853,100_11_21,123_35_35,125_45_45,155_35_45,812_34_34,,,,,,,,,,,,,,,,,,,,,,,,,,,,,,,,,,,
5854,96_17_22,126_4_10,123_26_75,812_34_34,,,,,,,,,,,,,,,,,,,,,,,,,,,,,,,,,,,,
5855,97_16_21,124_41_80,157_24_30,154_12_15,812_34_34,,,,,,,,,,,,,,,,,,,,,,,,,,,,,,,,,,,
5856,96_12_23,123_16_45,119_4_10,812_34_34,,,,,,,,,,,,,,,,,,,,,,,,,,,,,,,,,,,,
5857,96_16_22,126_4_10,123_16_60,124_5_15,153_9_10,812_34_34,,,,,,,,,,,,,,,,,,,,,,,,,,,,,,,,,,
5858,96_11_21,118_31_60,124_21_40,125_14_25,154_27_35,812_35_35,,,,,,,,,,,,,,,,,,,,,,,,,,,,,,,,,,
5859,96_14_21,123_29_85,119_6_15,125_16_45,157_9_10,155_20_25,812_35_35,,,,,,,,,,,,,,,,,,,,,,,,,,,,,,,,,
5860,96_16_21,123_5_5,119_40_40,125_5_5,157_12_15,812_35_35,,,,,,,,,,,,,,,,,,,,,,,,,,,,,,,,,,
5861,96_16_23,119_31_60,153_20_25,812_35_35,,,,,,,,,,,,,,,,,,,,,,,,,,,,,,,,,,,,
5862,97_14_22,126_15_15,119_45_45,124_40_40,157_65_85,812_35_35,,,,,,,,,,,,,,,,,,,,,,,,,,,,,,,,,,
5863,100_15_22,118_9_15,126_14_25,125_9_15,812_35_35,,,,,,,,,,,,,,,,,,,,,,,,,,,,,,,,,,,
5864,100_16_24,119_36_70,153_5_5,812_36_36,,,,,,,,,,,,,,,,,,,,,,,,,,,,,,,,,,,,
5865,96_12_22,126_11_30,123_24_70,119_16_45,157_27_35,156_9_10,812_36_36,,,,,,,,,,,,,,,,,,,,,,,,,,,,,,,,,
5866,96_18_24,118_14_50,123_15_55,812_36_36,,,,,,,,,,,,,,,,,,,,,,,,,,,,,,,,,,,,
5867,98_16_23,126_85_85,156_9_10,812_36_36,,,,,,,,,,,,,,,,,,,,,,,,,,,,,,,,,,,,
5868,100_13_22,118_24_45,126_51_100,125_5_5,154_46_60,812_36_36,,,,,,,,,,,,,,,,,,,,,,,,,,,,,,,,,,
5869,97_13_24,125_11_20,812_36_36,,,,,,,,,,,,,,,,,,,,,,,,,,,,,,,,,,,,,
5870,96_12_23,126_28_80,123_23_65,119_9_25,157_9_10,156_39_50,812_37_37,,,,,,,,,,,,,,,,,,,,,,,,,,,,,,,,,
5871,98_12_22,123_36_105,124_18_50,157_35_45,812_37_37,,,,,,,,,,,,,,,,,,,,,,,,,,,,,,,,,,,
5872,100_15_23,118_14_50,123_5_15,124_12_45,154_24_30,812_37_37,,,,,,,,,,,,,,,,,,,,,,,,,,,,,,,,,,
5873,97_14_23,119_90_90,155_5_5,153_27_35,812_37_37,,,,,,,,,,,,,,,,,,,,,,,,,,,,,,,,,,,
5874,96_17_24,118_26_100,123_17_65,154_20_25,153_5_5,812_37_37,,,,,,,,,,,,,,,,,,,,,,,,,,,,,,,,,,
5875,96_17_22,126_21_40,124_14_25,153_31_40,812_37_37,,,,,,,,,,,,,,,,,,,,,,,,,,,,,,,,,,,
5876,97_14_22,118_11_40,123_6_20,124_19_70,153_50_65,812_38_38,,,,,,,,,,,,,,,,,,,,,,,,,,,,,,,,,,
5877,96_14_24,118_8_20,126_5_5,119_29_85,156_12_15,153_27_35,812_38_38,,,,,,,,,,,,,,,,,,,,,,,,,,,,,,,,,
5878,100_15_22,123_90_90,154_27_35,812_38_38,,,,,,,,,,,,,,,,,,,,,,,,,,,,,,,,,,,,
5879,96_17_24,124_21_80,155_12_15,153_5_5,812_38_38,,,,,,,,,,,,,,,,,,,,,,,,,,,,,,,,,,,
5880,99_14_22,123_29_85,124_23_65,157_27_35,154_16_20,812_38_38,,,,,,,,,,,,,,,,,,,,,,,,,,,,,,,,,,
5881,100_16_22,118_31_90,126_26_75,153_50_65,812_38_38,,,,,,,,,,,,,,,,,,,,,,,,,,,,,,,,,,,
5882,97_17_22,118_27_105,123_24_90,156_24_30,153_12_15,812_39_39,,,,,,,,,,,,,,,,,,,,,,,,,,,,,,,,,,
5883,100_15_22,126_50_50,119_40_40,157_20_25,812_39_39,,,,,,,,,,,,,,,,,,,,,,,,,,,,,,,,,,,
5884,97_16_24,126_11_30,125_8_20,812_39_39,,,,,,,,,,,,,,,,,,,,,,,,,,,,,,,,,,,,
5885,96_16_24,118_14_50,126_6_20,123_20_75,119_4_10,153_39_50,812_39_39,,,,,,,,,,,,,,,,,,,,,,,,,,,,,,,,,
5886,97_17_24,118_9_25,119_8_20,125_18_50,155_35_45,812_39_39,,,,,,,,,,,,,,,,,,,,,,,,,,,,,,,,,,
5887,97_14_23,118_26_75,125_26_75,155_35_45,812_39_39,,,,,,,,,,,,,,,,,,,,,,,,,,,,,,,,,,,
5888,100_15_23,118_6_10,126_14_25,125_49_95,156_39_50,812_?_?,,,,,,,,,,,,,,,,,,,,,,,,,,,,,,,,,,
5889,96_15_22,119_100_100,155_27_35,153_5_5,812_?_?,,,,,,,,,,,,,,,,,,,,,,,,,,,,,,,,,,,
5890,100_12_23,118_31_90,126_33_95,154_16_20,153_39_50,812_?_?,,,,,,,,,,,,,,,,,,,,,,,,,,,,,,,,,,
5891,100_15_23,118_19_35,123_59_115,125_36_70,156_57_75,812_?_?,,,,,,,,,,,,,,,,,,,,,,,,,,,,,,,,,,
5892,97_18_24,124_33_95,157_9_10,153_31_40,812_?_?,,,,,,,,,,,,,,,,,,,,,,,,,,,,,,,,,,,
5893,96_17_23,118_90_90,119_35_35,156_12_15,812_?_?,,,,,,,,,,,,,,,,,,,,,,,,,,,,,,,,,,,
5894,96_13_24,118_105_105,119_50_50,156_12_15,812_?_?,,,,,,,,,,,,,,,,,,,,,,,,,,,,,,,,,,,
5895,96_13_25,118_49_95,119_24_45,153_5_5,812_?_?,,,,,,,,,,,,,,,,,,,,,,,,,,,,,,,,,,,
5896,96_14_23,126_46_90,123_19_35,125_21_40,156_24_30,812_?_?,,,,,,,,,,,,,,,,,,,,,,,,,,,,,,,,,,
5897,100_18_25,123_51_100,153_20_25,812_?_?,,,,,,,,,,,,,,,,,,,,,,,,,,,,,,,,,,,,
5898,96_13_23,118_9_25,126_4_10,123_28_80,119_29_85,156_72_95,812_?_?,,,,,,,,,,,,,,,,,,,,,,,,,,,,,,,,,
5899,97_14_24,126_70_70,124_25_25,125_50_50,157_39_50,812_?_?,,,,,,,,,,,,,,,,,,,,,,,,,,,,,,,,,,
5900,100_15_24,126_35_35,119_85_85,156_12_15,153_16_20,812_?_?,,,,,,,,,,,,,,,,,,,,,,,,,,,,,,,,,,
5901,98_16_24,124_26_100,155_31_40,153_9_10,812_?_?,,,,,,,,,,,,,,,,,,,,,,,,,,,,,,,,,,,
5902,98_17_24,126_95_95,123_85_85,157_9_10,153_35_45,812_?_?,,,,,,,,,,,,,,,,,,,,,,,,,,,,,,,,,,
5903,99_17_25,118_54_105,125_21_40,154_39_50,812_?_?,,,,,,,,,,,,,,,,,,,,,,,,,,,,,,,,,,,
5904,96_13_25,118_34_65,126_56_110,156_12_15,812_?_?,,,,,,,,,,,,,,,,,,,,,,,,,,,,,,,,,,,
5905,98_16_23,118_35_35,126_50_50,125_50_50,154_35_45,812_?_?,,,,,,,,,,,,,,,,,,,,,,,,,,,,,,,,,,
5906,96_16_24,126_95_95,119_15_15,124_45_45,157_91_120,812_?_?,,,,,,,,,,,,,,,,,,,,,,,,,,,,,,,,,,
5907,96_17_24,118_19_55,123_6_15,124_11_30,125_18_50,155_42_55,154_12_15,812_?_?,,,,,,,,,,,,,,,,,,,,,,,,,,,,,,,,
5908,96_18_24,126_30_115,123_14_50,124_5_15,154_16_20,153_42_55,812_?_?,,,,,,,,,,,,,,,,,,,,,,,,,,,,,,,,,
5909,96_13_24,126_25_25,119_100_100,124_5_5,153_39_50,812_?_?,,,,,,,,,,,,,,,,,,,,,,,,,,,,,,,,,,
5910,96_16_23,118_25_25,125_120_120,154_24_30,812_?_?,,,,,,,,,,,,,,,,,,,,,,,,,,,,,,,,,,,
5911,99_17_24,123_5_5,119_65_65,125_65_65,156_27_35,812_?_?,,,,,,,,,,,,,,,,,,,,,,,,,,,,,,,,,,
5912,100_15_23,118_13_60,126_4_15,124_15_70,154_12_15,812_?_?,,,,,,,,,,,,,,,,,,,,,,,,,,,,,,,,,,
5913,100_13_24,119_60_60,125_80_80,156_24_30,812_?_?,,,,,,,,,,,,,,,,,,,,,,,,,,,,,,,,,,,
5914,96_15_24,118_85_85,125_95_95,154_31_40,812_?_?,,,,,,,,,,,,,,,,,,,,,,,,,,,,,,,,,,,
5915,97_18_25,118_21_100,119_13_60,124_5_5,153_57_75,812_?_?,,,,,,,,,,,,,,,,,,,,,,,,,,,,,,,,,,
5916,100_12_23,126_6_10,123_16_30,124_29_55,125_39_75,157_16_20,812_?_?,,,,,,,,,,,,,,,,,,,,,,,,,,,,,,,,,
5917,97_16_25,118_21_80,119_5_5,812_?_?,,,,,,,,,,,,,,,,,,,,,,,,,,,,,,,,,,,,
5918,100_14_25,126_36_70,124_21_40,157_46_60,812_?_?,,,,,,,,,,,,,,,,,,,,,,,,,,,,,,,,,,,
5919,97_14_25,119_100_100,124_40_40,153_114_150,812_?_?,,,,,,,,,,,,,,,,,,,,,,,,,,,,,,,,,,,
5920,96_18_25,126_3_10,123_5_5,124_22_105,157_27_35,812_?_?,,,,,,,,,,,,,,,,,,,,,,,,,,,,,,,,,,
5921,96_15_25,118_5_5,119_4_10,124_19_70,812_?_?,,,,,,,,,,,,,,,,,,,,,,,,,,,,,,,,,,,
5922,100_14_25,118_5_5,124_14_50,125_26_100,155_31_40,154_9_10,812_?_?,,,,,,,,,,,,,,,,,,,,,,,,,,,,,,,,,
5923,99_15_25,119_8_20,124_13_35,125_18_50,812_?_?,,,,,,,,,,,,,,,,,,,,,,,,,,,,,,,,,,,
5924,96_14_23,119_80_80,125_95_95,155_16_20,156_35_45,812_40_40,,,,,,,,,,,,,,,,,,,,,,,,,,,,,,,,,,
5925,97_14_23,118_24_45,123_11_20,119_26_50,124_5_5,153_46_60,812_40_40,,,,,,,,,,,,,,,,,,,,,,,,,,,,,,,,,
5926,96_14_23,118_9_15,123_9_15,119_44_85,125_16_30,812_40_40,,,,,,,,,,,,,,,,,,,,,,,,,,,,,,,,,,
5927,96_14_26,118_5_15,126_31_120,123_17_65,125_4_10,812_40_40,,,,,,,,,,,,,,,,,,,,,,,,,,,,,,,,,,
5928,100_17_26,126_5_20,123_8_35,119_3_10,124_16_75,153_5_5,812_40_40,,,,,,,,,,,,,,,,,,,,,,,,,,,,,,,,,
5929,96_14_25,123_14_75,124_18_100,153_46_60,812_40_40,,,,,,,,,,,,,,,,,,,,,,,,,,,,,,,,,,,
5930,98_13_24,118_35_35,126_100_100,123_55_55,125_30_30,156_39_50,812_41_41,,,,,,,,,,,,,,,,,,,,,,,,,,,,,,,,,
5931,96_14_26,123_14_65,124_10_45,125_17_80,154_39_50,812_41_41,,,,,,,,,,,,,,,,,,,,,,,,,,,,,,,,,,
5932,99_18_26,123_5_5,119_5_20,124_21_100,153_46_60,812_41_41,,,,,,,,,,,,,,,,,,,,,,,,,,,,,,,,,,
5933,100_15_25,118_6_10,126_54_105,123_31_60,154_35_45,153_31_40,812_41_41,,,,,,,,,,,,,,,,,,,,,,,,,,,,,,,,,
5934,97_17_24,118_16_75,126_5_20,124_16_75,153_39_50,812_41_41,,,,,,,,,,,,,,,,,,,,,,,,,,,,,,,,,,
5935,96_16_26,118_24_45,126_24_45,119_44_85,156_39_50,153_12_15,812_41_41,,,,,,,,,,,,,,,,,,,,,,,,,,,,,,,,,
5936,96_18_25,126_34_100,123_8_20,124_11_30,157_42_55,812_42_42,,,,,,,,,,,,,,,,,,,,,,,,,,,,,,,,,,
5937,96_14_26,119_21_60,124_6_15,812_42_42,,,,,,,,,,,,,,,,,,,,,,,,,,,,,,,,,,,,
5938,100_16_26,126_34_65,123_54_105,125_21_40,154_39_50,812_42_42,,,,,,,,,,,,,,,,,,,,,,,,,,,,,,,,,,
5939,97_18_24,118_34_130,123_21_80,119_11_40,155_24_30,156_27_35,812_42_42,,,,,,,,,,,,,,,,,,,,,,,,,,,,,,,,,
5940,96_18_25,118_36_70,119_36_70,124_6_10,153_20_25,812_42_42,,,,,,,,,,,,,,,,,,,,,,,,,,,,,,,,,,
5941,97_15_24,118_26_100,126_21_80,153_5_5,812_42_42,,,,,,,,,,,,,,,,,,,,,,,,,,,,,,,,,,,
5942,96_16_25,124_26_100,125_15_55,157_39_50,812_43_43,,,,,,,,,,,,,,,,,,,,,,,,,,,,,,,,,,,
5943,96_14_26,118_14_50,126_7_25,123_14_50,119_25_95,156_46_60,153_24_30,812_43_43,,,,,,,,,,,,,,,,,,,,,,,,,,,,,,,,
5944,96_15_25,118_29_85,124_26_75,153_5_5,812_43_43,,,,,,,,,,,,,,,,,,,,,,,,,,,,,,,,,,,
5945,97_15_26,118_19_70,126_17_65,123_26_100,154_27_35,153_16_20,812_43_43,,,,,,,,,,,,,,,,,,,,,,,,,,,,,,,,,
5946,96_14_24,118_31_90,123_18_50,125_23_65,155_9_10,812_43_43,,,,,,,,,,,,,,,,,,,,,,,,,,,,,,,,,,
5947,96_18_26,118_20_75,126_29_110,124_6_20,154_46_60,153_39_50,812_43_43,,,,,,,,,,,,,,,,,,,,,,,,,,,,,,,,,
5948,96_14_26,126_23_65,124_11_30,125_13_35,812_44_44,,,,,,,,,,,,,,,,,,,,,,,,,,,,,,,,,,,
5949,100_14_25,123_16_30,119_39_75,124_6_10,125_26_50,155_46_60,812_44_44,,,,,,,,,,,,,,,,,,,,,,,,,,,,,,,,,
5950,96_14_25,118_95_95,126_45_45,119_20_20,125_35_35,812_44_44,,,,,,,,,,,,,,,,,,,,,,,,,,,,,,,,,,
5951,98_15_24,118_20_75,123_4_10,119_26_100,125_9_30,155_27_35,156_39_50,812_44_44,,,,,,,,,,,,,,,,,,,,,,,,,,,,,,,,
5952,96_14_26,119_4_20,124_18_100,153_9_10,812_44_44,,,,,,,,,,,,,,,,,,,,,,,,,,,,,,,,,,,
5953,96_16_24,118_80_80,126_55_55,119_25_25,153_39_50,812_44_44,,,,,,,,,,,,,,,,,,,,,,,,,,,,,,,,,,
5954,97_16_26,123_9_40,124_21_100,125_5_5,812_45_45,,,,,,,,,,,,,,,,,,,,,,,,,,,,,,,,,,,
5955,96_15_26,118_34_65,119_59_115,156_5_5,153_16_20,812_45_45,,,,,,,,,,,,,,,,,,,,,,,,,,,,,,,,,,
5956,96_16_24,126_110_110,125_55_55,156_9_10,812_45_45,,,,,,,,,,,,,,,,,,,,,,,,,,,,,,,,,,,
5957,96_13_24,126_29_110,123_26_100,125_15_55,156_5_5,812_45_45,,,,,,,,,,,,,,,,,,,,,,,,,,,,,,,,,,
5958,97_14_26,118_13_70,123_9_50,124_16_90,153_39_50,812_45_45,,,,,,,,,,,,,,,,,,,,,,,,,,,,,,,,,,
5959,97_15_24,118_19_55,126_39_115,124_5_5,812_45_45,,,,,,,,,,,,,,,,,,,,,,,,,,,,,,,,,,,
5960,100_18_25,118_26_100,119_22_85,153_12_15,812_46_46,,,,,,,,,,,,,,,,,,,,,,,,,,,,,,,,,,,
5961,99_16_24,126_16_50,123_31_105,119_26_70,125_6_15,157_96_105,812_46_46,,,,,,,,,,,,,,,,,,,,,,,,,,,,,,,,,
5962,98_13_25,123_46_135,119_9_25,124_4_10,812_46_46,,,,,,,,,,,,,,,,,,,,,,,,,,,,,,,,,,,
5963,96_16_26,124_29_85,125_31_90,155_20_25,812_46_46,,,,,,,,,,,,,,,,,,,,,,,,,,,,,,,,,,,
5964,97_19_26,118_26_75,123_5_5,119_19_55,125_23_65,156_39_50,812_46_46,,,,,,,,,,,,,,,,,,,,,,,,,,,,,,,,,
5965,96_14_27,118_7_30,124_21_100,812_46_46,,,,,,,,,,,,,,,,,,,,,,,,,,,,,,,,,,,,
5966,96_15_27,118_9_40,119_5_20,124_21_100,153_5_5,812_47_47,,,,,,,,,,,,,,,,,,,,,,,,,,,,,,,,,,
5967,97_16_27,126_60_60,123_40_40,119_75_75,157_54_70,812_47_47,,,,,,,,,,,,,,,,,,,,,,,,,,,,,,,,,,
5968,96_16_25,118_21_40,119_46_90,124_11_20,812_47_47,,,,,,,,,,,,,,,,,,,,,,,,,,,,,,,,,,,
5969,96_18_25,126_33_95,123_9_25,124_16_45,157_31_40,812_47_47,,,,,,,,,,,,,,,,,,,,,,,,,,,,,,,,,,
5970,98_17_26,126_18_50,123_34_100,119_24_70,156_35_45,812_47_47,,,,,,,,,,,,,,,,,,,,,,,,,,,,,,,,,,
5971,97_15_26,126_100_100,123_41_55,125_61_75,154_61_80,812_47_47,,,,,,,,,,,,,,,,,,,,,,,,,,,,,,,,,,
5972,100_15_27,118_16_40,119_11_25,125_46_135,155_61_85,156_10_10,812_48_48,,,,,,,,,,,,,,,,,,,,,,,,,,,,,,,,,
5973,100_18_26,118_16_50,119_26_100,124_6_30,155_56_75,812_48_48,,,,,,,,,,,,,,,,,,,,,,,,,,,,,,,,,,
5974,96_14_25,118_21_80,123_31_130,119_11_60,153_16_95,812_48_48,,,,,,,,,,,,,,,,,,,,,,,,,,,,,,,,,,
5975,96_18_27,118_5_5,126_31_90,119_18_50,124_6_15,812_48_48,,,,,,,,,,,,,,,,,,,,,,,,,,,,,,,,,,
5976,97_16_27,123_23_65,124_19_55,125_36_105,157_16_20,155_12_15,812_48_48,,,,,,,,,,,,,,,,,,,,,,,,,,,,,,,,,
5977,96_15_25,119_40_40,125_105_105,157_9_10,812_48_48,,,,,,,,,,,,,,,,,,,,,,,,,,,,,,,,,,,
5978,98_16_27,123_12_65,119_18_100,124_7_35,157_50_65,153_20_25,812_49_49,,,,,,,,,,,,,,,,,,,,,,,,,,,,,,,,,
5979,97_15_26,118_11_20,119_74_145,156_24_30,812_49_49,,,,,,,,,,,,,,,,,,,,,,,,,,,,,,,,,,,
5980,100_13_25,118_31_90,126_61_120,123_31_90,153_11_40,812_49_49,,,,,,,,,,,,,,,,,,,,,,,,,,,,,,,,,,
5981,100_17_25,118_5_5,119_14_50,124_26_100,155_27_35,812_49_49,,,,,,,,,,,,,,,,,,,,,,,,,,,,,,,,,,
5982,100_16_27,123_5_5,119_23_65,124_16_45,125_11_30,812_49_49,,,,,,,,,,,,,,,,,,,,,,,,,,,,,,,,,,
5983,100_18_27,118_5_30,126_7_45,119_6_35,124_15_100,153_91_120,812_49_49,,,,,,,,,,,,,,,,,,,,,,,,,,,,,,,,,
5984,96_13_25,118_5_5,126_19_55,123_21_60,125_34_100,812_?_?,,,,,,,,,,,,,,,,,,,,,,,,,,,,,,,,,,
5985,97_17_26,118_26_75,119_16_45,125_31_90,812_?_?,,,,,,,,,,,,,,,,,,,,,,,,,,,,,,,,,,,
5986,97_14_26,118_3_10,123_4_15,124_22_105,155_9_10,154_16_20,812_?_?,,,,,,,,,,,,,,,,,,,,,,,,,,,,,,,,,
5987,97_18_26,126_100_100,123_90_90,125_70_70,157_54_70,156_31_40,812_?_?,,,,,,,,,,,,,,,,,,,,,,,,,,,,,,,,,
5988,100_14_26,126_18_50,124_31_90,125_9_25,812_?_?,,,,,,,,,,,,,,,,,,,,,,,,,,,,,,,,,,,
5989,100_18_26,123_34_100,124_29_85,153_5_5,812_?_?,,,,,,,,,,,,,,,,,,,,,,,,,,,,,,,,,,,
5990,96_17_25,126_100_100,119_115_115,157_39_50,812_?_?,,,,,,,,,,,,,,,,,,,,,,,,,,,,,,,,,,,
5991,97_17_25,118_31_130,126_11_40,119_11_35,125_21_80,156_51_65,812_?_?,,,,,,,,,,,,,,,,,,,,,,,,,,,,,,,,,
5992,98_15_26,118_26_105,119_16_65,124_6_20,155_66_75,812_?_?,,,,,,,,,,,,,,,,,,,,,,,,,,,,,,,,,,
5993,96_19_26,118_11_55,123_16_60,124_11_45,125_26_100,155_46_90,812_?_?,,,,,,,,,,,,,,,,,,,,,,,,,,,,,,,,,
5994,97_17_27,126_21_60,119_31_90,124_11_30,153_26_35,812_?_?,,,,,,,,,,,,,,,,,,,,,,,,,,,,,,,,,,
5995,96_19_26,126_100_100,119_45_45,125_40_40,157_76_125,812_?_?,,,,,,,,,,,,,,,,,,,,,,,,,,,,,,,,,,
5996,96_17_26,126_25_95,123_26_100,154_46_60,812_?_?,,,,,,,,,,,,,,,,,,,,,,,,,,,,,,,,,,,
5997,96_18_26,118_16_60,123_37_145,153_27_35,812_?_?,,,,,,,,,,,,,,,,,,,,,,,,,,,,,,,,,,,
5998,98_15_25,123_16_50,119_26_100,125_26_100,155_96_100,812_?_?,,,,,,,,,,,,,,,,,,,,,,,,,,,,,,,,,,
5999,100_11_14,214_3_5,126_31_40,124_21_30,177_1_5,,,,,,,,,,,,,,,,,,,,,,,,,,,,,,,,,,,
6000,100_2_7,126_5_5,124_10_10,812_?_?,,,,,,,,,,,,,,,,,,,,,,,,,,,,,,,,,,,,
6001,100_2_7,124_5_5,812_?_?,,,,,,,,,,,,,,,,,,,,,,,,,,,,,,,,,,,,,
6002,100_3_7,123_5_5,119_5_5,812_?_?,,,,,,,,,,,,,,,,,,,,,,,,,,,,,,,,,,,,
6003,99_5_8,118_10_10,126_5_5,124_5_5,812_?_?,,,,,,,,,,,,,,,,,,,,,,,,,,,,,,,,,,,
6004,96_2_7,118_10_10,119_10_10,812_?_?,,,,,,,,,,,,,,,,,,,,,,,,,,,,,,,,,,,,
6005,97_3_6,118_5_5,119_5_5,812_?_?,,,,,,,,,,,,,,,,,,,,,,,,,,,,,,,,,,,,
6006,98_2_9,124_10_10,812_?_?,,,,,,,,,,,,,,,,,,,,,,,,,,,,,,,,,,,,,
6007,100_6_9,126_5_5,123_5_5,125_5_5,812_?_?,,,,,,,,,,,,,,,,,,,,,,,,,,,,,,,,,,,
6008,100_6_9,118_5_5,124_5_5,812_?_?,,,,,,,,,,,,,,,,,,,,,,,,,,,,,,,,,,,,
6009,97_3_7,118_5_5,125_10_10,812_?_?,,,,,,,,,,,,,,,,,,,,,,,,,,,,,,,,,,,,
6010,100_2_7,124_10_10,157_5_5,812_?_?,,,,,,,,,,,,,,,,,,,,,,,,,,,,,,,,,,,,
6011,100_4_8,118_10_10,123_5_5,812_?_?,,,,,,,,,,,,,,,,,,,,,,,,,,,,,,,,,,,,
6012,98_6_8,119_10_10,125_10_10,157_9_10,812_?_?,,,,,,,,,,,,,,,,,,,,,,,,,,,,,,,,,,,
6013,99_4_9,118_10_10,123_5_5,125_10_10,155_5_5,812_?_?,,,,,,,,,,,,,,,,,,,,,,,,,,,,,,,,,,
6014,97_5_7,118_10_10,126_5_5,119_5_5,812_?_?,,,,,,,,,,,,,,,,,,,,,,,,,,,,,,,,,,,
6015,99_4_9,126_5_5,123_10_10,124_5_5,157_5_5,812_?_?,,,,,,,,,,,,,,,,,,,,,,,,,,,,,,,,,,
6016,97_5_9,118_6_10,124_5_5,812_?_?,,,,,,,,,,,,,,,,,,,,,,,,,,,,,,,,,,,,
6017,100_3_10,123_5_5,124_6_10,155_5_5,812_?_?,,,,,,,,,,,,,,,,,,,,,,,,,,,,,,,,,,,
6018,98_7_9,123_5_5,812_?_?,,,,,,,,,,,,,,,,,,,,,,,,,,,,,,,,,,,,,
6019,97_7_8,123_5_5,125_10_10,812_?_?,,,,,,,,,,,,,,,,,,,,,,,,,,,,,,,,,,,,
6020,97_7_8,118_5_5,126_10_10,119_5_5,156_5_5,812_?_?,,,,,,,,,,,,,,,,,,,,,,,,,,,,,,,,,,
6021,100_5_10,124_5_5,812_?_?,,,,,,,,,,,,,,,,,,,,,,,,,,,,,,,,,,,,,
6022,100_7_10,118_5_5,119_10_10,153_9_10,812_?_?,,,,,,,,,,,,,,,,,,,,,,,,,,,,,,,,,,,
6023,100_6_8,123_10_10,125_15_15,157_9_10,812_?_?,,,,,,,,,,,,,,,,,,,,,,,,,,,,,,,,,,,
6024,100_3_9,119_5_5,124_5_5,812_?_?,,,,,,,,,,,,,,,,,,,,,,,,,,,,,,,,,,,,
6025,97_7_10,119_5_5,125_15_15,155_5_5,812_?_?,,,,,,,,,,,,,,,,,,,,,,,,,,,,,,,,,,,
6026,100_6_10,118_5_5,126_10_10,152_5_5,812_?_?,,,,,,,,,,,,,,,,,,,,,,,,,,,,,,,,,,,
6027,97_5_9,118_5_5,126_15_15,152_5_5,812_?_?,,,,,,,,,,,,,,,,,,,,,,,,,,,,,,,,,,,
6028,100_7_11,126_6_10,812_?_?,,,,,,,,,,,,,,,,,,,,,,,,,,,,,,,,,,,,,
6029,100_3_11,123_5_5,124_5_5,125_15_15,157_5_5,154_5_5,812_?_?,,,,,,,,,,,,,,,,,,,,,,,,,,,,,,,,,
6030,100_4_10,126_5_5,123_5_5,812_?_?,,,,,,,,,,,,,,,,,,,,,,,,,,,,,,,,,,,,
6031,97_7_10,119_5_5,125_10_10,157_5_5,812_?_?,,,,,,,,,,,,,,,,,,,,,,,,,,,,,,,,,,,
6032,100_5_9,126_10_10,125_15_15,812_?_?,,,,,,,,,,,,,,,,,,,,,,,,,,,,,,,,,,,,
6033,100_6_9,118_5_5,119_5_5,125_15_15,812_?_?,,,,,,,,,,,,,,,,,,,,,,,,,,,,,,,,,,,
6034,100_3_10,119_20_20,156_12_15,812_?_?,,,,,,,,,,,,,,,,,,,,,,,,,,,,,,,,,,,,
6035,100_8_9,118_5_5,126_15_15,156_5_5,812_?_?,,,,,,,,,,,,,,,,,,,,,,,,,,,,,,,,,,,
6036,98_5_10,126_5_5,123_5_5,154_5_5,812_?_?,,,,,,,,,,,,,,,,,,,,,,,,,,,,,,,,,,,
6037,97_5_12,124_10_10,155_9_10,154_5_5,812_?_?,,,,,,,,,,,,,,,,,,,,,,,,,,,,,,,,,,,
6038,96_3_11,118_15_15,812_?_?,,,,,,,,,,,,,,,,,,,,,,,,,,,,,,,,,,,,,
6039,99_4_10,124_6_10,812_?_?,,,,,,,,,,,,,,,,,,,,,,,,,,,,,,,,,,,,,
6040,99_6_10,124_10_10,155_5_5,154_5_5,812_?_?,,,,,,,,,,,,,,,,,,,,,,,,,,,,,,,,,,,
6041,100_3_10,118_5_5,119_15_15,156_12_15,812_?_?,,,,,,,,,,,,,,,,,,,,,,,,,,,,,,,,,,,
6042,100_6_11,126_10_10,123_5_5,119_5_5,156_5_5,153_5_5,812_?_?,,,,,,,,,,,,,,,,,,,,,,,,,,,,,,,,,
6043,98_6_10,124_6_10,155_5_5,812_?_?,,,,,,,,,,,,,,,,,,,,,,,,,,,,,,,,,,,,
6044,97_9_10,118_9_15,812_?_?,,,,,,,,,,,,,,,,,,,,,,,,,,,,,,,,,,,,,
6045,97_9_10,126_5_5,119_10_10,157_9_10,812_?_?,,,,,,,,,,,,,,,,,,,,,,,,,,,,,,,,,,,
6046,99_7_10,118_10_10,119_5_5,124_5_5,155_16_20,812_?_?,,,,,,,,,,,,,,,,,,,,,,,,,,,,,,,,,,
6047,97_4_12,123_10_10,155_9_10,812_?_?,,,,,,,,,,,,,,,,,,,,,,,,,,,,,,,,,,,,
6048,96_4_11,124_10_10,152_5_5,812_?_?,,,,,,,,,,,,,,,,,,,,,,,,,,,,,,,,,,,,
6049,100_7_11,118_9_15,812_?_?,,,,,,,,,,,,,,,,,,,,,,,,,,,,,,,,,,,,,
6050,97_6_12,123_15_15,155_9_10,153_9_10,812_?_?,,,,,,,,,,,,,,,,,,,,,,,,,,,,,,,,,,,
6051,100_9_12,123_5_5,156_5_5,812_?_?,,,,,,,,,,,,,,,,,,,,,,,,,,,,,,,,,,,,
6052,100_4_12,155_9_10,812_?_?,,,,,,,,,,,,,,,,,,,,,,,,,,,,,,,,,,,,,
6053,100_5_12,126_15_15,125_10_10,157_20_25,812_?_?,,,,,,,,,,,,,,,,,,,,,,,,,,,,,,,,,,,
6054,96_9_12,118_15_15,125_5_5,154_5_5,812_?_?,,,,,,,,,,,,,,,,,,,,,,,,,,,,,,,,,,,
6055,100_5_11,119_10_10,125_5_5,157_9_10,812_?_?,,,,,,,,,,,,,,,,,,,,,,,,,,,,,,,,,,,
6056,98_5_11,126_10_10,123_5_5,124_5_5,154_5_5,812_?_?,,,,,,,,,,,,,,,,,,,,,,,,,,,,,,,,,,
6057,100_4_12,126_10_10,119_5_5,125_15_15,152_5_5,812_?_?,,,,,,,,,,,,,,,,,,,,,,,,,,,,,,,,,,
6058,98_4_11,125_15_15,812_?_?,,,,,,,,,,,,,,,,,,,,,,,,,,,,,,,,,,,,,
6059,97_8_13,118_5_5,119_5_5,152_5_5,812_?_?,,,,,,,,,,,,,,,,,,,,,,,,,,,,,,,,,,,
6060,97_5_12,119_5_5,812_?_?,,,,,,,,,,,,,,,,,,,,,,,,,,,,,,,,,,,,,
6061,96_5_11,124_6_10,157_5_5,812_?_?,,,,,,,,,,,,,,,,,,,,,,,,,,,,,,,,,,,,
6062,100_6_12,119_20_20,125_5_5,156_20_25,812_?_?,,,,,,,,,,,,,,,,,,,,,,,,,,,,,,,,,,,
6063,98_10_12,123_10_10,157_16_20,812_?_?,,,,,,,,,,,,,,,,,,,,,,,,,,,,,,,,,,,,
6064,99_7_13,119_10_10,156_5_5,812_?_?,,,,,,,,,,,,,,,,,,,,,,,,,,,,,,,,,,,,
6065,98_9_14,126_15_15,156_9_10,812_?_?,,,,,,,,,,,,,,,,,,,,,,,,,,,,,,,,,,,,
6066,96_5_12,123_5_5,125_5_5,812_?_?,,,,,,,,,,,,,,,,,,,,,,,,,,,,,,,,,,,,
6067,96_9_14,126_5_5,119_5_5,152_5_5,812_?_?,,,,,,,,,,,,,,,,,,,,,,,,,,,,,,,,,,,
6068,96_4_13,126_5_5,123_6_10,812_?_?,,,,,,,,,,,,,,,,,,,,,,,,,,,,,,,,,,,,
6069,100_5_12,126_15_15,812_?_?,,,,,,,,,,,,,,,,,,,,,,,,,,,,,,,,,,,,,
6070,96_8_13,123_5_5,119_5_5,153_12_15,812_?_?,,,,,,,,,,,,,,,,,,,,,,,,,,,,,,,,,,,
6071,100_6_12,118_15_15,155_9_10,812_?_?,,,,,,,,,,,,,,,,,,,,,,,,,,,,,,,,,,,,
6072,99_11_14,126_6_10,812_?_?,,,,,,,,,,,,,,,,,,,,,,,,,,,,,,,,,,,,,
6073,97_7_14,118_9_30,119_5_5,156_9_10,153_9_10,812_?_?,,,,,,,,,,,,,,,,,,,,,,,,,,,,,,,,,,
6074,99_11_14,119_10_10,152_5_5,153_9_10,812_?_?,,,,,,,,,,,,,,,,,,,,,,,,,,,,,,,,,,,
6075,100_5_12,124_10_10,153_12_15,812_10_10,,,,,,,,,,,,,,,,,,,,,,,,,,,,,,,,,,,,
6076,100_7_13,118_5_5,124_5_5,152_5_5,812_10_10,,,,,,,,,,,,,,,,,,,,,,,,,,,,,,,,,,,
6077,96_11_13,125_5_5,157_5_5,812_10_10,,,,,,,,,,,,,,,,,,,,,,,,,,,,,,,,,,,,
6078,100_11_13,119_5_5,155_9_10,812_10_10,,,,,,,,,,,,,,,,,,,,,,,,,,,,,,,,,,,,
6079,97_8_13,118_11_15,812_10_10,,,,,,,,,,,,,,,,,,,,,,,,,,,,,,,,,,,,,
6080,96_5_13,157_5_5,812_10_10,,,,,,,,,,,,,,,,,,,,,,,,,,,,,,,,,,,,,
6081,96_11_13,119_10_10,157_5_5,153_9_10,812_11_11,,,,,,,,,,,,,,,,,,,,,,,,,,,,,,,,,,,
6082,98_11_14,119_5_5,157_5_5,812_11_11,,,,,,,,,,,,,,,,,,,,,,,,,,,,,,,,,,,,
6083,100_8_13,123_5_5,812_11_11,,,,,,,,,,,,,,,,,,,,,,,,,,,,,,,,,,,,,
6084,97_10_15,124_5_5,157_12_15,812_11_11,,,,,,,,,,,,,,,,,,,,,,,,,,,,,,,,,,,,
6085,100_12_14,118_15_15,152_9_10,154_9_10,812_11_11,,,,,,,,,,,,,,,,,,,,,,,,,,,,,,,,,,,
6086,99_10_13,126_20_20,125_5_5,152_12_15,156_9_10,812_11_11,,,,,,,,,,,,,,,,,,,,,,,,,,,,,,,,,,
6087,96_12_13,118_15_15,155_9_10,812_12_12,,,,,,,,,,,,,,,,,,,,,,,,,,,,,,,,,,,,
6088,100_7_15,118_11_20,152_9_10,153_5_5,812_12_12,,,,,,,,,,,,,,,,,,,,,,,,,,,,,,,,,,,
6089,100_11_13,153_9_10,812_12_12,,,,,,,,,,,,,,,,,,,,,,,,,,,,,,,,,,,,,
6090,100_8_14,123_10_10,154_12_15,812_12_12,,,,,,,,,,,,,,,,,,,,,,,,,,,,,,,,,,,,
6091,100_12_13,125_20_20,155_9_10,812_12_12,,,,,,,,,,,,,,,,,,,,,,,,,,,,,,,,,,,,
6092,100_5_13,118_11_20,124_6_10,154_9_10,153_9_10,812_12_12,,,,,,,,,,,,,,,,,,,,,,,,,,,,,,,,,,
6093,98_10_14,119_10_10,157_12_15,812_13_13,,,,,,,,,,,,,,,,,,,,,,,,,,,,,,,,,,,,
6094,100_10_13,124_10_10,157_5_5,812_13_13,,,,,,,,,,,,,,,,,,,,,,,,,,,,,,,,,,,,
6095,97_7_13,119_15_15,157_12_15,153_5_5,812_13_13,,,,,,,,,,,,,,,,,,,,,,,,,,,,,,,,,,,
6096,100_9_16,123_5_5,119_5_5,156_5_5,812_13_13,,,,,,,,,,,,,,,,,,,,,,,,,,,,,,,,,,,
6097,97_9_16,123_10_10,157_5_5,155_9_10,812_13_13,,,,,,,,,,,,,,,,,,,,,,,,,,,,,,,,,,,
6098,100_7_15,118_20_20,123_5_5,155_24_30,812_13_13,,,,,,,,,,,,,,,,,,,,,,,,,,,,,,,,,,,
6099,98_12_15,126_5_5,156_12_15,812_14_14,,,,,,,,,,,,,,,,,,,,,,,,,,,,,,,,,,,,
6100,98_11_15,123_15_15,155_27_35,812_14_14,,,,,,,,,,,,,,,,,,,,,,,,,,,,,,,,,,,,
6101,100_8_14,124_6_10,152_5_5,812_14_14,,,,,,,,,,,,,,,,,,,,,,,,,,,,,,,,,,,,
6102,97_12_16,123_15_15,156_12_15,153_9_10,812_14_14,,,,,,,,,,,,,,,,,,,,,,,,,,,,,,,,,,,
6103,100_9_15,118_5_5,123_10_10,153_9_10,812_14_14,,,,,,,,,,,,,,,,,,,,,,,,,,,,,,,,,,,
6104,100_7_15,119_20_20,152_16_20,153_9_10,812_14_14,,,,,,,,,,,,,,,,,,,,,,,,,,,,,,,,,,,
6105,100_8_15,123_15_15,153_9_10,812_15_15,,,,,,,,,,,,,,,,,,,,,,,,,,,,,,,,,,,,
6106,100_9_15,118_5_5,124_10_10,152_12_15,154_5_5,812_15_15,,,,,,,,,,,,,,,,,,,,,,,,,,,,,,,,,,
6107,100_8_16,123_20_20,154_12_15,156_12_15,812_15_15,,,,,,,,,,,,,,,,,,,,,,,,,,,,,,,,,,,
6108,100_7_15,124_10_10,155_16_20,152_5_5,812_15_15,,,,,,,,,,,,,,,,,,,,,,,,,,,,,,,,,,,
6109,96_6_16,119_10_10,157_16_20,812_15_15,,,,,,,,,,,,,,,,,,,,,,,,,,,,,,,,,,,,
6110,100_10_16,118_9_15,126_6_10,125_5_5,152_12_15,156_9_10,812_15_15,,,,,,,,,,,,,,,,,,,,,,,,,,,,,,,,,
6111,100_11_15,126_10_10,812_16_16,,,,,,,,,,,,,,,,,,,,,,,,,,,,,,,,,,,,,
6112,100_8_16,124_5_5,812_16_16,,,,,,,,,,,,,,,,,,,,,,,,,,,,,,,,,,,,,
6113,97_11_14,125_35_35,157_16_20,812_16_16,,,,,,,,,,,,,,,,,,,,,,,,,,,,,,,,,,,,
6114,97_7_15,126_25_25,152_5_5,153_9_10,812_16_16,,,,,,,,,,,,,,,,,,,,,,,,,,,,,,,,,,,
6115,97_9_17,126_15_15,157_12_15,154_5_5,812_16_16,,,,,,,,,,,,,,,,,,,,,,,,,,,,,,,,,,,
6116,96_11_17,155_16_20,812_16_16,,,,,,,,,,,,,,,,,,,,,,,,,,,,,,,,,,,,,
6117,100_14_17,119_5_5,125_5_5,155_12_15,812_17_17,,,,,,,,,,,,,,,,,,,,,,,,,,,,,,,,,,,
6118,97_13_16,118_15_15,154_27_35,812_17_17,,,,,,,,,,,,,,,,,,,,,,,,,,,,,,,,,,,,
6119,100_7_17,118_30_30,154_16_20,812_17_17,,,,,,,,,,,,,,,,,,,,,,,,,,,,,,,,,,,,
6120,97_13_17,118_10_10,155_9_10,156_5_5,812_17_17,,,,,,,,,,,,,,,,,,,,,,,,,,,,,,,,,,,
6121,97_7_17,124_10_10,157_16_20,155_9_10,812_17_17,,,,,,,,,,,,,,,,,,,,,,,,,,,,,,,,,,,
6122,100_12_15,126_20_20,153_20_25,812_17_17,,,,,,,,,,,,,,,,,,,,,,,,,,,,,,,,,,,,
6123,96_7_16,126_15_15,125_35_35,156_12_15,812_18_18,,,,,,,,,,,,,,,,,,,,,,,,,,,,,,,,,,,
6124,100_14_17,154_12_15,156_9_10,812_18_18,,,,,,,,,,,,,,,,,,,,,,,,,,,,,,,,,,,,
6125,100_12_17,125_6_10,812_18_18,,,,,,,,,,,,,,,,,,,,,,,,,,,,,,,,,,,,,
6126,96_14_16,123_10_10,155_24_30,812_18_18,,,,,,,,,,,,,,,,,,,,,,,,,,,,,,,,,,,,
6127,100_13_15,119_15_15,155_16_20,152_12_15,812_18_18,,,,,,,,,,,,,,,,,,,,,,,,,,,,,,,,,,,
6128,99_9_15,119_5_5,812_18_18,,,,,,,,,,,,,,,,,,,,,,,,,,,,,,,,,,,,,
6129,100_14_16,124_5_5,125_5_5,152_12_15,154_5_5,812_19_19,,,,,,,,,,,,,,,,,,,,,,,,,,,,,,,,,,
6130,96_10_16,123_20_20,156_12_15,812_19_19,,,,,,,,,,,,,,,,,,,,,,,,,,,,,,,,,,,,
6131,100_6_15,123_15_15,125_31_70,155_11_15,154_66_70,812_19_19,,,,,,,,,,,,,,,,,,,,,,,,,,,,,,,,,,
6132,100_10_17,154_27_35,812_19_19,,,,,,,,,,,,,,,,,,,,,,,,,,,,,,,,,,,,,
6133,97_11_16,126_10_10,156_5_5,812_19_19,,,,,,,,,,,,,,,,,,,,,,,,,,,,,,,,,,,,
6134,100_9_16,124_16_20,812_19_19,,,,,,,,,,,,,,,,,,,,,,,,,,,,,,,,,,,,,
6135,100_13_16,118_5_5,125_30_30,155_12_15,154_5_5,812_?_?,,,,,,,,,,,,,,,,,,,,,,,,,,,,,,,,,,
6136,100_10_16,118_5_5,125_20_20,154_9_10,812_?_?,,,,,,,,,,,,,,,,,,,,,,,,,,,,,,,,,,,
6137,97_12_17,125_40_40,155_16_20,152_9_10,812_?_?,,,,,,,,,,,,,,,,,,,,,,,,,,,,,,,,,,,
6138,100_10_20,118_5_5,124_6_10,155_5_5,812_?_?,,,,,,,,,,,,,,,,,,,,,,,,,,,,,,,,,,,
6139,97_17_22,152_5_5,153_9_10,812_?_?,,,,,,,,,,,,,,,,,,,,,,,,,,,,,,,,,,,,
6140,100_8_20,119_10_10,124_15_15,157_46_60,812_?_?,,,,,,,,,,,,,,,,,,,,,,,,,,,,,,,,,,,
6141,100_7_22,126_15_15,154_5_5,812_?_?,,,,,,,,,,,,,,,,,,,,,,,,,,,,,,,,,,,,
6142,97_15_22,155_5_5,156_5_5,812_?_?,,,,,,,,,,,,,,,,,,,,,,,,,,,,,,,,,,,,
6143,100_17_22,155_9_10,812_?_?,,,,,,,,,,,,,,,,,,,,,,,,,,,,,,,,,,,,,
6144,97_12_21,123_15_15,157_12_15,154_12_15,812_?_?,,,,,,,,,,,,,,,,,,,,,,,,,,,,,,,,,,,
6145,100_13_22,155_31_40,812_?_?,,,,,,,,,,,,,,,,,,,,,,,,,,,,,,,,,,,,,
6146,98_10_21,118_45_45,156_20_25,812_?_?,,,,,,,,,,,,,,,,,,,,,,,,,,,,,,,,,,,,
6147,97_11_22,123_20_20,125_5_5,155_16_20,154_12_15,812_?_?,,,,,,,,,,,,,,,,,,,,,,,,,,,,,,,,,,
6148,97_11_22,125_10_10,157_9_10,156_9_10,812_?_?,,,,,,,,,,,,,,,,,,,,,,,,,,,,,,,,,,,
6149,100_16_23,125_5_5,152_5_5,812_?_?,,,,,,,,,,,,,,,,,,,,,,,,,,,,,,,,,,,,
6150,99_16_21,124_5_5,155_9_10,812_?_?,,,,,,,,,,,,,,,,,,,,,,,,,,,,,,,,,,,,
6151,96_15_23,126_5_5,152_5_5,812_?_?,,,,,,,,,,,,,,,,,,,,,,,,,,,,,,,,,,,,
6152,96_10_21,154_9_10,812_?_?,,,,,,,,,,,,,,,,,,,,,,,,,,,,,,,,,,,,,
6153,100_16_21,118_5_5,152_9_10,812_?_?,,,,,,,,,,,,,,,,,,,,,,,,,,,,,,,,,,,,
6154,97_7_21,124_5_5,125_5_5,812_?_?,,,,,,,,,,,,,,,,,,,,,,,,,,,,,,,,,,,,
6155,99_8_21,124_9_15,812_?_?,,,,,,,,,,,,,,,,,,,,,,,,,,,,,,,,,,,,,
6156,100_14_23,118_5_5,155_20_25,154_5_5,812_?_?,,,,,,,,,,,,,,,,,,,,,,,,,,,,,,,,,,,
6157,97_11_21,123_15_15,125_15_15,157_5_5,154_12_15,812_?_?,,,,,,,,,,,,,,,,,,,,,,,,,,,,,,,,,,
6158,100_9_21,118_11_20,812_?_?,,,,,,,,,,,,,,,,,,,,,,,,,,,,,,,,,,,,,
6159,100_15_21,118_5_5,125_5_5,812_?_?,,,,,,,,,,,,,,,,,,,,,,,,,,,,,,,,,,,,
6160,100_11_23,125_45_45,155_12_15,152_16_20,812_?_?,,,,,,,,,,,,,,,,,,,,,,,,,,,,,,,,,,,
6161,98_15_21,126_25_25,154_5_5,153_24_30,812_?_?,,,,,,,,,,,,,,,,,,,,,,,,,,,,,,,,,,,
6162,100_9_24,124_10_10,125_10_10,157_5_5,152_9_10,812_?_?,,,,,,,,,,,,,,,,,,,,,,,,,,,,,,,,,,
6163,96_17_22,152_20_25,154_9_10,812_?_?,,,,,,,,,,,,,,,,,,,,,,,,,,,,,,,,,,,,
6164,100_14_22,119_20_20,157_16_20,155_16_20,812_?_?,,,,,,,,,,,,,,,,,,,,,,,,,,,,,,,,,,,
6165,100_16_23,124_10_10,125_5_5,157_20_25,152_20_25,812_?_?,,,,,,,,,,,,,,,,,,,,,,,,,,,,,,,,,,
6166,100_15_24,124_10_10,155_12_15,153_16_20,812_?_?,,,,,,,,,,,,,,,,,,,,,,,,,,,,,,,,,,,
6167,100_11_24,118_5_5,126_20_20,125_5_5,152_16_20,812_?_?,,,,,,,,,,,,,,,,,,,,,,,,,,,,,,,,,,
6168,100_18_24,119_20_20,156_24_30,153_16_20,812_?_?,,,,,,,,,,,,,,,,,,,,,,,,,,,,,,,,,,,
6169,97_15_22,124_20_20,153_46_60,812_?_?,,,,,,,,,,,,,,,,,,,,,,,,,,,,,,,,,,,,
6170,100_9_23,123_30_30,155_20_25,154_20_25,812_?_?,,,,,,,,,,,,,,,,,,,,,,,,,,,,,,,,,,,
6171,97_17_23,157_5_5,156_12_15,812_20_20,,,,,,,,,,,,,,,,,,,,,,,,,,,,,,,,,,,,
6172,99_8_22,123_5_5,124_10_10,155_16_20,812_20_20,,,,,,,,,,,,,,,,,,,,,,,,,,,,,,,,,,,
6173,96_8_23,118_10_10,125_60_60,156_5_5,812_20_20,,,,,,,,,,,,,,,,,,,,,,,,,,,,,,,,,,,
6174,99_8_22,118_50_50,125_5_5,155_5_5,152_5_5,812_20_20,,,,,,,,,,,,,,,,,,,,,,,,,,,,,,,,,,
6175,98_16_22,124_15_15,152_20_25,154_16_20,812_20_20,,,,,,,,,,,,,,,,,,,,,,,,,,,,,,,,,,,
6176,100_14_23,126_15_15,119_5_5,152_20_25,812_20_20,,,,,,,,,,,,,,,,,,,,,,,,,,,,,,,,,,,
6177,100_8_23,119_35_35,125_5_5,157_12_15,155_24_30,812_21_21,,,,,,,,,,,,,,,,,,,,,,,,,,,,,,,,,,
6178,98_11_22,124_20_20,157_24_30,155_5_5,812_21_21,,,,,,,,,,,,,,,,,,,,,,,,,,,,,,,,,,,
6179,100_12_22,126_20_20,152_12_15,812_21_21,,,,,,,,,,,,,,,,,,,,,,,,,,,,,,,,,,,,
6180,100_12_23,118_20_20,123_15_15,125_35_35,155_24_30,156_16_20,812_21_21,,,,,,,,,,,,,,,,,,,,,,,,,,,,,,,,,
6181,100_17_23,118_15_15,155_9_10,152_24_30,812_21_21,,,,,,,,,,,,,,,,,,,,,,,,,,,,,,,,,,,
6182,97_8_24,124_20_20,125_20_20,155_16_20,154_20_25,812_21_21,,,,,,,,,,,,,,,,,,,,,,,,,,,,,,,,,,
6183,100_18_24,126_10_10,156_5_5,812_22_22,,,,,,,,,,,,,,,,,,,,,,,,,,,,,,,,,,,,
6184,99_17_24,119_10_10,152_5_5,153_5_5,812_22_22,,,,,,,,,,,,,,,,,,,,,,,,,,,,,,,,,,,
6185,97_15_23,126_10_10,125_45_45,157_20_25,812_22_22,,,,,,,,,,,,,,,,,,,,,,,,,,,,,,,,,,,
6186,96_14_23,119_25_25,156_16_20,812_22_22,,,,,,,,,,,,,,,,,,,,,,,,,,,,,,,,,,,,
6187,100_10_23,123_40_40,155_24_30,154_24_30,812_22_22,,,,,,,,,,,,,,,,,,,,,,,,,,,,,,,,,,,
6188,97_18_25,125_5_5,154_12_15,812_22_22,,,,,,,,,,,,,,,,,,,,,,,,,,,,,,,,,,,,
6189,96_12_25,123_5_5,812_23_23,,,,,,,,,,,,,,,,,,,,,,,,,,,,,,,,,,,,,
6190,97_10_23,118_20_20,119_25_25,155_24_30,812_23_23,,,,,,,,,,,,,,,,,,,,,,,,,,,,,,,,,,,
6191,96_13_25,126_5_5,119_5_5,125_35_35,152_24_30,812_23_23,,,,,,,,,,,,,,,,,,,,,,,,,,,,,,,,,,
6192,99_11_24,126_45_45,152_24_30,156_5_5,812_23_23,,,,,,,,,,,,,,,,,,,,,,,,,,,,,,,,,,,
6193,100_15_23,123_35_35,157_12_15,156_24_30,812_23_23,,,,,,,,,,,,,,,,,,,,,,,,,,,,,,,,,,,
6194,100_10_24,124_15_15,125_5_5,155_24_30,812_23_23,,,,,,,,,,,,,,,,,,,,,,,,,,,,,,,,,,,
6195,98_16_23,118_50_50,152_39_50,812_24_24,,,,,,,,,,,,,,,,,,,,,,,,,,,,,,,,,,,,
6196,100_15_25,125_75_75,157_24_30,152_12_15,812_24_24,,,,,,,,,,,,,,,,,,,,,,,,,,,,,,,,,,,
6197,97_17_23,118_21_60,156_24_30,153_5_5,812_24_24,,,,,,,,,,,,,,,,,,,,,,,,,,,,,,,,,,,
6198,100_13_25,123_5_5,155_16_20,812_24_24,,,,,,,,,,,,,,,,,,,,,,,,,,,,,,,,,,,,
6199,98_11_23,118_15_15,123_40_40,154_16_20,156_20_25,812_24_24,,,,,,,,,,,,,,,,,,,,,,,,,,,,,,,,,,
6200,100_13_25,124_15_15,125_5_5,157_16_20,812_24_24,,,,,,,,,,,,,,,,,,,,,,,,,,,,,,,,,,,
6201,98_9_25,124_35_35,154_20_25,153_27_35,812_25_25,,,,,,,,,,,,,,,,,,,,,,,,,,,,,,,,,,,
6202,99_18_24,119_25_25,152_12_15,153_20_25,812_25_25,,,,,,,,,,,,,,,,,,,,,,,,,,,,,,,,,,,
6203,97_18_26,155_31_40,812_25_25,,,,,,,,,,,,,,,,,,,,,,,,,,,,,,,,,,,,,
6204,96_9_24,119_35_35,155_12_15,812_25_25,,,,,,,,,,,,,,,,,,,,,,,,,,,,,,,,,,,,
6205,97_12_25,124_9_15,153_5_5,812_25_25,,,,,,,,,,,,,,,,,,,,,,,,,,,,,,,,,,,,
6206,98_14_26,126_5_5,119_5_5,152_5_5,812_25_25,,,,,,,,,,,,,,,,,,,,,,,,,,,,,,,,,,,
6207,97_17_26,118_5_5,124_5_5,152_9_10,812_26_26,,,,,,,,,,,,,,,,,,,,,,,,,,,,,,,,,,,
6208,100_17_26,119_20_20,157_12_15,152_9_10,812_26_26,,,,,,,,,,,,,,,,,,,,,,,,,,,,,,,,,,,
6209,100_13_26,119_9_15,125_21_40,155_12_15,812_26_26,,,,,,,,,,,,,,,,,,,,,,,,,,,,,,,,,,,
6210,100_16_24,124_20_20,153_24_30,812_26_26,,,,,,,,,,,,,,,,,,,,,,,,,,,,,,,,,,,,
6211,96_12_26,126_30_30,124_5_5,152_12_15,812_26_26,,,,,,,,,,,,,,,,,,,,,,,,,,,,,,,,,,,
6212,98_18_25,152_9_10,154_9_10,812_26_26,,,,,,,,,,,,,,,,,,,,,,,,,,,,,,,,,,,,
6213,100_13_26,125_29_55,155_12_15,152_9_10,812_27_27,,,,,,,,,,,,,,,,,,,,,,,,,,,,,,,,,,,
6214,97_18_25,126_10_10,156_9_10,153_20_25,812_27_27,,,,,,,,,,,,,,,,,,,,,,,,,,,,,,,,,,,
6215,97_11_24,126_20_20,119_5_5,125_5_5,812_27_27,,,,,,,,,,,,,,,,,,,,,,,,,,,,,,,,,,,
6216,98_17_24,118_20_20,126_25_25,154_5_5,156_9_10,812_27_27,,,,,,,,,,,,,,,,,,,,,,,,,,,,,,,,,,
6217,98_14_26,155_16_20,812_27_27,,,,,,,,,,,,,,,,,,,,,,,,,,,,,,,,,,,,,
6218,100_10_25,126_65_65,123_5_5,156_24_30,812_27_27,,,,,,,,,,,,,,,,,,,,,,,,,,,,,,,,,,,
6219,97_11_26,119_30_30,812_28_28,,,,,,,,,,,,,,,,,,,,,,,,,,,,,,,,,,,,,
6220,100_9_27,119_25_25,124_5_5,153_24_30,812_28_28,,,,,,,,,,,,,,,,,,,,,,,,,,,,,,,,,,,
6221,97_15_27,123_30_30,125_5_5,157_16_20,154_16_20,812_28_28,,,,,,,,,,,,,,,,,,,,,,,,,,,,,,,,,,
6222,99_13_27,126_19_55,157_16_20,153_24_30,812_28_28,,,,,,,,,,,,,,,,,,,,,,,,,,,,,,,,,,,
6223,99_13_27,119_45_45,124_5_5,153_50_65,812_28_28,,,,,,,,,,,,,,,,,,,,,,,,,,,,,,,,,,,
6224,98_10_26,123_60_60,157_72_95,812_28_28,,,,,,,,,,,,,,,,,,,,,,,,,,,,,,,,,,,,
6225,98_14_25,123_30_30,155_9_10,153_12_15,812_29_29,,,,,,,,,,,,,,,,,,,,,,,,,,,,,,,,,,,
6226,100_16_26,123_15_15,812_29_29,,,,,,,,,,,,,,,,,,,,,,,,,,,,,,,,,,,,,
6227,100_13_26,126_25_25,125_5_5,152_9_10,154_20_25,812_29_29,,,,,,,,,,,,,,,,,,,,,,,,,,,,,,,,,,
6228,98_14_27,126_21_40,157_12_15,812_29_29,,,,,,,,,,,,,,,,,,,,,,,,,,,,,,,,,,,,
6229,100_13_27,126_15_15,123_20_20,119_5_5,125_20_20,157_12_15,812_29_29,,,,,,,,,,,,,,,,,,,,,,,,,,,,,,,,,
6230,98_12_25,119_4_10,124_9_25,152_16_20,812_29_29,,,,,,,,,,,,,,,,,,,,,,,,,,,,,,,,,,,
6231,96_11_26,119_30_30,812_?_?,,,,,,,,,,,,,,,,,,,,,,,,,,,,,,,,,,,,,
6232,99_13_25,118_26_50,126_9_15,125_31_60,152_5_5,156_24_30,812_?_?,,,,,,,,,,,,,,,,,,,,,,,,,,,,,,,,,
6233,100_10_25,118_19_55,125_21_60,155_5_5,812_?_?,,,,,,,,,,,,,,,,,,,,,,,,,,,,,,,,,,,
6234,100_16_25,119_30_30,153_16_20,812_?_?,,,,,,,,,,,,,,,,,,,,,,,,,,,,,,,,,,,,
6235,100_18_27,119_14_25,153_5_5,812_?_?,,,,,,,,,,,,,,,,,,,,,,,,,,,,,,,,,,,,
6236,100_15_26,126_55_55,154_31_40,812_?_?,,,,,,,,,,,,,,,,,,,,,,,,,,,,,,,,,,,,
6237,100_14_25,123_30_30,125_5_5,157_5_5,812_?_?,,,,,,,,,,,,,,,,,,,,,,,,,,,,,,,,,,,
6238,97_16_26,126_45_45,152_5_5,153_9_10,812_?_?,,,,,,,,,,,,,,,,,,,,,,,,,,,,,,,,,,,
6239,99_12_27,126_9_15,119_6_10,125_9_15,157_5_5,812_?_?,,,,,,,,,,,,,,,,,,,,,,,,,,,,,,,,,,
6240,100_15_27,118_5_5,119_30_30,153_16_20,812_?_?,,,,,,,,,,,,,,,,,,,,,,,,,,,,,,,,,,,
6241,96_17_27,119_15_15,125_5_5,152_31_40,812_?_?,,,,,,,,,,,,,,,,,,,,,,,,,,,,,,,,,,,
6242,99_16_26,126_18_50,154_9_10,156_9_10,812_?_?,,,,,,,,,,,,,,,,,,,,,,,,,,,,,,,,,,,
6243,100_10_26,118_19_55,125_24_70,812_?_?,,,,,,,,,,,,,,,,,,,,,,,,,,,,,,,,,,,,
6244,100_12_28,123_30_30,154_24_30,812_?_?,,,,,,,,,,,,,,,,,,,,,,,,,,,,,,,,,,,,
6245,98_19_26,123_35_35,156_9_10,153_5_5,812_?_?,,,,,,,,,,,,,,,,,,,,,,,,,,,,,,,,,,,
6246,100_19_26,126_5_5,125_5_5,157_5_5,812_?_?,,,,,,,,,,,,,,,,,,,,,,,,,,,,,,,,,,,
6247,100_11_28,118_18_50,126_5_5,119_6_15,153_9_10,812_?_?,,,,,,,,,,,,,,,,,,,,,,,,,,,,,,,,,,
6248,100_15_26,118_14_25,123_16_30,125_9_15,156_24_30,812_?_?,,,,,,,,,,,,,,,,,,,,,,,,,,,,,,,,,,
6249,98_15_28,124_9_25,153_9_10,812_?_?,,,,,,,,,,,,,,,,,,,,,,,,,,,,,,,,,,,,
6250,97_10_26,119_50_50,156_20_25,812_?_?,,,,,,,,,,,,,,,,,,,,,,,,,,,,,,,,,,,,
6251,99_15_27,125_55_55,156_12_15,812_?_?,,,,,,,,,,,,,,,,,,,,,,,,,,,,,,,,,,,,
6252,99_19_28,126_5_5,123_10_10,124_5_5,125_25_25,157_24_30,812_?_?,,,,,,,,,,,,,,,,,,,,,,,,,,,,,,,,,
6253,96_15_27,119_60_60,125_5_5,155_16_20,156_35_45,812_?_?,,,,,,,,,,,,,,,,,,,,,,,,,,,,,,,,,,
6254,98_18_27,126_5_5,119_6_10,125_36_70,157_12_15,812_?_?,,,,,,,,,,,,,,,,,,,,,,,,,,,,,,,,,,
6255,98_19_27,156_5_5,812_?_?,,,,,,,,,,,,,,,,,,,,,,,,,,,,,,,,,,,,,
6256,96_18_26,126_20_20,153_9_10,812_?_?,,,,,,,,,,,,,,,,,,,,,,,,,,,,,,,,,,,,
6257,99_11_26,118_15_15,119_55_55,156_20_25,812_?_?,,,,,,,,,,,,,,,,,,,,,,,,,,,,,,,,,,,
6258,100_12_26,118_20_75,124_5_15,125_5_5,152_20_25,812_?_?,,,,,,,,,,,,,,,,,,,,,,,,,,,,,,,,,,
6259,99_14_27,126_10_10,156_9_10,812_?_?,,,,,,,,,,,,,,,,,,,,,,,,,,,,,,,,,,,,
6260,100_12_27,123_75_75,157_20_25,156_27_35,812_?_?,,,,,,,,,,,,,,,,,,,,,,,,,,,,,,,,,,,
6261,97_19_28,125_5_5,152_12_15,812_?_?,,,,,,,,,,,,,,,,,,,,,,,,,,,,,,,,,,,,
6262,100_20_28,119_10_10,125_5_5,152_27_35,812_?_?,,,,,,,,,,,,,,,,,,,,,,,,,,,,,,,,,,,
6263,97_15_27,126_40_40,123_25_25,157_27_35,154_12_15,812_?_?,,,,,,,,,,,,,,,,,,,,,,,,,,,,,,,,,,
6264,100_12_29,124_10_10,155_12_15,812_?_?,,,,,,,,,,,,,,,,,,,,,,,,,,,,,,,,,,,,
6265,100_17_27,124_35_35,153_24_30,812_?_?,,,,,,,,,,,,,,,,,,,,,,,,,,,,,,,,,,,,
6266,99_12_28,126_14_25,119_19_35,157_16_20,812_?_?,,,,,,,,,,,,,,,,,,,,,,,,,,,,,,,,,,,
6267,97_19_28,118_5_5,119_50_50,152_61_80,812_30_30,,,,,,,,,,,,,,,,,,,,,,,,,,,,,,,,,,,
6268,100_18_27,126_20_20,119_25_25,153_27_35,812_30_30,,,,,,,,,,,,,,,,,,,,,,,,,,,,,,,,,,,
6269,97_19_29,118_16_75,125_5_5,154_31_40,812_30_30,,,,,,,,,,,,,,,,,,,,,,,,,,,,,,,,,,,
6270,98_14_29,124_6_20,125_22_85,157_16_20,155_5_5,812_30_30,,,,,,,,,,,,,,,,,,,,,,,,,,,,,,,,,,
6271,100_16_27,126_55_55,119_25_25,125_5_5,152_54_70,812_30_30,,,,,,,,,,,,,,,,,,,,,,,,,,,,,,,,,,
6272,98_18_28,118_45_45,126_20_20,153_24_30,812_30_30,,,,,,,,,,,,,,,,,,,,,,,,,,,,,,,,,,,
6273,98_12_29,118_41_80,124_9_15,153_5_5,812_31_31,,,,,,,,,,,,,,,,,,,,,,,,,,,,,,,,,,,
6274,100_11_27,118_36_70,123_24_45,154_35_45,156_35_45,812_31_31,,,,,,,,,,,,,,,,,,,,,,,,,,,,,,,,,,
6275,97_16_29,123_60_60,154_57_75,812_31_31,,,,,,,,,,,,,,,,,,,,,,,,,,,,,,,,,,,,
6276,97_20_28,152_20_25,812_31_31,,,,,,,,,,,,,,,,,,,,,,,,,,,,,,,,,,,,,
6277,98_13_28,118_55_55,152_27_35,812_31_31,,,,,,,,,,,,,,,,,,,,,,,,,,,,,,,,,,,,
6278,98_19_29,125_44_85,157_5_5,812_31_31,,,,,,,,,,,,,,,,,,,,,,,,,,,,,,,,,,,,
6279,100_11_27,126_90_90,124_5_5,125_50_50,157_20_25,152_31_40,812_32_32,,,,,,,,,,,,,,,,,,,,,,,,,,,,,,,,,
6280,100_15_27,119_30_30,125_100_100,152_21_70,812_32_32,,,,,,,,,,,,,,,,,,,,,,,,,,,,,,,,,,,
6281,97_14_28,118_31_60,123_26_50,119_6_10,156_31_40,153_31_40,812_32_32,,,,,,,,,,,,,,,,,,,,,,,,,,,,,,,,,
6282,100_12_29,118_26_100,126_5_15,153_20_25,812_32_32,,,,,,,,,,,,,,,,,,,,,,,,,,,,,,,,,,,
6283,100_16_28,118_13_35,124_8_20,155_9_10,812_32_32,,,,,,,,,,,,,,,,,,,,,,,,,,,,,,,,,,,
6284,99_14_30,118_24_70,124_4_10,812_32_32,,,,,,,,,,,,,,,,,,,,,,,,,,,,,,,,,,,,
6285,100_18_29,119_75_75,152_20_25,156_35_45,812_33_33,,,,,,,,,,,,,,,,,,,,,,,,,,,,,,,,,,,
6286,100_15_28,118_21_60,126_11_30,125_13_35,152_12_15,812_33_33,,,,,,,,,,,,,,,,,,,,,,,,,,,,,,,,,,
6287,96_17_29,124_14_25,155_5_5,812_33_33,,,,,,,,,,,,,,,,,,,,,,,,,,,,,,,,,,,,
6288,99_20_33,119_16_30,125_29_55,157_24_30,812_33_33,,,,,,,,,,,,,,,,,,,,,,,,,,,,,,,,,,,
6289,100_13_32,118_5_5,124_20_20,153_20_25,812_33_33,,,,,,,,,,,,,,,,,,,,,,,,,,,,,,,,,,,
6290,99_17_32,126_46_90,152_27_35,153_20_25,812_33_33,,,,,,,,,,,,,,,,,,,,,,,,,,,,,,,,,,,
6291,100_19_31,118_24_90,124_4_10,154_35_45,812_34_34,,,,,,,,,,,,,,,,,,,,,,,,,,,,,,,,,,,
6292,97_15_31,124_29_55,154_20_25,153_35_45,812_34_34,,,,,,,,,,,,,,,,,,,,,,,,,,,,,,,,,,,
6293,96_22_33,123_9_25,125_26_75,154_31_40,812_34_34,,,,,,,,,,,,,,,,,,,,,,,,,,,,,,,,,,,
6294,100_17_31,126_26_50,124_9_15,812_34_34,,,,,,,,,,,,,,,,,,,,,,,,,,,,,,,,,,,,
6295,98_13_32,118_40_40,126_55_55,123_10_10,153_27_35,812_34_34,,,,,,,,,,,,,,,,,,,,,,,,,,,,,,,,,,
6296,98_15_32,124_25_25,152_24_30,812_34_34,,,,,,,,,,,,,,,,,,,,,,,,,,,,,,,,,,,,
6297,100_17_31,126_5_5,123_50_50,124_5_5,154_20_25,812_35_35,,,,,,,,,,,,,,,,,,,,,,,,,,,,,,,,,,
6298,100_20_33,126_34_65,125_46_90,154_20_25,156_39_50,812_35_35,,,,,,,,,,,,,,,,,,,,,,,,,,,,,,,,,,
6299,100_12_33,123_70_70,124_5_5,125_15_15,154_27_35,812_35_35,,,,,,,,,,,,,,,,,,,,,,,,,,,,,,,,,,
6300,97_13_31,119_50_50,812_35_35,,,,,,,,,,,,,,,,,,,,,,,,,,,,,,,,,,,,,
6301,97_15_31,119_90_90,125_25_25,152_16_20,156_39_50,812_35_35,,,,,,,,,,,,,,,,,,,,,,,,,,,,,,,,,,
6302,98_15_32,118_10_10,124_55_55,154_24_30,153_31_40,812_35_35,,,,,,,,,,,,,,,,,,,,,,,,,,,,,,,,,,
6303,100_16_34,124_24_45,125_11_20,154_35_45,812_36_36,,,,,,,,,,,,,,,,,,,,,,,,,,,,,,,,,,,
6304,97_21_32,126_20_20,119_20_20,125_35_35,156_39_50,812_36_36,,,,,,,,,,,,,,,,,,,,,,,,,,,,,,,,,,
6305,96_22_34,124_8_20,125_26_75,155_27_35,154_9_10,812_36_36,,,,,,,,,,,,,,,,,,,,,,,,,,,,,,,,,,
6306,96_23_34,118_100_100,152_39_50,812_36_36,,,,,,,,,,,,,,,,,,,,,,,,,,,,,,,,,,,,
6307,98_20_32,118_16_30,126_9_15,119_24_45,152_5_5,156_16_20,812_36_36,,,,,,,,,,,,,,,,,,,,,,,,,,,,,,,,,
6308,100_14_32,118_23_65,123_14_40,155_27_35,812_36_36,,,,,,,,,,,,,,,,,,,,,,,,,,,,,,,,,,,
6309,97_15_33,123_65_65,155_12_15,812_37_37,,,,,,,,,,,,,,,,,,,,,,,,,,,,,,,,,,,,
6310,97_13_33,126_65_65,123_25_25,125_70_70,154_12_15,156_20_25,812_37_37,,,,,,,,,,,,,,,,,,,,,,,,,,,,,,,,,
6311,99_13_32,123_20_20,119_35_35,125_5_5,155_5_5,812_37_37,,,,,,,,,,,,,,,,,,,,,,,,,,,,,,,,,,
6312,96_18_33,118_5_5,119_35_35,125_10_10,812_37_37,,,,,,,,,,,,,,,,,,,,,,,,,,,,,,,,,,,
6313,96_22_33,124_10_10,157_20_25,812_37_37,,,,,,,,,,,,,,,,,,,,,,,,,,,,,,,,,,,,
6314,97_22_32,118_23_65,126_11_30,152_31_40,812_37_37,,,,,,,,,,,,,,,,,,,,,,,,,,,,,,,,,,,
6315,97_17_33,118_14_25,119_31_60,125_29_55,155_35_45,152_20_25,812_38_38,,,,,,,,,,,,,,,,,,,,,,,,,,,,,,,,,
6316,99_13_33,126_5_5,119_100_100,156_24_30,812_38_38,,,,,,,,,,,,,,,,,,,,,,,,,,,,,,,,,,,
6317,100_20_33,118_26_100,125_27_105,152_39_50,156_20_25,812_38_38,,,,,,,,,,,,,,,,,,,,,,,,,,,,,,,,,,
6318,100_15_32,126_60_60,119_60_60,157_27_35,156_20_25,812_38_38,,,,,,,,,,,,,,,,,,,,,,,,,,,,,,,,,,
6319,98_20_32,118_20_20,123_60_60,155_16_20,812_38_38,,,,,,,,,,,,,,,,,,,,,,,,,,,,,,,,,,,
6320,100_20_32,119_75_75,155_9_10,152_16_20,812_38_38,,,,,,,,,,,,,,,,,,,,,,,,,,,,,,,,,,,
6321,97_18_33,119_26_50,124_11_20,152_12_15,153_5_5,812_39_39,,,,,,,,,,,,,,,,,,,,,,,,,,,,,,,,,,
6322,99_18_33,126_4_10,123_4_10,124_11_30,153_24_30,812_39_39,,,,,,,,,,,,,,,,,,,,,,,,,,,,,,,,,,
6323,100_22_32,119_80_80,125_5_5,156_31_40,812_39_39,,,,,,,,,,,,,,,,,,,,,,,,,,,,,,,,,,,
6324,100_18_32,119_65_65,155_5_5,812_39_39,,,,,,,,,,,,,,,,,,,,,,,,,,,,,,,,,,,,
6325,96_14_32,126_11_20,123_11_20,124_5_5,125_34_65,812_39_39,,,,,,,,,,,,,,,,,,,,,,,,,,,,,,,,,,
6326,100_21_34,118_11_50,125_21_100,152_31_40,812_39_39,,,,,,,,,,,,,,,,,,,,,,,,,,,,,,,,,,,
6327,97_15_33,124_21_60,155_24_30,812_?_?,,,,,,,,,,,,,,,,,,,,,,,,,,,,,,,,,,,,
6328,100_22_35,119_29_55,125_6_10,812_?_?,,,,,,,,,,,,,,,,,,,,,,,,,,,,,,,,,,,,
6329,100_15_33,118_5_5,124_5_5,125_45_45,152_5_5,812_?_?,,,,,,,,,,,,,,,,,,,,,,,,,,,,,,,,,,
6330,100_17_34,119_80_80,125_5_5,155_20_25,156_5_5,812_?_?,,,,,,,,,,,,,,,,,,,,,,,,,,,,,,,,,,
6331,97_18_33,118_33_95,123_19_55,155_24_30,153_35_45,812_?_?,,,,,,,,,,,,,,,,,,,,,,,,,,,,,,,,,,
6332,100_21_33,126_16_30,124_14_25,125_24_45,154_31_40,812_?_?,,,,,,,,,,,,,,,,,,,,,,,,,,,,,,,,,,
6333,99_13_35,126_5_5,123_41_80,124_6_10,812_?_?,,,,,,,,,,,,,,,,,,,,,,,,,,,,,,,,,,,
6334,98_19_35,118_31_90,125_19_55,152_16_20,156_16_20,812_?_?,,,,,,,,,,,,,,,,,,,,,,,,,,,,,,,,,,
6335,100_19_35,124_20_20,154_24_30,812_?_?,,,,,,,,,,,,,,,,,,,,,,,,,,,,,,,,,,,,
6336,97_18_33,119_60_60,157_35_45,812_?_?,,,,,,,,,,,,,,,,,,,,,,,,,,,,,,,,,,,,
6337,96_16_35,123_23_65,125_34_100,157_9_10,154_27_35,812_?_?,,,,,,,,,,,,,,,,,,,,,,,,,,,,,,,,,,
6338,100_16_34,126_100_100,123_25_25,156_31_40,812_?_?,,,,,,,,,,,,,,,,,,,,,,,,,,,,,,,,,,,
6339,100_21_35,119_26_50,124_11_20,157_27_35,812_?_?,,,,,,,,,,,,,,,,,,,,,,,,,,,,,,,,,,,
6340,96_22_34,126_35_35,125_75_75,812_?_?,,,,,,,,,,,,,,,,,,,,,,,,,,,,,,,,,,,,
6341,100_18_33,126_35_35,119_40_40,157_9_10,812_?_?,,,,,,,,,,,,,,,,,,,,,,,,,,,,,,,,,,,
6342,99_20_33,126_21_60,119_13_35,156_24_30,812_?_?,,,,,,,,,,,,,,,,,,,,,,,,,,,,,,,,,,,
6343,98_22_35,124_34_65,125_5_5,157_80_105,812_?_?,,,,,,,,,,,,,,,,,,,,,,,,,,,,,,,,,,,
6344,98_21_34,118_80_80,152_9_10,812_?_?,,,,,,,,,,,,,,,,,,,,,,,,,,,,,,,,,,,,
6345,97_21_34,118_30_115,123_6_20,125_12_45,155_31_40,812_?_?,,,,,,,,,,,,,,,,,,,,,,,,,,,,,,,,,,
6346,99_23_34,123_35_35,119_40_40,125_45_45,157_5_5,155_46_60,812_?_?,,,,,,,,,,,,,,,,,,,,,,,,,,,,,,,,,
6347,100_17_33,119_65_65,124_20_20,125_15_15,157_12_15,812_?_?,,,,,,,,,,,,,,,,,,,,,,,,,,,,,,,,,,
6348,100_22_36,118_19_90,119_5_20,125_19_90,156_31_40,812_?_?,,,,,,,,,,,,,,,,,,,,,,,,,,,,,,,,,,
6349,100_22_36,118_17_80,123_5_5,119_6_25,124_3_10,155_27_35,812_?_?,,,,,,,,,,,,,,,,,,,,,,,,,,,,,,,,,
6350,98_15_34,118_4_10,119_6_20,124_14_50,125_14_50,152_24_30,812_?_?,,,,,,,,,,,,,,,,,,,,,,,,,,,,,,,,,
6351,98_21_35,126_55_55,125_15_15,812_?_?,,,,,,,,,,,,,,,,,,,,,,,,,,,,,,,,,,,,
6352,100_23_36,126_34_65,154_27_35,812_?_?,,,,,,,,,,,,,,,,,,,,,,,,,,,,,,,,,,,,
6353,97_23_35,118_21_40,124_24_45,125_6_10,155_24_30,152_35_45,812_?_?,,,,,,,,,,,,,,,,,,,,,,,,,,,,,,,,,
6354,97_18_34,123_15_15,119_55_55,153_16_20,812_?_?,,,,,,,,,,,,,,,,,,,,,,,,,,,,,,,,,,,
6355,100_17_36,119_51_100,124_5_5,155_27_35,153_12_15,812_?_?,,,,,,,,,,,,,,,,,,,,,,,,,,,,,,,,,,
6356,99_17_36,126_16_45,119_24_70,156_31_40,812_?_?,,,,,,,,,,,,,,,,,,,,,,,,,,,,,,,,,,,
6357,100_17_36,126_30_30,123_100_100,157_27_35,153_35_45,812_?_?,,,,,,,,,,,,,,,,,,,,,,,,,,,,,,,,,,
6358,97_22_34,119_85_85,125_10_10,812_?_?,,,,,,,,,,,,,,,,,,,,,,,,,,,,,,,,,,,,
6359,100_23_36,126_51_100,125_16_30,157_46_60,156_20_25,812_?_?,,,,,,,,,,,,,,,,,,,,,,,,,,,,,,,,,,
6360,97_15_35,118_19_55,126_34_100,125_4_10,156_16_20,812_?_?,,,,,,,,,,,,,,,,,,,,,,,,,,,,,,,,,,
6361,100_21_35,123_15_15,119_80_80,125_40_40,156_20_25,812_?_?,,,,,,,,,,,,,,,,,,,,,,,,,,,,,,,,,,
6362,97_24_36,123_23_65,124_6_15,154_20_25,812_?_?,,,,,,,,,,,,,,,,,,,,,,,,,,,,,,,,,,,
6363,100_17_35,118_14_40,123_5_5,119_16_45,124_8_20,155_12_15,812_40_40,,,,,,,,,,,,,,,,,,,,,,,,,,,,,,,,,
6364,100_23_36,119_75_75,125_55_55,157_31_40,812_40_40,,,,,,,,,,,,,,,,,,,,,,,,,,,,,,,,,,,
6365,98_16_34,118_60_60,123_70_70,124_5_5,125_15_15,155_31_40,812_40_40,,,,,,,,,,,,,,,,,,,,,,,,,,,,,,,,,
6366,97_21_34,126_110_110,124_25_25,157_50_65,812_40_40,,,,,,,,,,,,,,,,,,,,,,,,,,,,,,,,,,,
6367,100_15_36,118_31_90,119_24_70,153_9_10,812_40_40,,,,,,,,,,,,,,,,,,,,,,,,,,,,,,,,,,,
6368,100_23_36,119_49_95,156_20_25,812_40_40,,,,,,,,,,,,,,,,,,,,,,,,,,,,,,,,,,,,
6369,97_19_36,118_18_50,126_34_100,156_5_5,812_41_41,,,,,,,,,,,,,,,,,,,,,,,,,,,,,,,,,,,
6370,100_18_35,126_100_100,125_20_20,156_12_15,812_41_41,,,,,,,,,,,,,,,,,,,,,,,,,,,,,,,,,,,
6371,97_23_37,126_120_120,125_40_40,157_31_40,154_27_35,812_41_41,,,,,,,,,,,,,,,,,,,,,,,,,,,,,,,,,,
6372,98_21_35,118_100_100,126_40_40,124_15_15,125_70_70,154_65_85,812_41_41,,,,,,,,,,,,,,,,,,,,,,,,,,,,,,,,,
6373,97_19_35,124_29_55,152_42_55,812_41_41,,,,,,,,,,,,,,,,,,,,,,,,,,,,,,,,,,,,
6374,100_15_35,126_100_100,123_60_60,125_5_5,154_20_25,156_9_10,812_41_41,,,,,,,,,,,,,,,,,,,,,,,,,,,,,,,,,
6375,100_18_35,123_20_20,119_75_75,157_9_10,812_42_42,,,,,,,,,,,,,,,,,,,,,,,,,,,,,,,,,,,
6376,97_22_36,123_100_100,155_5_5,154_16_20,812_42_42,,,,,,,,,,,,,,,,,,,,,,,,,,,,,,,,,,,
6377,100_20_36,118_33_95,123_24_70,153_35_45,812_42_42,,,,,,,,,,,,,,,,,,,,,,,,,,,,,,,,,,,
6378,97_22_36,118_26_100,126_25_95,152_50_65,156_9_10,812_42_42,,,,,,,,,,,,,,,,,,,,,,,,,,,,,,,,,,
6379,100_16_36,118_18_50,126_34_100,119_38_110,125_5_5,156_129_170,812_42_42,,,,,,,,,,,,,,,,,,,,,,,,,,,,,,,,,
6380,99_15_37,118_43_125,126_26_75,123_4_10,154_24_30,812_42_42,,,,,,,,,,,,,,,,,,,,,,,,,,,,,,,,,,
6381,100_16_36,118_26_100,119_11_40,156_9_10,812_43_43,,,,,,,,,,,,,,,,,,,,,,,,,,,,,,,,,,,
6382,98_15_37,118_34_100,124_23_65,152_50_65,153_9_10,812_43_43,,,,,,,,,,,,,,,,,,,,,,,,,,,,,,,,,,
6383,100_20_37,118_12_45,124_7_25,125_26_100,812_43_43,,,,,,,,,,,,,,,,,,,,,,,,,,,,,,,,,,,
6384,96_22_36,124_16_30,812_43_43,,,,,,,,,,,,,,,,,,,,,,,,,,,,,,,,,,,,,
6385,97_18_37,126_14_25,119_6_10,125_19_35,152_12_15,812_43_43,,,,,,,,,,,,,,,,,,,,,,,,,,,,,,,,,,
6386,100_16_36,126_54_105,124_14_25,125_51_100,152_5_5,154_42_55,812_43_43,,,,,,,,,,,,,,,,,,,,,,,,,,,,,,,,,
6387,99_24_37,118_51_100,119_5_5,156_16_20,812_44_44,,,,,,,,,,,,,,,,,,,,,,,,,,,,,,,,,,,
6388,100_19_37,118_22_85,126_4_10,119_25_95,156_39_50,812_44_44,,,,,,,,,,,,,,,,,,,,,,,,,,,,,,,,,,
6389,97_20_36,124_31_60,125_19_35,157_16_20,155_5_5,812_44_44,,,,,,,,,,,,,,,,,,,,,,,,,,,,,,,,,,
6390,100_19_35,118_8_20,123_34_100,124_4_10,155_9_10,812_44_44,,,,,,,,,,,,,,,,,,,,,,,,,,,,,,,,,,
6391,99_17_36,126_11_20,123_21_40,119_21_40,125_59_115,157_39_50,812_44_44,,,,,,,,,,,,,,,,,,,,,,,,,,,,,,,,,
6392,97_19_36,118_5_5,126_55_55,119_65_65,153_9_10,812_44_44,,,,,,,,,,,,,,,,,,,,,,,,,,,,,,,,,,
6393,99_15_38,118_70_70,123_40_40,119_35_35,124_5_5,125_5_5,812_45_45,,,,,,,,,,,,,,,,,,,,,,,,,,,,,,,,,
6394,100_19_38,118_5_5,119_7_30,124_11_50,812_45_45,,,,,,,,,,,,,,,,,,,,,,,,,,,,,,,,,,,
6395,99_23_37,126_13_35,124_6_15,125_26_75,152_20_25,812_45_45,,,,,,,,,,,,,,,,,,,,,,,,,,,,,,,,,,
6396,98_18_37,119_23_65,125_23_65,812_45_45,,,,,,,,,,,,,,,,,,,,,,,,,,,,,,,,,,,,
6397,100_23_36,126_5_5,119_10_10,124_75_75,157_46_60,812_45_45,,,,,,,,,,,,,,,,,,,,,,,,,,,,,,,,,,
6398,100_17_36,118_8_20,123_13_35,124_16_45,125_21_60,154_20_25,812_45_45,,,,,,,,,,,,,,,,,,,,,,,,,,,,,,,,,
6399,98_23_36,123_24_45,124_11_20,125_46_90,155_50_65,812_46_46,,,,,,,,,,,,,,,,,,,,,,,,,,,,,,,,,,
6400,97_18_36,118_26_100,126_24_90,125_10_35,156_9_10,812_46_46,,,,,,,,,,,,,,,,,,,,,,,,,,,,,,,,,,
6401,97_19_36,118_31_90,123_5_5,125_28_80,156_12_15,812_46_46,,,,,,,,,,,,,,,,,,,,,,,,,,,,,,,,,,
6402,97_24_38,118_13_60,123_18_85,153_39_50,812_46_46,,,,,,,,,,,,,,,,,,,,,,,,,,,,,,,,,,,
6403,97_19_38,118_18_100,123_9_45,124_9_45,155_91_120,812_46_46,,,,,,,,,,,,,,,,,,,,,,,,,,,,,,,,,,
6404,97_24_37,123_85_85,156_39_50,153_50_65,812_46_46,,,,,,,,,,,,,,,,,,,,,,,,,,,,,,,,,,,
6405,100_16_37,118_26_100,123_11_40,119_19_70,125_5_15,155_39_50,812_47_47,,,,,,,,,,,,,,,,,,,,,,,,,,,,,,,,,
6406,100_17_37,126_10_10,123_40_40,119_50_50,125_5_5,812_47_47,,,,,,,,,,,,,,,,,,,,,,,,,,,,,,,,,,
6407,97_19_36,123_30_30,119_75_75,124_15_15,125_10_10,157_5_5,812_47_47,,,,,,,,,,,,,,,,,,,,,,,,,,,,,,,,,
6408,99_21_37,126_19_55,123_34_100,124_5_5,154_35_45,812_47_47,,,,,,,,,,,,,,,,,,,,,,,,,,,,,,,,,,
6409,100_22_36,118_18_100,124_13_70,152_42_55,153_24_30,812_47_47,,,,,,,,,,,,,,,,,,,,,,,,,,,,,,,,,,
6410,100_23_37,118_29_85,126_13_35,123_9_25,153_42_55,812_47_47,,,,,,,,,,,,,,,,,,,,,,,,,,,,,,,,,,
6411,99_21_38,126_14_65,123_17_80,812_48_48,,,,,,,,,,,,,,,,,,,,,,,,,,,,,,,,,,,,
6412,100_23_36,118_14_40,119_19_55,124_14_40,155_5_5,152_5_5,812_48_48,,,,,,,,,,,,,,,,,,,,,,,,,,,,,,,,,
6413,97_21_37,118_17_65,126_26_100,124_5_15,125_12_45,812_48_48,,,,,,,,,,,,,,,,,,,,,,,,,,,,,,,,,,
6414,100_21_36,118_5_5,124_33_95,155_50_65,812_48_48,,,,,,,,,,,,,,,,,,,,,,,,,,,,,,,,,,,
6415,100_16_37,126_9_15,123_11_20,119_21_40,124_36_70,157_46_60,812_48_48,,,,,,,,,,,,,,,,,,,,,,,,,,,,,,,,,
6416,96_18_38,119_4_10,124_21_80,155_12_15,812_48_48,,,,,,,,,,,,,,,,,,,,,,,,,,,,,,,,,,,
6417,100_25_39,123_11_20,119_21_40,125_46_90,156_24_30,812_49_49,,,,,,,,,,,,,,,,,,,,,,,,,,,,,,,,,,
6418,97_18_38,126_40_40,123_95_95,812_49_49,,,,,,,,,,,,,,,,,,,,,,,,,,,,,,,,,,,,
6419,98_23_38,118_120_120,123_70_70,154_5_5,156_54_70,812_49_49,,,,,,,,,,,,,,,,,,,,,,,,,,,,,,,,,,
6420,100_22_37,126_80_80,124_25_25,157_5_5,812_49_49,,,,,,,,,,,,,,,,,,,,,,,,,,,,,,,,,,,
6421,97_16_39,126_75_75,123_95_95,125_5_5,154_5_5,812_49_49,,,,,,,,,,,,,,,,,,,,,,,,,,,,,,,,,,
6422,100_16_39,118_16_45,123_34_100,119_4_10,124_4_10,153_54_70,812_49_49,,,,,,,,,,,,,,,,,,,,,,,,,,,,,,,,,
6423,100_19_39,118_4_10,126_6_20,123_6_20,119_16_60,124_9_30,153_31_40,812_?_?,,,,,,,,,,,,,,,,,,,,,,,,,,,,,,,,
6424,98_20_38,118_33_95,123_28_80,119_8_20,124_4_10,125_5_5,155_46_60,812_?_?,,,,,,,,,,,,,,,,,,,,,,,,,,,,,,,,
6425,100_24_39,126_24_45,119_16_30,124_19_35,125_5_5,157_39_50,812_?_?,,,,,,,,,,,,,,,,,,,,,,,,,,,,,,,,,
6426,97_16_37,118_36_140,119_31_120,125_11_40,152_72_95,812_?_?,,,,,,,,,,,,,,,,,,,,,,,,,,,,,,,,,,
6427,97_16_39,126_85_85,123_15_15,124_30_30,125_100_100,157_5_5,812_?_?,,,,,,,,,,,,,,,,,,,,,,,,,,,,,,,,,
6428,100_22_39,118_15_55,119_24_90,125_20_75,156_16_20,812_?_?,,,,,,,,,,,,,,,,,,,,,,,,,,,,,,,,,,
6429,97_25_38,119_130_130,125_85_85,157_65_85,812_?_?,,,,,,,,,,,,,,,,,,,,,,,,,,,,,,,,,,,
6430,97_24_39,118_21_100,123_9_40,119_7_30,125_10_45,812_?_?,,,,,,,,,,,,,,,,,,,,,,,,,,,,,,,,,,
6431,97_19_38,123_19_55,124_26_75,125_14_40,154_39_50,812_?_?,,,,,,,,,,,,,,,,,,,,,,,,,,,,,,,,,,
6432,100_24_37,118_26_100,123_26_100,125_5_5,154_16_20,812_?_?,,,,,,,,,,,,,,,,,,,,,,,,,,,,,,,,,,
6433,97_22_38,118_26_100,126_5_15,119_19_70,125_4_10,152_16_20,812_?_?,,,,,,,,,,,,,,,,,,,,,,,,,,,,,,,,,
6434,96_22_39,119_26_75,124_19_55,125_28_80,155_39_50,152_50_65,812_?_?,,,,,,,,,,,,,,,,,,,,,,,,,,,,,,,,,
6435,96_18_39,123_9_30,124_25_95,155_16_20,812_?_?,,,,,,,,,,,,,,,,,,,,,,,,,,,,,,,,,,,
6436,100_23_38,126_100_100,119_60_60,125_70_70,157_9_10,812_?_?,,,,,,,,,,,,,,,,,,,,,,,,,,,,,,,,,,
6437,99_22_37,119_6_20,124_26_100,125_50_50,157_51_60,152_51_70,812_?_?,,,,,,,,,,,,,,,,,,,,,,,,,,,,,,,,,
6438,100_11_15,124_21_40,125_41_60,176_6_10,175_500_500,116_1_1,,,,,,,,,,,,,,,,,,,,,,,,,,,,,,,,,,
6439,100_1_40,126_31_50,124_1_30,241_1_10,242_1_10,243_1_10,240_1_10,244_1_10,,,,,,,,,,,,,,,,,,,,,,,,,,,,,,,,
6440,100_16_21,212_3_5,211_3_5,213_3_5,210_3_5,,,,,,,,,,,,,,,,,,,,,,,,,,,,,,,,,,,
6442,100_16_27,118_21_40,125_21_40,124_16_30,117_1_1,182_1_1,,,,,,,,,,,,,,,,,,,,,,,,,,,,,,,,,,
6443,118_31_50,125_41_70,124_31_40,112_6_10,176_11_15,210_3_5,117_1_1,111_1_1,,,,,,,,,,,,,,,,,,,,,,,,,,,,,,,,
6444,176_3_5,126_21_40,117_1_1,123_16_25,119_16_25,125_21_30,,,,,,,,,,,,,,,,,,,,,,,,,,,,,,,,,,
6445,100_20_29,125_16_30,123_16_30,115_3_4,138_11_15,213_3_5,,,,,,,,,,,,,,,,,,,,,,,,,,,,,,,,,,
6446,100_17_31,125_16_30,124_16_30,117_1_1,176_6_10,,,,,,,,,,,,,,,,,,,,,,,,,,,,,,,,,,,
6447,710_1_1,616_175_175,,,,,,,,,,,,,,,,,,,,,,,,,,,,,,,,,,,,,,
6448,710_1_1,616_172_172,,,,,,,,,,,,,,,,,,,,,,,,,,,,,,,,,,,,,,
6449,124_6_20,212_1_7,119_21_35,112_1_2,,,,,,,,,,,,,,,,,,,,,,,,,,,,,,,,,,,,
6450,125_71_100,124_31_50,112_6_8,210_4_5,213_4_5,211_4_5,176_9_13,241_6_10,242_6_10,243_6_10,,,,,,,,,,,,,,,,,,,,,,,,,,,,,,
6451,125_21_35,124_11_20,100_17_31,126_21_35,123_21_35,174_51_100,241_3_5,242_3_5,243_3_5,,,,,,,,,,,,,,,,,,,,,,,,,,,,,,,
6452,100_19_33,118_31_45,124_16_35,119_31_45,112_6_10,117_1_1,176_9_10,212_3_5,,,,,,,,,,,,,,,,,,,,,,,,,,,,,,,,
6453,118_21_40,115_3_5,138_5_6,117_1_1,100_13_22,174_51_100,,,,,,,,,,,,,,,,,,,,,,,,,,,,,,,,,,
6454,100_15_29,101_1_1,118_21_35,126_21_35,119_21_35,112_4_5,182_1_1,,,,,,,,,,,,,,,,,,,,,,,,,,,,,,,,,
6459,123_21_35,176_6_10,217_6_10,216_6_10,218_6_10,215_6_10,,,,,,,,,,,,,,,,,,,,,,,,,,,,,,,,,,
6460,125_21_40,124_11_20,123_21_40,112_3_7,138_3_5,176_6_15,211_3_5,,,,,,,,,,,,,,,,,,,,,,,,,,,,,,,,,
6461,125_41_70,119_31_50,112_6_10,117_1_2,123_31_50,111_1_1,176_11_15,213_3_5,211_3_5,,,,,,,,,,,,,,,,,,,,,,,,,,,,,,,
6462,126_16_30,123_16_30,176_4_10,217_6_10,218_6_10,215_6_10,,,,,,,,,,,,,,,,,,,,,,,,,,,,,,,,,,
6463,123_11_25,125_16_30,138_3_5,241_2_3,242_2_3,243_2_3,212_1_3,,,,,,,,,,,,,,,,,,,,,,,,,,,,,,,,,
6464,182_1_1,111_1_1,154_200_200,157_200_200,155_200_200,152_200_200,,,,,,,,,,,,,,,,,,,,,,,,,,,,,,,,,,
6465,125_21_30,123_21_30,112_2_4,174_101_200,210_1_3,176_6_15,212_1_3,124_6_10,,,,,,,,,,,,,,,,,,,,,,,,,,,,,,,,
6466,125_11_20,124_6_10,174_31_50,,,,,,,,,,,,,,,,,,,,,,,,,,,,,,,,,,,,,
6467,125_16_25,124_6_10,126_16_25,123_16_25,174_31_50,176_6_10,241_3_5,242_3_5,243_3_5,240_3_5,244_3_5,,,,,,,,,,,,,,,,,,,,,,,,,,,,,
6468,118_16_25,125_16_25,124_11_15,119_16_25,115_2_3,176_2_3,213_2_3,211_2_3,,,,,,,,,,,,,,,,,,,,,,,,,,,,,,,,
6469,118_21_30,125_26_40,124_16_25,115_4_5,176_6_10,112_3_4,138_4_5,,,,,,,,,,,,,,,,,,,,,,,,,,,,,,,,,
6470,125_21_30,124_6_10,123_16_25,128_1_1,182_1_2,,,,,,,,,,,,,,,,,,,,,,,,,,,,,,,,,,,
6471,118_6_10,125_16_25,126_6_10,119_6_10,123_6_10,,,,,,,,,,,,,,,,,,,,,,,,,,,,,,,,,,,
6472,125_16_30,126_16_30,241_3_5,242_3_5,243_3_5,213_5_5,,,,,,,,,,,,,,,,,,,,,,,,,,,,,,,,,,
6473,125_31_50,123_21_35,112_2_3,182_1_2,240_3_5,244_3_5,211_5_5,,,,,,,,,,,,,,,,,,,,,,,,,,,,,,,,,
6474,125_31_50,124_6_15,123_21_40,112_3_7,138_6_10,117_1_1,176_6_15,210_5_5,,,,,,,,,,,,,,,,,,,,,,,,,,,,,,,,
6477,124_21_40,123_31_50,117_1_1,176_6_15,112_3_5,213_3_5,211_3_5,210_3_5,,,,,,,,,,,,,,,,,,,,,,,,,,,,,,,,
6481,118_61_80,124_41_60,126_61_80,112_6_10,176_6_15,212_3_5,214_3_5,210_3_5,,,,,,,,,,,,,,,,,,,,,,,,,,,,,,,,
6482,125_21_40,112_3_7,182_2_3,126_21_40,124_16_25,118_21_40,,,,,,,,,,,,,,,,,,,,,,,,,,,,,,,,,,
6483,125_151_200,124_26_40,126_31_50,123_31_50,244_16_20,174_300_300,176_16_25,243_16_20,,,,,,,,,,,,,,,,,,,,,,,,,,,,,,,,
6484,93_2_3,100_16_23,119_11_20,118_11_20,125_21_30,124_11_20,,,,,,,,,,,,,,,,,,,,,,,,,,,,,,,,,,
6485,98_7_14,100_7_14,124_21_40,119_21_40,123_21_40,112_5_8,117_1_1,176_11_15,,,,,,,,,,,,,,,,,,,,,,,,,,,,,,,,
6491,95_2_4,182_1_2,125_21_30,112_2_4,,,,,,,,,,,,,,,,,,,,,,,,,,,,,,,,,,,,
6492,100_14_23,119_11_20,115_1_1,182_1_1,240_3_4,244_3_4,,,,,,,,,,,,,,,,,,,,,,,,,,,,,,,,,,
6493,126_21_35,112_3_5,174_51_100,210_3_5,,,,,,,,,,,,,,,,,,,,,,,,,,,,,,,,,,,,
6494,99_7_11,100_7_11,124_21_40,126_21_40,112_6_10,117_1_1,176_6_10,211_3_5,,,,,,,,,,,,,,,,,,,,,,,,,,,,,,,,
6495,99_1_25,91_1_15,174_101_200,126_31_50,124_31_50,178_8_10,123_31_50,125_151_250,213_6_7,211_6_7,217_6_7,215_6_7,,,,,,,,,,,,,,,,,,,,,,,,,,,,
6496,99_12_16,157_21_40,152_21_40,154_21_40,124_31_40,126_11_20,,,,,,,,,,,,,,,,,,,,,,,,,,,,,,,,,,
6497,99_8_20,126_16_35,138_6_15,,,,,,,,,,,,,,,,,,,,,,,,,,,,,,,,,,,,,
6498,125_11_30,124_11_30,115_3_9,176_1_10,,,,,,,,,,,,,,,,,,,,,,,,,,,,,,,,,,,,
6499,118_21_30,125_21_30,119_21_30,123_21_30,138_1_5,117_1_1,182_1_1,174_101_200,,,,,,,,,,,,,,,,,,,,,,,,,,,,,,,,
6500,124_11_40,123_16_25,176_1_8,211_1_5,,,,,,,,,,,,,,,,,,,,,,,,,,,,,,,,,,,,
6501,158_501_1000,211_3_5,210_3_5,,,,,,,,,,,,,,,,,,,,,,,,,,,,,,,,,,,,,
6503,99_5_9,100_5_9,138_3_7,126_11_20,182_1_1,174_51_100,,,,,,,,,,,,,,,,,,,,,,,,,,,,,,,,,,
6504,118_21_35,125_21_40,124_16_25,182_1_2,100_21_38,176_3_5,,,,,,,,,,,,,,,,,,,,,,,,,,,,,,,,,,
6505,99_11_15,96_11_15,123_21_40,125_21_40,124_16_30,112_3_5,117_1_1,182_1_1,,,,,,,,,,,,,,,,,,,,,,,,,,,,,,,,
6506,125_16_25,124_16_25,123_21_35,115_1_2,112_3_4,174_51_100,176_11_15,211_1_3,,,,,,,,,,,,,,,,,,,,,,,,,,,,,,,,
6507,95_2_6,100_6_10,99_6_10,125_16_30,124_6_10,126_11_20,117_1_1,182_1_1,,,,,,,,,,,,,,,,,,,,,,,,,,,,,,,,
6508,94_3_7,108_7_11,182_1_2,125_16_25,,,,,,,,,,,,,,,,,,,,,,,,,,,,,,,,,,,,
6509,100_25_42,95_4_6,124_16_35,112_6_9,117_1_1,182_2_3,176_3_5,213_3_5,,,,,,,,,,,,,,,,,,,,,,,,,,,,,,,,
6510,125_31_60,124_21_35,100_25_42,123_31_50,176_6_10,241_4_8,242_4_8,243_4_8,213_3_5,211_3_5,,,,,,,,,,,,,,,,,,,,,,,,,,,,,,
6511,100_21_46,118_31_50,138_11_15,176_6_10,240_4_8,244_4_8,213_3_5,211_3_5,126_31_50,,,,,,,,,,,,,,,,,,,,,,,,,,,,,,,
6512,100_19_38,125_31_50,126_21_30,123_21_40,115_2_3,117_1_1,112_3_4,,,,,,,,,,,,,,,,,,,,,,,,,,,,,,,,,
6513,95_2_4,182_1_1,125_11_20,119_11_20,138_6_10,,,,,,,,,,,,,,,,,,,,,,,,,,,,,,,,,,,
6516,100_7_11,98_7_11,125_41_80,124_21_30,119_31_50,138_11_15,176_6_10,117_1_1,,,,,,,,,,,,,,,,,,,,,,,,,,,,,,,,
6517,100_13_22,108_13_22,117_1_1,125_21_40,119_21_40,118_11_20,,,,,,,,,,,,,,,,,,,,,,,,,,,,,,,,,,
6518,100_11_23,95_5_9,125_41_80,124_21_30,126_21_40,138_11_15,176_6_10,212_3_5,,,,,,,,,,,,,,,,,,,,,,,,,,,,,,,,
6519,100_13_27,108_9_23,125_21_40,124_16_25,126_16_35,138_6_10,174_101_200,,,,,,,,,,,,,,,,,,,,,,,,,,,,,,,,,
6520,100_11_19,125_41_70,124_11_20,138_6_10,240_3_5,244_3_5,174_151_300,,,,,,,,,,,,,,,,,,,,,,,,,,,,,,,,,
6521,100_16_30,95_3_6,118_31_50,125_41_80,124_21_40,112_6_10,176_6_10,214_3_5,,,,,,,,,,,,,,,,,,,,,,,,,,,,,,,,
6522,97_6_15,99_6_15,118_31_50,125_41_80,126_31_50,112_6_10,117_1_1,176_11_15,,,,,,,,,,,,,,,,,,,,,,,,,,,,,,,,
6523,100_16_30,118_16_30,125_41_80,124_21_35,112_6_10,117_1_1,182_5_6,174_151_250,,,,,,,,,,,,,,,,,,,,,,,,,,,,,,,,
6524,100_3_4,95_1_2,112_1_2,182_2_2,125_21_30,,,,,,,,,,,,,,,,,,,,,,,,,,,,,,,,,,,
6525,100_21_37,125_21_40,126_21_40,212_1_5,211_1_5,213_1_5,210_1_5,,,,,,,,,,,,,,,,,,,,,,,,,,,,,,,,,
6526,100_24_41,125_21_40,124_16_30,123_21_40,117_1_1,176_6_10,,,,,,,,,,,,,,,,,,,,,,,,,,,,,,,,,,
6527,100_18_29,125_21_30,126_21_30,123_21_30,,,,,,,,,,,,,,,,,,,,,,,,,,,,,,,,,,,,
6528,100_11_16,91_3_6,124_11_20,126_21_40,123_21_40,138_6_10,176_6_10,,,,,,,,,,,,,,,,,,,,,,,,,,,,,,,,,
6535,100_24_43,125_41_80,124_21_30,123_31_50,112_6_10,138_11_15,176_11_15,,,,,,,,,,,,,,,,,,,,,,,,,,,,,,,,,
6536,100_12_21,96_12_21,125_41_80,124_21_30,123_31_50,115_5_8,174_201_400,176_11_15,,,,,,,,,,,,,,,,,,,,,,,,,,,,,,,,
6537,100_11_20,91_1_8,125_31_50,119_21_40,123_21_40,117_1_1,182_1_1,176_6_10,,,,,,,,,,,,,,,,,,,,,,,,,,,,,,,,
6538,96_6_13,100_6_13,123_21_40,112_3_6,117_2_2,,,,,,,,,,,,,,,,,,,,,,,,,,,,,,,,,,,
6539,100_21_40,108_1_80,124_11_20,126_16_30,123_21_35,,,,,,,,,,,,,,,,,,,,,,,,,,,,,,,,,,,
6540,100_18_37,123_21_35,174_151_250,176_6_10,240_6_10,244_6_10,,,,,,,,,,,,,,,,,,,,,,,,,,,,,,,,,,
6541,208_?_?,,,,,,,,,,,,,,,,,,,,,,,,,,,,,,,,,,,,,,,
6542,208_?_?,,,,,,,,,,,,,,,,,,,,,,,,,,,,,,,,,,,,,,,
6543,208_?_?,,,,,,,,,,,,,,,,,,,,,,,,,,,,,,,,,,,,,,,
6544,208_?_?,,,,,,,,,,,,,,,,,,,,,,,,,,,,,,,,,,,,,,,
6545,208_?_?,,,,,,,,,,,,,,,,,,,,,,,,,,,,,,,,,,,,,,,
6546,208_?_?,,,,,,,,,,,,,,,,,,,,,,,,,,,,,,,,,,,,,,,
6547,208_?_?,,,,,,,,,,,,,,,,,,,,,,,,,,,,,,,,,,,,,,,
6548,208_?_?,,,,,,,,,,,,,,,,,,,,,,,,,,,,,,,,,,,,,,,
6549,208_?_?,,,,,,,,,,,,,,,,,,,,,,,,,,,,,,,,,,,,,,,
6550,208_?_?,,,,,,,,,,,,,,,,,,,,,,,,,,,,,,,,,,,,,,,
6551,208_?_?,,,,,,,,,,,,,,,,,,,,,,,,,,,,,,,,,,,,,,,
6552,208_?_?,,,,,,,,,,,,,,,,,,,,,,,,,,,,,,,,,,,,,,,
6553,208_?_?,,,,,,,,,,,,,,,,,,,,,,,,,,,,,,,,,,,,,,,
6554,208_?_?,,,,,,,,,,,,,,,,,,,,,,,,,,,,,,,,,,,,,,,
6555,208_?_?,,,,,,,,,,,,,,,,,,,,,,,,,,,,,,,,,,,,,,,
6556,208_?_?,,,,,,,,,,,,,,,,,,,,,,,,,,,,,,,,,,,,,,,
6557,208_?_?,,,,,,,,,,,,,,,,,,,,,,,,,,,,,,,,,,,,,,,
6558,208_?_?,,,,,,,,,,,,,,,,,,,,,,,,,,,,,,,,,,,,,,,
6559,208_?_?,,,,,,,,,,,,,,,,,,,,,,,,,,,,,,,,,,,,,,,
6560,208_?_?,,,,,,,,,,,,,,,,,,,,,,,,,,,,,,,,,,,,,,,
6561,208_?_?,,,,,,,,,,,,,,,,,,,,,,,,,,,,,,,,,,,,,,,
6562,208_?_?,,,,,,,,,,,,,,,,,,,,,,,,,,,,,,,,,,,,,,,
6563,208_?_?,,,,,,,,,,,,,,,,,,,,,,,,,,,,,,,,,,,,,,,
6564,208_?_?,,,,,,,,,,,,,,,,,,,,,,,,,,,,,,,,,,,,,,,
6565,208_?_?,,,,,,,,,,,,,,,,,,,,,,,,,,,,,,,,,,,,,,,
6566,208_?_?,,,,,,,,,,,,,,,,,,,,,,,,,,,,,,,,,,,,,,,
6567,208_?_?,,,,,,,,,,,,,,,,,,,,,,,,,,,,,,,,,,,,,,,
6568,208_?_?,,,,,,,,,,,,,,,,,,,,,,,,,,,,,,,,,,,,,,,
6569,208_?_?,,,,,,,,,,,,,,,,,,,,,,,,,,,,,,,,,,,,,,,
6570,208_?_?,,,,,,,,,,,,,,,,,,,,,,,,,,,,,,,,,,,,,,,
6571,208_?_?,,,,,,,,,,,,,,,,,,,,,,,,,,,,,,,,,,,,,,,
6572,208_?_?,,,,,,,,,,,,,,,,,,,,,,,,,,,,,,,,,,,,,,,
6573,208_?_?,,,,,,,,,,,,,,,,,,,,,,,,,,,,,,,,,,,,,,,
6574,208_?_?,,,,,,,,,,,,,,,,,,,,,,,,,,,,,,,,,,,,,,,
6575,208_?_?,,,,,,,,,,,,,,,,,,,,,,,,,,,,,,,,,,,,,,,
6576,208_?_?,,,,,,,,,,,,,,,,,,,,,,,,,,,,,,,,,,,,,,,
6577,208_?_?,,,,,,,,,,,,,,,,,,,,,,,,,,,,,,,,,,,,,,,
6578,208_?_?,,,,,,,,,,,,,,,,,,,,,,,,,,,,,,,,,,,,,,,
6579,208_?_?,,,,,,,,,,,,,,,,,,,,,,,,,,,,,,,,,,,,,,,
6580,208_?_?,,,,,,,,,,,,,,,,,,,,,,,,,,,,,,,,,,,,,,,
6581,208_?_?,,,,,,,,,,,,,,,,,,,,,,,,,,,,,,,,,,,,,,,
6582,208_?_?,,,,,,,,,,,,,,,,,,,,,,,,,,,,,,,,,,,,,,,
6583,208_?_?,,,,,,,,,,,,,,,,,,,,,,,,,,,,,,,,,,,,,,,
6584,208_?_?,,,,,,,,,,,,,,,,,,,,,,,,,,,,,,,,,,,,,,,
6585,208_?_?,,,,,,,,,,,,,,,,,,,,,,,,,,,,,,,,,,,,,,,
6586,208_?_?,,,,,,,,,,,,,,,,,,,,,,,,,,,,,,,,,,,,,,,
6587,208_?_?,,,,,,,,,,,,,,,,,,,,,,,,,,,,,,,,,,,,,,,
6588,208_?_?,,,,,,,,,,,,,,,,,,,,,,,,,,,,,,,,,,,,,,,
6589,208_?_?,,,,,,,,,,,,,,,,,,,,,,,,,,,,,,,,,,,,,,,
6590,208_?_?,,,,,,,,,,,,,,,,,,,,,,,,,,,,,,,,,,,,,,,
6591,208_?_?,,,,,,,,,,,,,,,,,,,,,,,,,,,,,,,,,,,,,,,
6592,208_?_?,,,,,,,,,,,,,,,,,,,,,,,,,,,,,,,,,,,,,,,
6593,208_?_?,,,,,,,,,,,,,,,,,,,,,,,,,,,,,,,,,,,,,,,
6594,208_?_?,,,,,,,,,,,,,,,,,,,,,,,,,,,,,,,,,,,,,,,
6595,208_?_?,,,,,,,,,,,,,,,,,,,,,,,,,,,,,,,,,,,,,,,
6596,208_?_?,,,,,,,,,,,,,,,,,,,,,,,,,,,,,,,,,,,,,,,
6597,208_?_?,,,,,,,,,,,,,,,,,,,,,,,,,,,,,,,,,,,,,,,
6598,208_?_?,,,,,,,,,,,,,,,,,,,,,,,,,,,,,,,,,,,,,,,
6599,208_?_?,,,,,,,,,,,,,,,,,,,,,,,,,,,,,,,,,,,,,,,
6600,208_?_?,,,,,,,,,,,,,,,,,,,,,,,,,,,,,,,,,,,,,,,
6604,800_?_?,176_20_20,174_200_200,,,,,,,,,,,,,,,,,,,,,,,,,,,,,,,,,,,,,
6627,208_?_?,,,,,,,,,,,,,,,,,,,,,,,,,,,,,,,,,,,,,,,
6628,208_?_?,,,,,,,,,,,,,,,,,,,,,,,,,,,,,,,,,,,,,,,
6629,208_?_?,,,,,,,,,,,,,,,,,,,,,,,,,,,,,,,,,,,,,,,
6630,208_?_?,,,,,,,,,,,,,,,,,,,,,,,,,,,,,,,,,,,,,,,
6631,208_?_?,,,,,,,,,,,,,,,,,,,,,,,,,,,,,,,,,,,,,,,
6632,208_?_?,,,,,,,,,,,,,,,,,,,,,,,,,,,,,,,,,,,,,,,
6633,208_?_?,,,,,,,,,,,,,,,,,,,,,,,,,,,,,,,,,,,,,,,
6634,208_?_?,,,,,,,,,,,,,,,,,,,,,,,,,,,,,,,,,,,,,,,
6635,208_?_?,,,,,,,,,,,,,,,,,,,,,,,,,,,,,,,,,,,,,,,
6636,208_?_?,,,,,,,,,,,,,,,,,,,,,,,,,,,,,,,,,,,,,,,
6637,208_?_?,,,,,,,,,,,,,,,,,,,,,,,,,,,,,,,,,,,,,,,
6638,208_?_?,,,,,,,,,,,,,,,,,,,,,,,,,,,,,,,,,,,,,,,
6639,208_?_?,,,,,,,,,,,,,,,,,,,,,,,,,,,,,,,,,,,,,,,
6640,208_?_?,,,,,,,,,,,,,,,,,,,,,,,,,,,,,,,,,,,,,,,
6641,208_?_?,,,,,,,,,,,,,,,,,,,,,,,,,,,,,,,,,,,,,,,
6642,100_16_30,125_21_35,214_4_5,174_51_100,156_21_30,,,,,,,,,,,,,,,,,,,,,,,,,,,,,,,,,,,
6643,110_50_50,,,,,,,,,,,,,,,,,,,,,,,,,,,,,,,,,,,,,,,
6644,110_40_40,,,,,,,,,,,,,,,,,,,,,,,,,,,,,,,,,,,,,,,
6646,110_30_30,,,,,,,,,,,,,,,,,,,,,,,,,,,,,,,,,,,,,,,
6647,110_30_30,,,,,,,,,,,,,,,,,,,,,,,,,,,,,,,,,,,,,,,
6653,805_64_64,,,,,,,,,,,,,,,,,,,,,,,,,,,,,,,,,,,,,,,
6654,125_31_50,115_3_4,112_3_6,138_11_15,128_1_1,176_6_10,,,,,,,,,,,,,,,,,,,,,,,,,,,,,,,,,,
6663,108_2_3,,,,,,,,,,,,,,,,,,,,,,,,,,,,,,,,,,,,,,,
6664,604_?_?,,,,,,,,,,,,,,,,,,,,,,,,,,,,,,,,,,,,,,,
6666,110_6_10,,,,,,,,,,,,,,,,,,,,,,,,,,,,,,,,,,,,,,,
6667,110_51_150,,,,,,,,,,,,,,,,,,,,,,,,,,,,,,,,,,,,,,,
6668,139_26_75,110_26_75,,,,,,,,,,,,,,,,,,,,,,,,,,,,,,,,,,,,,,
6669,139_51_150,110_51_150,,,,,,,,,,,,,,,,,,,,,,,,,,,,,,,,,,,,,,
6670,139_51_150,,,,,,,,,,,,,,,,,,,,,,,,,,,,,,,,,,,,,,,
6676,99_11_20,125_16_25,126_16_25,156_16_25,,,,,,,,,,,,,,,,,,,,,,,,,,,,,,,,,,,,
6677,100_18_35,125_21_40,174_101_200,119_16_30,156_21_40,138_11_15,115_3_5,,,,,,,,,,,,,,,,,,,,,,,,,,,,,,,,,
6690,193_?_?,193_?_?,193_?_?,193_?_?,193_?_?,193_?_?,193_?_?,193_?_?,193_?_?,193_?_?,193_?_?,,,,,,,,,,,,,,,,,,,,,,,,,,,,,
6707,125_41_50,124_11_20,123_26_35,112_2_3,174_151_250,176_7_9,,,,,,,,,,,,,,,,,,,,,,,,,,,,,,,,,,
6708,805_64_64,,,,,,,,,,,,,,,,,,,,,,,,,,,,,,,,,,,,,,,
6712,125_71_100,124_31_40,111_1_1,182_1_2,211_6_10,210_6_10,154_101_200,152_101_200,157_101_200,155_101_200,,,,,,,,,,,,,,,,,,,,,,,,,,,,,,
6713,98_6_15,97_6_15,111_1_1,118_50_50,125_50_50,119_40_40,115_3_3,,,,,,,,,,,,,,,,,,,,,,,,,,,,,,,,,
6716,800_?_?,808_64_64,806_0_0,807_0_0,,,,,,,,,,,,,,,,,,,,,,,,,,,,,,,,,,,,
6717,110_15_15,,,,,,,,,,,,,,,,,,,,,,,,,,,,,,,,,,,,,,,
6718,110_15_15,,,,,,,,,,,,,,,,,,,,,,,,,,,,,,,,,,,,,,,
6719,125_21_30,,,,,,,,,,,,,,,,,,,,,,,,,,,,,,,,,,,,,,,
6720,125_11_15,119_11_15,,,,,,,,,,,,,,,,,,,,,,,,,,,,,,,,,,,,,,
6721,119_11_15,115_1_2,,,,,,,,,,,,,,,,,,,,,,,,,,,,,,,,,,,,,,
6722,174_26_35,112_1_1,,,,,,,,,,,,,,,,,,,,,,,,,,,,,,,,,,,,,,
6723,241_2_3,242_2_3,243_2_3,,,,,,,,,,,,,,,,,,,,,,,,,,,,,,,,,,,,,
6724,241_1_2,242_1_2,243_1_2,125_9_12,,,,,,,,,,,,,,,,,,,,,,,,,,,,,,,,,,,,
6725,98_8_12,119_11_14,,,,,,,,,,,,,,,,,,,,,,,,,,,,,,,,,,,,,,
6731,211_3_5,123_16_20,115_2_2,,,,,,,,,,,,,,,,,,,,,,,,,,,,,,,,,,,,,
6732,211_3_5,123_16_20,138_5_10,,,,,,,,,,,,,,,,,,,,,,,,,,,,,,,,,,,,,
6742,125_11_15,115_1_1,117_1_1,,,,,,,,,,,,,,,,,,,,,,,,,,,,,,,,,,,,,
6743,125_11_15,112_1_2,182_1_1,,,,,,,,,,,,,,,,,,,,,,,,,,,,,,,,,,,,,
6744,125_11_15,124_11_15,115_1_2,,,,,,,,,,,,,,,,,,,,,,,,,,,,,,,,,,,,,
6745,125_11_15,115_1_2,138_11_15,174_41_60,,,,,,,,,,,,,,,,,,,,,,,,,,,,,,,,,,,,
6746,210_3_5,118_16_20,115_2_2,,,,,,,,,,,,,,,,,,,,,,,,,,,,,,,,,,,,,
6747,212_3_5,119_16_20,115_2_2,,,,,,,,,,,,,,,,,,,,,,,,,,,,,,,,,,,,,
6748,210_3_5,118_16_20,138_5_10,,,,,,,,,,,,,,,,,,,,,,,,,,,,,,,,,,,,,
6749,212_3_5,119_16_20,138_5_10,,,,,,,,,,,,,,,,,,,,,,,,,,,,,,,,,,,,,
6750,96_16_25,125_11_15,123_11_15,115_2_3,176_1_2,,,,,,,,,,,,,,,,,,,,,,,,,,,,,,,,,,,
6751,97_16_25,125_11_15,118_11_15,115_2_3,176_1_2,,,,,,,,,,,,,,,,,,,,,,,,,,,,,,,,,,,
6752,98_16_25,125_11_15,119_11_15,115_2_3,176_1_2,,,,,,,,,,,,,,,,,,,,,,,,,,,,,,,,,,,
6753,125_11_15,112_1_1,211_3_5,,,,,,,,,,,,,,,,,,,,,,,,,,,,,,,,,,,,,
6754,125_11_15,112_1_1,210_3_5,,,,,,,,,,,,,,,,,,,,,,,,,,,,,,,,,,,,,
6755,125_11_15,112_1_1,212_3_5,,,,,,,,,,,,,,,,,,,,,,,,,,,,,,,,,,,,,
6756,118_11_15,182_1_1,174_21_30,210_3_5,,,,,,,,,,,,,,,,,,,,,,,,,,,,,,,,,,,,
6757,119_11_15,182_1_1,174_21_30,212_3_5,,,,,,,,,,,,,,,,,,,,,,,,,,,,,,,,,,,,
6758,118_11_15,176_1_2,210_3_5,,,,,,,,,,,,,,,,,,,,,,,,,,,,,,,,,,,,,
6759,119_11_15,176_1_2,212_3_5,,,,,,,,,,,,,,,,,,,,,,,,,,,,,,,,,,,,,
6760,118_11_15,210_3_5,124_4_7,,,,,,,,,,,,,,,,,,,,,,,,,,,,,,,,,,,,,
6761,119_11_15,212_3_5,124_4_7,,,,,,,,,,,,,,,,,,,,,,,,,,,,,,,,,,,,,
6762,95_2_3,101_1_1,219_6_10,125_10_10,,,,,,,,,,,,,,,,,,,,,,,,,,,,,,,,,,,,
6763,112_2_3,182_1_1,,,,,,,,,,,,,,,,,,,,,,,,,,,,,,,,,,,,,,
6764,115_2_3,174_151_200,,,,,,,,,,,,,,,,,,,,,,,,,,,,,,,,,,,,,,
6766,118_21_30,125_26_40,124_11_15,115_1_2,112_2_3,111_1_1,182_1_1,176_6_7,,,,,,,,,,,,,,,,,,,,,,,,,,,,,,,,
6767,118_21_30,125_36_50,124_16_20,126_16_20,119_16_20,138_11_15,213_4_5,211_4_5,,,,,,,,,,,,,,,,,,,,,,,,,,,,,,,,
6768,148_2329_2329,811_1_1,,,,,,,,,,,,,,,,,,,,,,,,,,,,,,,,,,,,,,
6769,118_26_35,125_26_35,115_1_2,112_1_2,138_4_5,174_31_40,100_15_26,95_2_3,,,,,,,,,,,,,,,,,,,,,,,,,,,,,,,,
6773,126_1_1,174_5_5,,,,,,,,,,,,,,,,,,,,,,,,,,,,,,,,,,,,,,
6774,118_21_30,125_36_50,119_21_30,115_1_2,112_1_2,128_1_1,241_3_4,242_3_4,243_3_4,211_4_5,,,,,,,,,,,,,,,,,,,,,,,,,,,,,,
6775,125_26_35,124_16_20,119_26_35,182_1_1,158_201_250,241_2_3,242_2_3,243_2_3,240_2_3,244_2_3,212_4_5,211_4_5,,,,,,,,,,,,,,,,,,,,,,,,,,,,
6776,118_21_30,124_11_15,138_4_5,176_4_5,241_2_3,242_2_3,243_2_3,212_3_5,213_3_5,211_3_5,,,,,,,,,,,,,,,,,,,,,,,,,,,,,,
6778,125_26_35,124_21_30,112_1_2,117_1_1,176_8_10,211_3_5,,,,,,,,,,,,,,,,,,,,,,,,,,,,,,,,,,
6780,100_1_5,174_10_10,,,,,,,,,,,,,,,,,,,,,,,,,,,,,,,,,,,,,,
6781,100_1_4,174_10_10,,,,,,,,,,,,,,,,,,,,,,,,,,,,,,,,,,,,,,
6782,100_1_4,174_10_10,,,,,,,,,,,,,,,,,,,,,,,,,,,,,,,,,,,,,,
6783,100_1_4,174_10_10,,,,,,,,,,,,,,,,,,,,,,,,,,,,,,,,,,,,,,
6784,100_1_3,174_10_10,,,,,,,,,,,,,,,,,,,,,,,,,,,,,,,,,,,,,,
6785,100_1_4,174_10_10,,,,,,,,,,,,,,,,,,,,,,,,,,,,,,,,,,,,,,
6786,100_1_4,174_10_10,,,,,,,,,,,,,,,,,,,,,,,,,,,,,,,,,,,,,,
6788,805_64_64,,,,,,,,,,,,,,,,,,,,,,,,,,,,,,,,,,,,,,,
6789,125_5_6,119_4_5,,,,,,,,,,,,,,,,,,,,,,,,,,,,,,,,,,,,,,
6790,193_?_?,193_?_?,,,,,,,,,,,,,,,,,,,,,,,,,,,,,,,,,,,,,,
6791,125_5_6,126_4_5,,,,,,,,,,,,,,,,,,,,,,,,,,,,,,,,,,,,,,
6792,100_6_10,125_5_6,,,,,,,,,,,,,,,,,,,,,,,,,,,,,,,,,,,,,,
6794,125_5_6,126_4_5,,,,,,,,,,,,,,,,,,,,,,,,,,,,,,,,,,,,,,
6795,125_5_6,174_16_25,,,,,,,,,,,,,,,,,,,,,,,,,,,,,,,,,,,,,,
6796,125_5_6,126_4_5,,,,,,,,,,,,,,,,,,,,,,,,,,,,,,,,,,,,,,
6797,182_1_1,,,,,,,,,,,,,,,,,,,,,,,,,,,,,,,,,,,,,,,
6799,97_23_57,118_21_30,125_21_30,119_21_30,211_4_5,112_2_3,176_6_10,,,,,,,,,,,,,,,,,,,,,,,,,,,,,,,,,
6804,118_16_25,125_36_50,124_16_25,123_26_35,115_2_4,111_1_1,174_81_100,212_4_5,211_4_5,210_4_5,,,,,,,,,,,,,,,,,,,,,,,,,,,,,,
6805,118_26_40,125_26_40,119_26_40,210_4_5,138_3_5,176_6_7,241_6_7,242_6_7,243_6_7,240_6_7,244_6_7,212_4_5,211_4_5,,,,,,,,,,,,,,,,,,,,,,,,,,,
6807,125_36_50,124_16_25,126_21_35,119_21_35,128_1_1,176_4_5,212_4_5,211_4_5,210_4_5,,,,,,,,,,,,,,,,,,,,,,,,,,,,,,,
6811,125_36_50,119_26_40,123_26_40,112_3_4,176_4_5,241_3_4,242_3_4,243_3_4,240_3_4,244_3_4,212_4_5,213_4_5,211_4_5,,,,,,,,,,,,,,,,,,,,,,,,,,,
6812,118_21_35,125_31_45,124_16_25,119_21_35,115_3_4,112_3_4,176_4_5,212_4_5,218_4_5,211_4_5,,,,,,,,,,,,,,,,,,,,,,,,,,,,,,
6813,118_26_40,125_26_40,124_16_25,119_26_40,123_21_35,112_3_4,117_1_1,212_4_5,213_4_5,211_4_5,,,,,,,,,,,,,,,,,,,,,,,,,,,,,,
6817,111_1_1,182_1_1,212_4_5,211_4_5,,,,,,,,,,,,,,,,,,,,,,,,,,,,,,,,,,,,
6819,119_21_30,123_21_30,115_1_3,176_4_5,213_4_5,210_4_5,,,,,,,,,,,,,,,,,,,,,,,,,,,,,,,,,,
6821,100_21_40,95_1_2,125_26_35,119_21_30,123_21_30,182_1_1,,,,,,,,,,,,,,,,,,,,,,,,,,,,,,,,,,
6825,119_16_25,128_1_1,212_4_5,211_4_5,,,,,,,,,,,,,,,,,,,,,,,,,,,,,,,,,,,,
6830,125_21_30,124_16_20,119_21_30,115_1_2,158_301_350,213_3_5,211_3_5,,,,,,,,,,,,,,,,,,,,,,,,,,,,,,,,,
6831,119_26_35,123_26_35,138_11_15,176_3_5,213_3_5,211_3_5,,,,,,,,,,,,,,,,,,,,,,,,,,,,,,,,,,
6832,148_?_?,811_1_1,,,,,,,,,,,,,,,,,,,,,,,,,,,,,,,,,,,,,,
6834,125_21_30,124_16_20,119_21_30,123_21_30,117_1_1,182_1_1,213_4_5,,,,,,,,,,,,,,,,,,,,,,,,,,,,,,,,,
6839,100_1_5,174_10_10,,,,,,,,,,,,,,,,,,,,,,,,,,,,,,,,,,,,,,
6840,100_1_5,174_10_10,,,,,,,,,,,,,,,,,,,,,,,,,,,,,,,,,,,,,,
6850,805_64_64,,,,,,,,,,,,,,,,,,,,,,,,,,,,,,,,,,,,,,,
6856,100_1_3,,,,,,,,,,,,,,,,,,,,,,,,,,,,,,,,,,,,,,,
6857,110_2_2,,,,,,,,,,,,,,,,,,,,,,,,,,,,,,,,,,,,,,,
6867,805_64_64,,,,,,,,,,,,,,,,,,,,,,,,,,,,,,,,,,,,,,,
6869,148_2353_2353,811_1_1,,,,,,,,,,,,,,,,,,,,,,,,,,,,,,,,,,,,,,
6870,148_?_?,811_1_1,35_?_?,,,,,,,,,,,,,,,,,,,,,,,,,,,,,,,,,,,,,
6871,148_?_?,811_1_1,35_?_?,,,,,,,,,,,,,,,,,,,,,,,,,,,,,,,,,,,,,
6872,148_32_32,811_1_1,35_?_?,,,,,,,,,,,,,,,,,,,,,,,,,,,,,,,,,,,,,
6873,148_?_?,811_1_1,35_20_20,,,,,,,,,,,,,,,,,,,,,,,,,,,,,,,,,,,,,
6874,148_46_46,811_1_1,35_21_21,,,,,,,,,,,,,,,,,,,,,,,,,,,,,,,,,,,,,
6875,148_416_416,811_1_1,35_22_22,,,,,,,,,,,,,,,,,,,,,,,,,,,,,,,,,,,,,
6876,148_?_?,811_1_1,35_23_23,,,,,,,,,,,,,,,,,,,,,,,,,,,,,,,,,,,,,
6894,119_600_600,118_600_600,123_600_600,126_600_600,124_600_600,112_40_40,128_2_2,111_3_3,182_10_10,125_1000_1000,,,,,,,,,,,,,,,,,,,,,,,,,,,,,,
6895,118_300_300,119_300_300,123_300_300,126_300_300,128_1_1,111_2_2,112_10_10,182_5_5,125_300_300,124_300_300,,,,,,,,,,,,,,,,,,,,,,,,,,,,,,
6906,188_0_0,,,,,,,,,,,,,,,,,,,,,,,,,,,,,,,,,,,,,,,
6907,188_0_0,,,,,,,,,,,,,,,,,,,,,,,,,,,,,,,,,,,,,,,
6908,125_6_20,115_1_1,,,,,,,,,,,,,,,,,,,,,,,,,,,,,,,,,,,,,,
6909,119_6_15,178_1_1,,,,,,,,,,,,,,,,,,,,,,,,,,,,,,,,,,,,,,
6910,124_6_10,,,,,,,,,,,,,,,,,,,,,,,,,,,,,,,,,,,,,,,
6911,119_1_10,,,,,,,,,,,,,,,,,,,,,,,,,,,,,,,,,,,,,,,
6912,174_11_50,,,,,,,,,,,,,,,,,,,,,,,,,,,,,,,,,,,,,,,
6913,125_6_15,124_6_15,174_11_30,116_2_2,,,,,,,,,,,,,,,,,,,,,,,,,,,,,,,,,,,,
6914,100_7_11,125_1_10,,,,,,,,,,,,,,,,,,,,,,,,,,,,,,,,,,,,,,
6915,123_1_15,178_1_1,,,,,,,,,,,,,,,,,,,,,,,,,,,,,,,,,,,,,,
6916,123_1_30,158_1_100,,,,,,,,,,,,,,,,,,,,,,,,,,,,,,,,,,,,,,
6917,124_1_10,123_1_30,157_11_20,126_11_20,,,,,,,,,,,,,,,,,,,,,,,,,,,,,,,,,,,,
6918,123_1_20,125_1_10,,,,,,,,,,,,,,,,,,,,,,,,,,,,,,,,,,,,,,
6919,241_1_3,242_1_3,243_1_3,157_1_30,152_1_30,,,,,,,,,,,,,,,,,,,,,,,,,,,,,,,,,,,
6920,240_1_3,244_1_3,157_1_30,152_1_30,,,,,,,,,,,,,,,,,,,,,,,,,,,,,,,,,,,,
6921,124_1_15,157_1_30,152_1_30,,,,,,,,,,,,,,,,,,,,,,,,,,,,,,,,,,,,,
6922,124_1_10,115_2_3,157_1_30,152_1_30,211_1_5,,,,,,,,,,,,,,,,,,,,,,,,,,,,,,,,,,,
6923,112_1_3,219_1_10,,,,,,,,,,,,,,,,,,,,,,,,,,,,,,,,,,,,,,
6924,98_3_5,138_3_7,130_6_10,,,,,,,,,,,,,,,,,,,,,,,,,,,,,,,,,,,,,
6925,125_6_20,112_1_3,115_1_1,218_1_10,216_1_10,,,,,,,,,,,,,,,,,,,,,,,,,,,,,,,,,,,
6926,124_1_20,112_1_3,,,,,,,,,,,,,,,,,,,,,,,,,,,,,,,,,,,,,,
6927,124_1_30,112_1_2,,,,,,,,,,,,,,,,,,,,,,,,,,,,,,,,,,,,,,
6928,220_1_3,,,,,,,,,,,,,,,,,,,,,,,,,,,,,,,,,,,,,,,
6929,220_1_2,,,,,,,,,,,,,,,,,,,,,,,,,,,,,,,,,,,,,,,
6930,125_1_30,176_1_10,240_1_6,244_1_6,,,,,,,,,,,,,,,,,,,,,,,,,,,,,,,,,,,,
6931,118_1_30,124_1_10,241_1_6,242_1_6,243_1_6,213_1_5,,,,,,,,,,,,,,,,,,,,,,,,,,,,,,,,,,
6933,125_1_30,138_1_10,240_1_8,244_1_8,210_1_5,,,,,,,,,,,,,,,,,,,,,,,,,,,,,,,,,,,
6934,118_1_20,119_1_20,241_1_8,242_1_8,243_1_8,210_1_5,,,,,,,,,,,,,,,,,,,,,,,,,,,,,,,,,,
6935,124_1_15,158_1_300,240_1_5,244_1_5,212_1_5,,,,,,,,,,,,,,,,,,,,,,,,,,,,,,,,,,,
6936,118_1_30,125_1_30,124_1_15,210_1_5,,,,,,,,,,,,,,,,,,,,,,,,,,,,,,,,,,,,
6937,126_1_30,125_1_30,124_1_15,213_1_5,,,,,,,,,,,,,,,,,,,,,,,,,,,,,,,,,,,,
6938,119_1_30,125_1_30,124_1_15,212_1_5,,,,,,,,,,,,,,,,,,,,,,,,,,,,,,,,,,,,
6939,123_1_30,125_1_30,124_1_15,211_1_5,,,,,,,,,,,,,,,,,,,,,,,,,,,,,,,,,,,,
6940,118_1_10,125_1_30,112_1_3,210_1_5,,,,,,,,,,,,,,,,,,,,,,,,,,,,,,,,,,,,
6941,123_1_10,125_1_30,112_1_3,211_1_5,,,,,,,,,,,,,,,,,,,,,,,,,,,,,,,,,,,,
6942,126_1_10,125_1_30,112_1_3,213_1_5,,,,,,,,,,,,,,,,,,,,,,,,,,,,,,,,,,,,
6943,119_1_10,125_1_30,112_1_3,212_1_5,,,,,,,,,,,,,,,,,,,,,,,,,,,,,,,,,,,,
6944,118_1_20,115_1_4,138_1_10,174_1_100,210_1_5,,,,,,,,,,,,,,,,,,,,,,,,,,,,,,,,,,,
6945,126_1_20,115_1_4,138_1_10,174_1_100,213_1_5,,,,,,,,,,,,,,,,,,,,,,,,,,,,,,,,,,,
6946,119_1_20,115_1_4,138_1_10,174_1_100,212_1_5,,,,,,,,,,,,,,,,,,,,,,,,,,,,,,,,,,,
6947,123_1_20,115_1_4,138_1_10,174_1_100,211_1_5,,,,,,,,,,,,,,,,,,,,,,,,,,,,,,,,,,,
6948,125_1_20,124_1_15,241_1_5,242_1_5,243_1_5,210_1_5,,,,,,,,,,,,,,,,,,,,,,,,,,,,,,,,,,
6949,125_1_20,124_1_15,241_1_5,242_1_5,243_1_5,212_1_5,,,,,,,,,,,,,,,,,,,,,,,,,,,,,,,,,,
6950,125_1_20,124_1_15,241_1_5,242_1_5,243_1_5,213_1_5,,,,,,,,,,,,,,,,,,,,,,,,,,,,,,,,,,
6951,125_1_20,124_1_15,241_1_5,242_1_5,243_1_5,211_1_5,,,,,,,,,,,,,,,,,,,,,,,,,,,,,,,,,,
6952,125_1_40,124_1_20,119_1_40,112_1_5,182_1_1,176_1_10,,,,,,,,,,,,,,,,,,,,,,,,,,,,,,,,,,
6953,125_1_30,119_1_20,128_1_1,240_1_5,244_1_5,210_1_5,,,,,,,,,,,,,,,,,,,,,,,,,,,,,,,,,,
6954,125_1_50,124_1_20,178_1_8,117_1_1,176_1_5,,,,,,,,,,,,,,,,,,,,,,,,,,,,,,,,,,,
6955,118_1_30,125_1_20,123_1_30,112_1_3,210_1_5,,,,,,,,,,,,,,,,,,,,,,,,,,,,,,,,,,,
6956,118_1_25,124_1_15,119_1_25,176_1_10,243_1_6,,,,,,,,,,,,,,,,,,,,,,,,,,,,,,,,,,,
6957,97_6_30,118_1_30,115_1_4,174_1_100,,,,,,,,,,,,,,,,,,,,,,,,,,,,,,,,,,,,
6958,123_11_50,983_?_?,,,,,,,,,,,,,,,,,,,,,,,,,,,,,,,,,,,,,,
6961,125_1_15,115_1_2,,,,,,,,,,,,,,,,,,,,,,,,,,,,,,,,,,,,,,
6963,139_101_200,,,,,,,,,,,,,,,,,,,,,,,,,,,,,,,,,,,,,,,
6964,601_?_?,,,,,,,,,,,,,,,,,,,,,,,,,,,,,,,,,,,,,,,
6965,601_?_?,,,,,,,,,,,,,,,,,,,,,,,,,,,,,,,,,,,,,,,
6966,604_?_?,,,,,,,,,,,,,,,,,,,,,,,,,,,,,,,,,,,,,,,
6967,188_14_14,,,,,,,,,,,,,,,,,,,,,,,,,,,,,,,,,,,,,,,
6968,188_28_28,,,,,,,,,,,,,,,,,,,,,,,,,,,,,,,,,,,,,,,
6969,188_?_?,,,,,,,,,,,,,,,,,,,,,,,,,,,,,,,,,,,,,,,
6970,188_50_50,,,,,,,,,,,,,,,,,,,,,,,,,,,,,,,,,,,,,,,
6971,149_?_?,,,,,,,,,,,,,,,,,,,,,,,,,,,,,,,,,,,,,,,
6975,2151_0_0,,,,,,,,,,,,,,,,,,,,,,,,,,,,,,,,,,,,,,,
6978,800_?_?,808_64_64,806_0_0,807_0_0,,,,,,,,,,,,,,,,,,,,,,,,,,,,,,,,,,,,
6980,128_1_1,,,,,,,,,,,,,,,,,,,,,,,,,,,,,,,,,,,,,,,
6981,100_8_13,98_8_13,128_1_1,118_31_50,125_201_250,119_31_50,112_6_10,225_16_20,226_16_25,174_300_300,,,,,,,,,,,,,,,,,,,,,,,,,,,,,,
6982,98_6_15,119_16_25,124_11_15,,,,,,,,,,,,,,,,,,,,,,,,,,,,,,,,,,,,,
6983,100_13_22,93_4_5,125_201_250,124_31_40,119_31_50,138_16_25,117_1_1,244_5_8,214_6_10,,,,,,,,,,,,,,,,,,,,,,,,,,,,,,,
6984,100_12_15,95_3_4,119_31_50,125_71_100,124_26_40,115_2_3,176_6_10,,,,,,,,,,,,,,,,,,,,,,,,,,,,,,,,,
6986,254_6_10,261_6_8,,,,,,,,,,,,,,,,,,,,,,,,,,,,,,,,,,,,,,
6987,705_32_32,,,,,,,,,,,,,,,,,,,,,,,,,,,,,,,,,,,,,,,
6988,125_301_400,124_41_50,220_11_25,123_41_60,,,,,,,,,,,,,,,,,,,,,,,,,,,,,,,,,,,,
6989,125_151_200,119_31_50,126_31_50,176_16_20,241_6_10,212_6_10,211_6_10,,,,,,,,,,,,,,,,,,,,,,,,,,,,,,,,,
6990,125_101_150,124_21_30,126_31_50,178_6_10,212_6_10,211_6_10,,,,,,,,,,,,,,,,,,,,,,,,,,,,,,,,,,
6991,125_31_40,126_16_25,178_1_5,,,,,,,,,,,,,,,,,,,,,,,,,,,,,,,,,,,,,
6992,124_16_25,178_3_7,,,,,,,,,,,,,,,,,,,,,,,,,,,,,,,,,,,,,,
6993,125_11_15,178_3_7,,,,,,,,,,,,,,,,,,,,,,,,,,,,,,,,,,,,,,
6994,125_26_40,124_11_15,126_21_30,178_3_5,,,,,,,,,,,,,,,,,,,,,,,,,,,,,,,,,,,,
6995,125_71_100,124_16_25,126_26_40,178_6_10,176_11_15,243_6_10,242_6_10,,,,,,,,,,,,,,,,,,,,,,,,,,,,,,,,,
6996,125_16_25,178_3_5,240_3_4,,,,,,,,,,,,,,,,,,,,,,,,,,,,,,,,,,,,,
6997,124_16_25,119_21_30,178_6_8,174_150_150,,,,,,,,,,,,,,,,,,,,,,,,,,,,,,,,,,,,
6998,125_61_100,126_21_35,178_4_6,176_11_15,243_8_12,240_8_12,213_6_10,210_6_10,,,,,,,,,,,,,,,,,,,,,,,,,,,,,,,,
6999,178_1_3,125_11_20,,,,,,,,,,,,,,,,,,,,,,,,,,,,,,,,,,,,,,
7000,178_3_5,125_11_20,157_11_20,,,,,,,,,,,,,,,,,,,,,,,,,,,,,,,,,,,,,
7001,126_21_30,178_3_5,243_1_5,242_1_5,241_1_5,,,,,,,,,,,,,,,,,,,,,,,,,,,,,,,,,,,
7002,125_31_50,124_16_25,178_4_8,112_3_4,176_11_15,244_4_5,243_4_5,,,,,,,,,,,,,,,,,,,,,,,,,,,,,,,,,
7003,125_101_150,124_31_40,178_6_10,111_1_1,126_11_30,243_9_13,240_9_13,212_5_7,211_5_7,,,,,,,,,,,,,,,,,,,,,,,,,,,,,,,
7004,705_64_64,,,,,,,,,,,,,,,,,,,,,,,,,,,,,,,,,,,,,,,
7005,705_96_96,,,,,,,,,,,,,,,,,,,,,,,,,,,,,,,,,,,,,,,
7006,705_?_?,,,,,,,,,,,,,,,,,,,,,,,,,,,,,,,,,,,,,,,
7007,705_32_32,,,,,,,,,,,,,,,,,,,,,,,,,,,,,,,,,,,,,,,
7008,705_64_64,,,,,,,,,,,,,,,,,,,,,,,,,,,,,,,,,,,,,,,
7009,705_96_96,,,,,,,,,,,,,,,,,,,,,,,,,,,,,,,,,,,,,,,
7010,623_0_0,,,,,,,,,,,,,,,,,,,,,,,,,,,,,,,,,,,,,,,
7011,125_41_60,124_16_30,115_3_4,112_4_5,,,,,,,,,,,,,,,,,,,,,,,,,,,,,,,,,,,,
7012,125_41_60,126_21_35,111_1_1,176_11_15,,,,,,,,,,,,,,,,,,,,,,,,,,,,,,,,,,,,
7022,98_7_13,100_10_16,125_151_200,124_16_30,119_31_45,115_4_5,174_151_200,242_6_8,212_6_10,,,,,,,,,,,,,,,,,,,,,,,,,,,,,,,
7029,119_26_40,125_41_60,178_4_6,176_11_15,211_4_5,,,,,,,,,,,,,,,,,,,,,,,,,,,,,,,,,,,
7031,125_31_50,119_21_30,115_2_3,225_6_7,,,,,,,,,,,,,,,,,,,,,,,,,,,,,,,,,,,,
7034,125_71_100,119_36_50,226_16_25,174_201_400,211_6_10,210_6_10,,,,,,,,,,,,,,,,,,,,,,,,,,,,,,,,,,
7037,100_1_40,95_2_3,125_81_110,124_21_30,123_31_45,176_11_15,,,,,,,,,,,,,,,,,,,,,,,,,,,,,,,,,,
7038,125_201_300,115_4_6,174_200_200,,,,,,,,,,,,,,,,,,,,,,,,,,,,,,,,,,,,,
7039,118_16_25,124_11_15,119_16_25,115_2_3,225_4_5,,,,,,,,,,,,,,,,,,,,,,,,,,,,,,,,,,,
7040,108_1_10,99_1_30,125_16_30,126_16_30,178_2_3,,,,,,,,,,,,,,,,,,,,,,,,,,,,,,,,,,,
7041,175_200_200,,,,,,,,,,,,,,,,,,,,,,,,,,,,,,,,,,,,,,,
7042,193_?_?,,,,,,,,,,,,,,,,,,,,,,,,,,,,,,,,,,,,,,,
7043,212_1_10,211_1_10,213_1_10,214_1_10,210_1_10,242_1_10,241_1_10,243_1_10,244_1_10,240_1_10,,,,,,,,,,,,,,,,,,,,,,,,,,,,,,
7056,125_201_300,124_31_40,176_16_30,243_11_15,242_11_15,213_6_8,212_6_8,,,,,,,,,,,,,,,,,,,,,,,,,,,,,,,,,
7057,148_501_501,811_1_1,,,,,,,,,,,,,,,,,,,,,,,,,,,,,,,,,,,,,,
7058,125_201_250,241_6_8,240_6_8,,,,,,,,,,,,,,,,,,,,,,,,,,,,,,,,,,,,,
7061,149_2329_2329,,,,,,,,,,,,,,,,,,,,,,,,,,,,,,,,,,,,,,,
7062,148_79_79,811_1_1,,,,,,,,,,,,,,,,,,,,,,,,,,,,,,,,,,,,,,
7069,254_11_20,251_11_15,264_6_8,,,,,,,,,,,,,,,,,,,,,,,,,,,,,,,,,,,,,
7070,254_21_30,253_21_30,263_11_15,262_11_15,,,,,,,,,,,,,,,,,,,,,,,,,,,,,,,,,,,,
7071,263_5_7,,,,,,,,,,,,,,,,,,,,,,,,,,,,,,,,,,,,,,,
7072,253_26_40,251_26_40,,,,,,,,,,,,,,,,,,,,,,,,,,,,,,,,,,,,,,
7073,253_6_10,252_6_10,263_16_25,261_16_25,,,,,,,,,,,,,,,,,,,,,,,,,,,,,,,,,,,,
7074,253_11_15,250_11_15,,,,,,,,,,,,,,,,,,,,,,,,,,,,,,,,,,,,,,
7075,254_6_15,252_6_15,,,,,,,,,,,,,,,,,,,,,,,,,,,,,,,,,,,,,,
7076,264_5_6,262_5_6,,,,,,,,,,,,,,,,,,,,,,,,,,,,,,,,,,,,,,
7077,251_1_1,,,,,,,,,,,,,,,,,,,,,,,,,,,,,,,,,,,,,,,
7078,254_31_45,253_31_45,252_16_25,264_11_20,262_11_20,,,,,,,,,,,,,,,,,,,,,,,,,,,,,,,,,,,
7079,254_21_30,250_21_30,264_11_15,260_11_15,,,,,,,,,,,,,,,,,,,,,,,,,,,,,,,,,,,,
7080,253_16_25,252_16_25,263_11_20,262_11_20,,,,,,,,,,,,,,,,,,,,,,,,,,,,,,,,,,,,
7081,254_41_55,253_11_25,252_41_55,261_11_20,260_11_20,,,,,,,,,,,,,,,,,,,,,,,,,,,,,,,,,,,
7082,252_16_25,251_16_25,264_6_10,,,,,,,,,,,,,,,,,,,,,,,,,,,,,,,,,,,,,
7083,252_6_10,251_36_55,262_6_10,261_16_25,,,,,,,,,,,,,,,,,,,,,,,,,,,,,,,,,,,,
7084,263_5_7,,,,,,,,,,,,,,,,,,,,,,,,,,,,,,,,,,,,,,,
7085,251_41_55,250_16_25,261_11_15,,,,,,,,,,,,,,,,,,,,,,,,,,,,,,,,,,,,,
7086,254_6_15,260_3_4,,,,,,,,,,,,,,,,,,,,,,,,,,,,,,,,,,,,,,
7087,264_1_3,,,,,,,,,,,,,,,,,,,,,,,,,,,,,,,,,,,,,,,
7088,251_11_20,263_5_7,261_5_7,,,,,,,,,,,,,,,,,,,,,,,,,,,,,,,,,,,,,
7089,254_6_10,264_6_10,,,,,,,,,,,,,,,,,,,,,,,,,,,,,,,,,,,,,,
7090,264_8_13,262_8_13,260_8_13,,,,,,,,,,,,,,,,,,,,,,,,,,,,,,,,,,,,,
7091,263_8_12,,,,,,,,,,,,,,,,,,,,,,,,,,,,,,,,,,,,,,,
7092,262_8_12,,,,,,,,,,,,,,,,,,,,,,,,,,,,,,,,,,,,,,,
7093,260_4_8,,,,,,,,,,,,,,,,,,,,,,,,,,,,,,,,,,,,,,,
7094,261_4_8,,,,,,,,,,,,,,,,,,,,,,,,,,,,,,,,,,,,,,,
7097,812_1_1,,,,,,,,,,,,,,,,,,,,,,,,,,,,,,,,,,,,,,,
7098,100_2_3,,,,,,,,,,,,,,,,,,,,,,,,,,,,,,,,,,,,,,,
7102,108_6_13,123_1_10,,,,,,,,,,,,,,,,,,,,,,,,,,,,,,,,,,,,,,
7103,99_9_13,100_9_13,93_4_5,125_101_150,124_21_40,126_31_50,115_3_4,178_5_7,,,,,,,,,,,,,,,,,,,,,,,,,,,,,,,,
7104,124_16_25,126_16_25,178_3_5,210_4_5,,,,,,,,,,,,,,,,,,,,,,,,,,,,,,,,,,,,
7106,125_6_20,126_6_20,119_6_20,,,,,,,,,,,,,,,,,,,,,,,,,,,,,,,,,,,,,
7107,126_6_20,178_2_3,,,,,,,,,,,,,,,,,,,,,,,,,,,,,,,,,,,,,,
7108,125_6_20,112_1_2,,,,,,,,,,,,,,,,,,,,,,,,,,,,,,,,,,,,,,
7109,125_6_15,124_6_10,115_2_3,225_2_3,,,,,,,,,,,,,,,,,,,,,,,,,,,,,,,,,,,,
7110,101_1_2,108_8_12,,,,,,,,,,,,,,,,,,,,,,,,,,,,,,,,,,,,,,
7112,2159_4_4,,,,,,,,,,,,,,,,,,,,,,,,,,,,,,,,,,,,,,,
7113,125_1_1,,,,,,,,,,,,,,,,,,,,,,,,,,,,,,,,,,,,,,,
7114,112_9_15,,,,,,,,,,,,,,,,,,,,,,,,,,,,,,,,,,,,,,,
7115,117_2_2,,,,,,,,,,,,,,,,,,,,,,,,,,,,,,,,,,,,,,,
7116,126_16_25,119_16_25,115_2_3,178_3_4,174_101_150,241_4_5,,,,,,,,,,,,,,,,,,,,,,,,,,,,,,,,,,
7117,126_21_35,123_21_35,176_4_5,243_3_4,242_3_4,,,,,,,,,,,,,,,,,,,,,,,,,,,,,,,,,,,
7118,125_51_100,119_21_35,123_21_35,112_3_4,176_6_10,213_4_5,212_4_5,,,,,,,,,,,,,,,,,,,,,,,,,,,,,,,,,
7119,125_16_25,119_16_25,112_4_5,225_4_5,226_11_15,,,,,,,,,,,,,,,,,,,,,,,,,,,,,,,,,,,
7120,125_31_50,124_11_20,115_2_3,,,,,,,,,,,,,,,,,,,,,,,,,,,,,,,,,,,,,
7121,125_21_35,138_11_15,174_101_150,242_4_5,241_4_5,,,,,,,,,,,,,,,,,,,,,,,,,,,,,,,,,,,
7122,125_11_15,124_1_5,,,,,,,,,,,,,,,,,,,,,,,,,,,,,,,,,,,,,,
7123,125_21_35,178_4_5,112_4_5,182_1_1,213_1_2,211_1_2,,,,,,,,,,,,,,,,,,,,,,,,,,,,,,,,,,
7128,118_16_30,125_21_35,119_16_30,212_2_3,210_2_3,,,,,,,,,,,,,,,,,,,,,,,,,,,,,,,,,,,
7129,110_1_2000,,,,,,,,,,,,,,,,,,,,,,,,,,,,,,,,,,,,,,,
7131,124_16_25,115_3_4,176_6_10,,,,,,,,,,,,,,,,,,,,,,,,,,,,,,,,,,,,,
7132,125_21_40,243_3_5,242_3_5,241_3_5,240_3_5,,,,,,,,,,,,,,,,,,,,,,,,,,,,,,,,,,,
7136,125_101_150,124_31_40,126_21_40,111_1_1,176_16_20,212_6_10,213_6_10,,,,,,,,,,,,,,,,,,,,,,,,,,,,,,,,,
7137,125_21_35,126_21_35,112_2_3,,,,,,,,,,,,,,,,,,,,,,,,,,,,,,,,,,,,,
7138,126_26_50,125_151_200,124_21_35,112_5_7,177_11_15,213_6_10,212_6_10,,,,,,,,,,,,,,,,,,,,,,,,,,,,,,,,,
7139,119_31_50,125_151_200,123_31_50,225_16_20,226_16_20,176_16_20,244_9_12,214_5_7,210_5_7,,,,,,,,,,,,,,,,,,,,,,,,,,,,,,,
7140,125_151_200,126_31_50,119_31_50,178_4_5,174_300_300,176_16_20,214_4_5,213_4_5,212_4_5,,,,,,,,,,,,,,,,,,,,,,,,,,,,,,,
7141,125_201_250,126_31_50,123_31_50,115_4_5,178_6_10,213_6_10,210_6_10,,,,,,,,,,,,,,,,,,,,,,,,,,,,,,,,,
7142,125_251_300,124_21_40,126_31_50,174_401_600,176_6_10,243_6_10,242_6_10,211_6_10,210_6_10,,,,,,,,,,,,,,,,,,,,,,,,,,,,,,,
7143,118_31_50,125_201_250,119_31_50,115_5_7,112_6_10,225_21_30,138_16_25,174_300_300,,,,,,,,,,,,,,,,,,,,,,,,,,,,,,,,
7144,125_101_150,124_21_35,176_11_15,212_6_10,211_6_10,,,,,,,,,,,,,,,,,,,,,,,,,,,,,,,,,,,
7145,125_201_250,244_6_10,241_6_10,214_6_10,211_6_10,,,,,,,,,,,,,,,,,,,,,,,,,,,,,,,,,,,
7146,125_81_110,126_16_30,119_16_30,178_4_6,241_6_10,240_6_10,,,,,,,,,,,,,,,,,,,,,,,,,,,,,,,,,,
7149,139_10_10,110_10_10,,,,,,,,,,,,,,,,,,,,,,,,,,,,,,,,,,,,,,
7150,125_151_200,126_31_50,119_31_50,115_4_6,112_5_8,211_5_8,210_5_8,,,,,,,,,,,,,,,,,,,,,,,,,,,,,,,,,
7151,118_31_50,125_151_200,119_31_50,225_11_15,226_11_15,176_16_20,212_6_8,210_6_8,,,,,,,,,,,,,,,,,,,,,,,,,,,,,,,,
7152,125_201_250,115_5_7,112_6_10,174_1500_1500,,,,,,,,,,,,,,,,,,,,,,,,,,,,,,,,,,,,
7153,100_16_30,91_6_10,125_151_200,124_21_40,126_31_50,123_31_50,176_11_15,,,,,,,,,,,,,,,,,,,,,,,,,,,,,,,,,
7154,100_9_17,99_9_17,101_1_1,125_101_150,124_21_40,126_31_50,115_4_5,,,,,,,,,,,,,,,,,,,,,,,,,,,,,,,,,
7155,100_6_15,94_3_4,101_1_2,125_151_200,124_21_40,,,,,,,,,,,,,,,,,,,,,,,,,,,,,,,,,,,
7156,100_1_20,108_1_80,125_151_200,126_26_40,182_1_2,124_26_40,,,,,,,,,,,,,,,,,,,,,,,,,,,,,,,,,,
7157,100_10_22,99_10_22,125_201_250,124_21_35,244_5_7,243_5_7,214_4_5,213_4_5,,,,,,,,,,,,,,,,,,,,,,,,,,,,,,,,
7158,100_11_20,93_5_7,125_251_300,124_26_40,98_11_20,119_31_50,115_4_6,112_4_6,,,,,,,,,,,,,,,,,,,,,,,,,,,,,,,,
7159,100_13_21,96_13_21,125_201_250,124_16_25,119_31_50,123_31_50,117_1_1,244_5_7,214_5_7,,,,,,,,,,,,,,,,,,,,,,,,,,,,,,,
7160,100_16_25,94_2_3,101_1_1,112_6_10,125_101_150,124_21_35,126_31_50,212_4_5,211_4_5,,,,,,,,,,,,,,,,,,,,,,,,,,,,,,,
7161,99_6_13,100_6_13,126_31_50,119_31_50,115_4_5,176_11_15,214_4_5,213_4_5,,,,,,,,,,,,,,,,,,,,,,,,,,,,,,,,
7162,91_6_20,93_6_20,119_21_40,123_21_40,112_4_6,,,,,,,,,,,,,,,,,,,,,,,,,,,,,,,,,,,
7163,100_16_25,93_3_4,125_151_200,119_26_45,115_5_6,112_6_7,214_4_5,,,,,,,,,,,,,,,,,,,,,,,,,,,,,,,,,
7164,100_6_13,99_6_13,98_6_13,125_151_200,124_21_40,126_31_50,119_31_50,123_31_50,112_6_10,212_6_10,,,,,,,,,,,,,,,,,,,,,,,,,,,,,,
7165,100_9_13,94_4_5,126_21_40,178_4_6,244_5_7,214_5_7,,,,,,,,,,,,,,,,,,,,,,,,,,,,,,,,,,
7167,100_8_17,178_2_4,,,,,,,,,,,,,,,,,,,,,,,,,,,,,,,,,,,,,,
7168,100_5_8,99_5_8,178_4_5,126_16_25,,,,,,,,,,,,,,,,,,,,,,,,,,,,,,,,,,,,
7169,100_11_20,94_3_4,125_21_35,126_16_25,178_4_5,,,,,,,,,,,,,,,,,,,,,,,,,,,,,,,,,,,
7170,100_1_5,94_2_3,125_41_70,124_21_35,126_26_40,115_5_6,178_4_6,174_151_250,,,,,,,,,,,,,,,,,,,,,,,,,,,,,,,,
7171,100_6_14,99_6_14,125_101_150,126_31_50,119_31_50,178_5_6,128_1_1,213_5_6,210_5_6,,,,,,,,,,,,,,,,,,,,,,,,,,,,,,,
7172,100_6_15,108_1_100,94_1_10,125_101_130,124_21_35,126_21_35,,,,,,,,,,,,,,,,,,,,,,,,,,,,,,,,,,
7173,99_1_7,178_2_3,,,,,,,,,,,,,,,,,,,,,,,,,,,,,,,,,,,,,,
7174,125_6_15,,,,,,,,,,,,,,,,,,,,,,,,,,,,,,,,,,,,,,,
7176,100_7_16,100_7_16,125_201_250,118_31_50,115_5_6,138_16_20,101_1_1,176_11_15,212_5_7,,,,,,,,,,,,,,,,,,,,,,,,,,,,,,,
7177,174_51_100,,,,,,,,,,,,,,,,,,,,,,,,,,,,,,,,,,,,,,,
7178,100_2_11,94_2_3,124_11_15,126_16_30,178_3_5,112_3_5,,,,,,,,,,,,,,,,,,,,,,,,,,,,,,,,,,
7179,620_?_?,,,,,,,,,,,,,,,,,,,,,,,,,,,,,,,,,,,,,,,
7181,94_3_5,100_6_18,92_3_5,125_101_150,124_21_35,,,,,,,,,,,,,,,,,,,,,,,,,,,,,,,,,,,
7182,100_11_35,108_1_100,125_101_130,126_26_40,115_4_5,112_2_3,138_16_20,174_151_200,,,,,,,,,,,,,,,,,,,,,,,,,,,,,,,,
7183,100_13_30,125_21_35,124_16_25,126_21_35,178_4_8,,,,,,,,,,,,,,,,,,,,,,,,,,,,,,,,,,,
7184,100_13_30,125_151_200,117_1_1,,,,,,,,,,,,,,,,,,,,,,,,,,,,,,,,,,,,,
7185,100_14_31,125_101_150,115_5_7,138_16_25,212_3_5,211_3_5,,,,,,,,,,,,,,,,,,,,,,,,,,,,,,,,,,
7186,805_64_64,,,,,,,,,,,,,,,,,,,,,,,,,,,,,,,,,,,,,,,
7187,91_5_6,101_2_3,130_1_5000,138_16_20,123_31_50,125_101_150,,,,,,,,,,,,,,,,,,,,,,,,,,,,,,,,,,
7188,100_13_18,94_3_4,125_101_150,126_26_40,119_26_40,178_4_5,112_4_5,117_1_1,,,,,,,,,,,,,,,,,,,,,,,,,,,,,,,,
7189,99_9_21,100_9_21,125_201_250,124_21_35,126_31_50,112_6_10,212_5_7,214_5_7,211_5_7,210_5_7,,,,,,,,,,,,,,,,,,,,,,,,,,,,,,
7190,100_15_20,115_4_5,128_1_1,119_21_30,125_31_50,174_200_200,,,,,,,,,,,,,,,,,,,,,,,,,,,,,,,,,,
7191,100_5_14,93_5_6,101_1_1,118_31_50,119_31_50,125_101_150,115_5_6,225_16_20,,,,,,,,,,,,,,,,,,,,,,,,,,,,,,,,
7192,97_31_48,118_31_50,125_101_150,119_31_50,112_4_5,214_5_7,,,,,,,,,,,,,,,,,,,,,,,,,,,,,,,,,,
7193,99_18_32,100_11_20,125_151_200,126_31_50,119_21_40,138_16_20,176_11_15,213_4_6,212_4_6,,,,,,,,,,,,,,,,,,,,,,,,,,,,,,,
7194,99_6_15,100_6_15,125_71_100,126_21_40,119_21_40,174_151_250,244_6_8,243_6_8,,,,,,,,,,,,,,,,,,,,,,,,,,,,,,,,
7195,100_29_47,93_4_6,125_201_250,124_21_35,128_1_1,119_31_50,112_6_8,214_5_7,212_5_7,,,,,,,,,,,,,,,,,,,,,,,,,,,,,,,
7197,94_5_8,101_1_1,100_18_36,125_251_300,124_31_40,126_41_50,,,,,,,,,,,,,,,,,,,,,,,,,,,,,,,,,,
7198,100_23_37,118_31_50,119_31_50,124_21_35,115_5_7,125_101_150,,,,,,,,,,,,,,,,,,,,,,,,,,,,,,,,,,
7199,100_11_20,98_11_20,118_31_50,125_151_200,119_31_50,101_1_1,174_300_300,214_5_7,213_5_7,211_5_7,,,,,,,,,,,,,,,,,,,,,,,,,,,,,,
7200,100_15_22,118_16_25,119_16_25,,,,,,,,,,,,,,,,,,,,,,,,,,,,,,,,,,,,,
7201,100_26_37,124_16_25,119_16_25,115_5_7,,,,,,,,,,,,,,,,,,,,,,,,,,,,,,,,,,,,
7202,100_28_41,118_21_35,125_41_60,112_5_6,,,,,,,,,,,,,,,,,,,,,,,,,,,,,,,,,,,,
7203,100_21_40,93_3_4,125_41_60,124_16_25,138_11_20,,,,,,,,,,,,,,,,,,,,,,,,,,,,,,,,,,,
7204,100_10_19,125_21_30,124_11_20,,,,,,,,,,,,,,,,,,,,,,,,,,,,,,,,,,,,,
7205,100_11_20,118_21_30,112_3_4,117_1_1,,,,,,,,,,,,,,,,,,,,,,,,,,,,,,,,,,,,
7206,98_9_13,100_9_13,125_16_25,126_16_25,119_16_25,178_3_4,174_200_200,,,,,,,,,,,,,,,,,,,,,,,,,,,,,,,,,
7207,100_18_27,92_2_3,118_21_35,125_31_50,124_16_25,115_5_6,138_11_15,,,,,,,,,,,,,,,,,,,,,,,,,,,,,,,,,
7208,96_6_30,123_11_20,126_11_20,,,,,,,,,,,,,,,,,,,,,,,,,,,,,,,,,,,,,
7209,100_13_37,118_21_30,119_21_30,112_3_4,,,,,,,,,,,,,,,,,,,,,,,,,,,,,,,,,,,,
7210,100_11_45,125_31_50,124_16_25,115_5_6,112_2_3,174_100_100,,,,,,,,,,,,,,,,,,,,,,,,,,,,,,,,,,
7211,100_6_25,99_6_25,125_51_80,124_21_35,126_21_40,112_5_6,,,,,,,,,,,,,,,,,,,,,,,,,,,,,,,,,,
7212,99_11_20,125_16_25,,,,,,,,,,,,,,,,,,,,,,,,,,,,,,,,,,,,,,
7213,100_24_43,91_5_7,125_151_200,124_26_45,123_31_50,138_11_20,176_16_20,,,,,,,,,,,,,,,,,,,,,,,,,,,,,,,,,
7214,125_16_25,119_16_25,115_1_2,,,,,,,,,,,,,,,,,,,,,,,,,,,,,,,,,,,,,
7215,125_101_150,124_21_35,123_31_40,128_1_1,176_11_15,212_4_5,211_4_5,213_4_5,210_4_5,,,,,,,,,,,,,,,,,,,,,,,,,,,,,,,
7216,124_16_25,115_3_4,128_1_1,,,,,,,,,,,,,,,,,,,,,,,,,,,,,,,,,,,,,
7217,125_201_250,124_21_35,178_3_6,112_3_6,128_1_1,225_16_25,176_16_20,213_4_5,217_4_5,,,,,,,,,,,,,,,,,,,,,,,,,,,,,,,
7218,125_101_150,124_11_20,115_4_5,112_4_5,,,,,,,,,,,,,,,,,,,,,,,,,,,,,,,,,,,,
7219,118_16_25,125_16_25,124_16_25,126_16_25,119_16_25,123_16_25,,,,,,,,,,,,,,,,,,,,,,,,,,,,,,,,,,
7221,125_201_250,124_26_40,119_31_50,178_6_10,112_6_10,111_1_1,174_401_700,244_8_10,214_8_10,,,,,,,,,,,,,,,,,,,,,,,,,,,,,,,
7226,124_6_25,123_11_30,112_2_3,,,,,,,,,,,,,,,,,,,,,,,,,,,,,,,,,,,,,
7227,118_21_35,125_31_50,124_21_35,117_1_1,176_4_5,243_4_5,242_4_5,,,,,,,,,,,,,,,,,,,,,,,,,,,,,,,,,
7228,125_41_60,124_21_30,126_26_40,176_6_10,213_6_10,212_6_10,,,,,,,,,,,,,,,,,,,,,,,,,,,,,,,,,,
7229,119_26_40,124_11_20,112_2_3,244_6_8,242_6_8,,,,,,,,,,,,,,,,,,,,,,,,,,,,,,,,,,,
7230,125_31_60,123_11_20,117_1_1,,,,,,,,,,,,,,,,,,,,,,,,,,,,,,,,,,,,,
7231,118_16_25,125_31_50,225_6_10,174_151_200,241_6_7,240_6_7,,,,,,,,,,,,,,,,,,,,,,,,,,,,,,,,,,
7232,125_26_45,124_16_25,115_3_4,241_4_5,240_4_5,211_6_10,210_6_10,,,,,,,,,,,,,,,,,,,,,,,,,,,,,,,,,
7233,119_11_20,125_21_40,225_3_4,176_6_10,243_6_8,241_6_8,,,,,,,,,,,,,,,,,,,,,,,,,,,,,,,,,,
7234,251_6_7,261_6_15,,,,,,,,,,,,,,,,,,,,,,,,,,,,,,,,,,,,,,
7235,250_16_30,260_11_15,,,,,,,,,,,,,,,,,,,,,,,,,,,,,,,,,,,,,,
7236,253_21_40,252_11_20,263_16_25,,,,,,,,,,,,,,,,,,,,,,,,,,,,,,,,,,,,,
7237,252_16_20,262_11_15,,,,,,,,,,,,,,,,,,,,,,,,,,,,,,,,,,,,,,
7238,124_6_20,158_101_150,211_1_5,,,,,,,,,,,,,,,,,,,,,,,,,,,,,,,,,,,,,
7239,118_21_35,115_3_4,182_1_1,158_301_400,226_11_15,,,,,,,,,,,,,,,,,,,,,,,,,,,,,,,,,,,
7240,125_31_45,126_21_40,115_4_5,178_4_5,112_4_5,244_4_5,243_4_5,,,,,,,,,,,,,,,,,,,,,,,,,,,,,,,,,
7241,125_31_50,124_11_20,119_21_35,212_4_5,213_4_5,,,,,,,,,,,,,,,,,,,,,,,,,,,,,,,,,,,
7242,119_11_30,123_11_30,138_6_20,,,,,,,,,,,,,,,,,,,,,,,,,,,,,,,,,,,,,
7243,118_26_40,125_26_40,128_1_1,213_4_5,212_4_5,,,,,,,,,,,,,,,,,,,,,,,,,,,,,,,,,,,
7244,126_16_25,119_21_40,115_2_3,128_1_1,176_6_10,,,,,,,,,,,,,,,,,,,,,,,,,,,,,,,,,,,
7245,128_1_1,125_21_35,119_21_35,115_3_4,,,,,,,,,,,,,,,,,,,,,,,,,,,,,,,,,,,,
7246,174_101_150,241_7_10,,,,,,,,,,,,,,,,,,,,,,,,,,,,,,,,,,,,,,
7247,125_26_40,124_16_25,112_3_4,211_4_5,210_4_5,,,,,,,,,,,,,,,,,,,,,,,,,,,,,,,,,,,
7248,124_21_30,126_21_30,115_2_3,178_4_5,211_6_10,,,,,,,,,,,,,,,,,,,,,,,,,,,,,,,,,,,
7249,124_16_25,119_16_25,225_2_3,176_6_10,,,,,,,,,,,,,,,,,,,,,,,,,,,,,,,,,,,,
7250,125_11_30,123_11_30,115_2_3,112_1_2,,,,,,,,,,,,,,,,,,,,,,,,,,,,,,,,,,,,
7251,125_31_50,124_11_20,111_1_1,212_4_5,211_4_5,,,,,,,,,,,,,,,,,,,,,,,,,,,,,,,,,,,
7252,125_31_50,126_26_40,123_26_40,178_4_5,111_1_1,212_6_10,,,,,,,,,,,,,,,,,,,,,,,,,,,,,,,,,,
7253,125_21_30,119_21_30,112_2_3,111_1_1,,,,,,,,,,,,,,,,,,,,,,,,,,,,,,,,,,,,
7254,96_5_13,123_11_30,115_2_3,112_1_2,,,,,,,,,,,,,,,,,,,,,,,,,,,,,,,,,,,,
7255,97_11_35,94_3_4,118_26_40,125_31_50,115_3_4,138_16_20,214_4_5,,,,,,,,,,,,,,,,,,,,,,,,,,,,,,,,,
7256,98_11_16,125_21_30,119_21_30,115_2_3,174_151_200,,,,,,,,,,,,,,,,,,,,,,,,,,,,,,,,,,,
7257,99_11_30,94_2_3,101_1_1,125_26_50,126_21_35,115_2_3,,,,,,,,,,,,,,,,,,,,,,,,,,,,,,,,,,
7313,620_?_?,,,,,,,,,,,,,,,,,,,,,,,,,,,,,,,,,,,,,,,
7314,624_?_?,,,,,,,,,,,,,,,,,,,,,,,,,,,,,,,,,,,,,,,
7315,624_?_?,,,,,,,,,,,,,,,,,,,,,,,,,,,,,,,,,,,,,,,
7316,624_?_?,,,,,,,,,,,,,,,,,,,,,,,,,,,,,,,,,,,,,,,
7317,624_?_?,,,,,,,,,,,,,,,,,,,,,,,,,,,,,,,,,,,,,,,
7318,624_?_?,,,,,,,,,,,,,,,,,,,,,,,,,,,,,,,,,,,,,,,
7319,624_?_?,,,,,,,,,,,,,,,,,,,,,,,,,,,,,,,,,,,,,,,
7320,624_?_?,,,,,,,,,,,,,,,,,,,,,,,,,,,,,,,,,,,,,,,
7321,624_?_?,,,,,,,,,,,,,,,,,,,,,,,,,,,,,,,,,,,,,,,
7322,624_?_?,,,,,,,,,,,,,,,,,,,,,,,,,,,,,,,,,,,,,,,
7323,624_?_?,,,,,,,,,,,,,,,,,,,,,,,,,,,,,,,,,,,,,,,
7324,624_?_?,,,,,,,,,,,,,,,,,,,,,,,,,,,,,,,,,,,,,,,
7325,624_?_?,,,,,,,,,,,,,,,,,,,,,,,,,,,,,,,,,,,,,,,
7330,620_?_?,,,,,,,,,,,,,,,,,,,,,,,,,,,,,,,,,,,,,,,
7331,705_?_?,,,,,,,,,,,,,,,,,,,,,,,,,,,,,,,,,,,,,,,
7332,705_32_32,,,,,,,,,,,,,,,,,,,,,,,,,,,,,,,,,,,,,,,
7333,705_64_64,,,,,,,,,,,,,,,,,,,,,,,,,,,,,,,,,,,,,,,
7334,705_96_96,,,,,,,,,,,,,,,,,,,,,,,,,,,,,,,,,,,,,,,
7335,705_?_?,,,,,,,,,,,,,,,,,,,,,,,,,,,,,,,,,,,,,,,
7336,705_?_?,,,,,,,,,,,,,,,,,,,,,,,,,,,,,,,,,,,,,,,
7337,705_?_?,,,,,,,,,,,,,,,,,,,,,,,,,,,,,,,,,,,,,,,
7338,705_?_?,,,,,,,,,,,,,,,,,,,,,,,,,,,,,,,,,,,,,,,
7339,125_51_150,,,,,,,,,,,,,,,,,,,,,,,,,,,,,,,,,,,,,,,
7340,125_21_100,213_4_5,212_4_5,,,,,,,,,,,,,,,,,,,,,,,,,,,,,,,,,,,,,
7341,125_11_50,242_4_6,241_4_6,210_4_5,,,,,,,,,,,,,,,,,,,,,,,,,,,,,,,,,,,,
7342,125_11_40,174_50_50,,,,,,,,,,,,,,,,,,,,,,,,,,,,,,,,,,,,,,
7344,805_64_64,,,,,,,,,,,,,,,,,,,,,,,,,,,,,,,,,,,,,,,
7345,805_64_64,,,,,,,,,,,,,,,,,,,,,,,,,,,,,,,,,,,,,,,
7346,805_64_64,,,,,,,,,,,,,,,,,,,,,,,,,,,,,,,,,,,,,,,
7347,805_64_64,,,,,,,,,,,,,,,,,,,,,,,,,,,,,,,,,,,,,,,
7348,805_64_64,,,,,,,,,,,,,,,,,,,,,,,,,,,,,,,,,,,,,,,
7350,148_?_?,811_1_1,35_77_77,,,,,,,,,,,,,,,,,,,,,,,,,,,,,,,,,,,,,
7351,148_?_?,811_1_1,35_73_73,,,,,,,,,,,,,,,,,,,,,,,,,,,,,,,,,,,,,
7352,148_481_481,811_1_1,35_74_74,,,,,,,,,,,,,,,,,,,,,,,,,,,,,,,,,,,,,
7353,148_434_434,811_1_1,35_75_75,,,,,,,,,,,,,,,,,,,,,,,,,,,,,,,,,,,,,
7354,148_?_?,811_1_1,35_76_76,,,,,,,,,,,,,,,,,,,,,,,,,,,,,,,,,,,,,
7356,149_491_491,,,,,,,,,,,,,,,,,,,,,,,,,,,,,,,,,,,,,,,
7357,149_?_?,,,,,,,,,,,,,,,,,,,,,,,,,,,,,,,,,,,,,,,
7359,620_?_?,,,,,,,,,,,,,,,,,,,,,,,,,,,,,,,,,,,,,,,
7360,620_66_66,,,,,,,,,,,,,,,,,,,,,,,,,,,,,,,,,,,,,,,
7361,620_67_67,,,,,,,,,,,,,,,,,,,,,,,,,,,,,,,,,,,,,,,
7362,620_71_71,,,,,,,,,,,,,,,,,,,,,,,,,,,,,,,,,,,,,,,
7363,620_?_?,,,,,,,,,,,,,,,,,,,,,,,,,,,,,,,,,,,,,,,
7364,620_?_?,,,,,,,,,,,,,,,,,,,,,,,,,,,,,,,,,,,,,,,
7365,620_?_?,,,,,,,,,,,,,,,,,,,,,,,,,,,,,,,,,,,,,,,
7366,620_?_?,,,,,,,,,,,,,,,,,,,,,,,,,,,,,,,,,,,,,,,
7367,620_?_?,,,,,,,,,,,,,,,,,,,,,,,,,,,,,,,,,,,,,,,
7368,100_15_24,101_1_1,124_21_40,125_101_150,126_21_35,178_4_5,174_301_400,176_11_15,,,,,,,,,,,,,,,,,,,,,,,,,,,,,,,,
7371,620_68_68,,,,,,,,,,,,,,,,,,,,,,,,,,,,,,,,,,,,,,,
7372,620_69_69,,,,,,,,,,,,,,,,,,,,,,,,,,,,,,,,,,,,,,,
7387,620_70_70,,,,,,,,,,,,,,,,,,,,,,,,,,,,,,,,,,,,,,,
7388,710_1_1,616_?_?,,,,,,,,,,,,,,,,,,,,,,,,,,,,,,,,,,,,,,
7389,710_1_1,616_?_?,,,,,,,,,,,,,,,,,,,,,,,,,,,,,,,,,,,,,,
7390,710_1_1,616_?_?,,,,,,,,,,,,,,,,,,,,,,,,,,,,,,,,,,,,,,
7391,710_1_1,616_?_?,,,,,,,,,,,,,,,,,,,,,,,,,,,,,,,,,,,,,,
7392,710_1_1,616_?_?,,,,,,,,,,,,,,,,,,,,,,,,,,,,,,,,,,,,,,
7394,710_1_1,616_?_?,,,,,,,,,,,,,,,,,,,,,,,,,,,,,,,,,,,,,,
7395,710_1_1,616_?_?,,,,,,,,,,,,,,,,,,,,,,,,,,,,,,,,,,,,,,
7396,811_?_?,251_5_5,,,,,,,,,,,,,,,,,,,,,,,,,,,,,,,,,,,,,,
7397,811_?_?,253_5_5,,,,,,,,,,,,,,,,,,,,,,,,,,,,,,,,,,,,,,
7398,811_?_?,252_5_5,,,,,,,,,,,,,,,,,,,,,,,,,,,,,,,,,,,,,,
7399,811_?_?,250_5_5,,,,,,,,,,,,,,,,,,,,,,,,,,,,,,,,,,,,,,
7401,986_1_1,,,,,,,,,,,,,,,,,,,,,,,,,,,,,,,,,,,,,,,
7402,986_10_10,,,,,,,,,,,,,,,,,,,,,,,,,,,,,,,,,,,,,,,
7412,986_100_100,,,,,,,,,,,,,,,,,,,,,,,,,,,,,,,,,,,,,,,
7413,10_?_?,,,,,,,,,,,,,,,,,,,,,,,,,,,,,,,,,,,,,,,
7414,800_?_?,808_64_64,806_0_0,807_0_0,,,,,,,,,,,,,,,,,,,,,,,,,,,,,,,,,,,,
7415,800_?_?,808_64_64,806_0_0,807_0_0,,,,,,,,,,,,,,,,,,,,,,,,,,,,,,,,,,,,
7421,615_?_?,,,,,,,,,,,,,,,,,,,,,,,,,,,,,,,,,,,,,,,
7422,983_?_?,,,,,,,,,,,,,,,,,,,,,,,,,,,,,,,,,,,,,,,
7423,193_?_?,,,,,,,,,,,,,,,,,,,,,,,,,,,,,,,,,,,,,,,
7425,148_634_634,811_1_1,,,,,,,,,,,,,,,,,,,,,,,,,,,,,,,,,,,,,,
7426,601_0_0,,,,,,,,,,,,,,,,,,,,,,,,,,,,,,,,,,,,,,,
7427,601_0_0,,,,,,,,,,,,,,,,,,,,,,,,,,,,,,,,,,,,,,,
7428,601_0_0,,,,,,,,,,,,,,,,,,,,,,,,,,,,,,,,,,,,,,,
7429,601_0_0,,,,,,,,,,,,,,,,,,,,,,,,,,,,,,,,,,,,,,,
7430,601_0_0,,,,,,,,,,,,,,,,,,,,,,,,,,,,,,,,,,,,,,,
7431,601_0_0,,,,,,,,,,,,,,,,,,,,,,,,,,,,,,,,,,,,,,,
7432,601_0_0,,,,,,,,,,,,,,,,,,,,,,,,,,,,,,,,,,,,,,,
7433,701_1_1,,,,,,,,,,,,,,,,,,,,,,,,,,,,,,,,,,,,,,,
7434,701_1_1,,,,,,,,,,,,,,,,,,,,,,,,,,,,,,,,,,,,,,,
7435,701_1_1,,,,,,,,,,,,,,,,,,,,,,,,,,,,,,,,,,,,,,,
7436,701_1_1,,,,,,,,,,,,,,,,,,,,,,,,,,,,,,,,,,,,,,,
7437,701_1_1,,,,,,,,,,,,,,,,,,,,,,,,,,,,,,,,,,,,,,,
7438,701_1_1,,,,,,,,,,,,,,,,,,,,,,,,,,,,,,,,,,,,,,,
7439,640_?_?,,,,,,,,,,,,,,,,,,,,,,,,,,,,,,,,,,,,,,,
7440,642_?_?,,,,,,,,,,,,,,,,,,,,,,,,,,,,,,,,,,,,,,,
7441,643_64_64,,,,,,,,,,,,,,,,,,,,,,,,,,,,,,,,,,,,,,,
7442,701_1_1,,,,,,,,,,,,,,,,,,,,,,,,,,,,,,,,,,,,,,,
7443,701_10_10,,,,,,,,,,,,,,,,,,,,,,,,,,,,,,,,,,,,,,,
7444,701_30_30,,,,,,,,,,,,,,,,,,,,,,,,,,,,,,,,,,,,,,,
7445,701_100_100,,,,,,,,,,,,,,,,,,,,,,,,,,,,,,,,,,,,,,,
7446,701_1_1,,,,,,,,,,,,,,,,,,,,,,,,,,,,,,,,,,,,,,,
7447,701_1_1,,,,,,,,,,,,,,,,,,,,,,,,,,,,,,,,,,,,,,,
7448,701_10_10,,,,,,,,,,,,,,,,,,,,,,,,,,,,,,,,,,,,,,,
7449,701_30_30,,,,,,,,,,,,,,,,,,,,,,,,,,,,,,,,,,,,,,,
7450,701_100_100,,,,,,,,,,,,,,,,,,,,,,,,,,,,,,,,,,,,,,,
7451,701_1_1,,,,,,,,,,,,,,,,,,,,,,,,,,,,,,,,,,,,,,,
7452,701_1_1,,,,,,,,,,,,,,,,,,,,,,,,,,,,,,,,,,,,,,,
7453,701_1_1,,,,,,,,,,,,,,,,,,,,,,,,,,,,,,,,,,,,,,,
7454,701_1_1,,,,,,,,,,,,,,,,,,,,,,,,,,,,,,,,,,,,,,,
7455,701_1_1,,,,,,,,,,,,,,,,,,,,,,,,,,,,,,,,,,,,,,,
7456,701_1_1,,,,,,,,,,,,,,,,,,,,,,,,,,,,,,,,,,,,,,,
7457,701_1_1,,,,,,,,,,,,,,,,,,,,,,,,,,,,,,,,,,,,,,,
7458,701_1_1,,,,,,,,,,,,,,,,,,,,,,,,,,,,,,,,,,,,,,,
7459,701_1_1,,,,,,,,,,,,,,,,,,,,,,,,,,,,,,,,,,,,,,,
7460,701_1_1,,,,,,,,,,,,,,,,,,,,,,,,,,,,,,,,,,,,,,,
7461,699_0_0,,,,,,,,,,,,,,,,,,,,,,,,,,,,,,,,,,,,,,,
7462,699_0_0,,,,,,,,,,,,,,,,,,,,,,,,,,,,,,,,,,,,,,,
7463,699_0_0,,,,,,,,,,,,,,,,,,,,,,,,,,,,,,,,,,,,,,,
7464,699_0_0,,,,,,,,,,,,,,,,,,,,,,,,,,,,,,,,,,,,,,,
7465,699_0_0,,,,,,,,,,,,,,,,,,,,,,,,,,,,,,,,,,,,,,,
7466,699_0_0,,,,,,,,,,,,,,,,,,,,,,,,,,,,,,,,,,,,,,,
7467,699_0_0,,,,,,,,,,,,,,,,,,,,,,,,,,,,,,,,,,,,,,,
7468,699_0_0,,,,,,,,,,,,,,,,,,,,,,,,,,,,,,,,,,,,,,,
7469,699_0_0,,,,,,,,,,,,,,,,,,,,,,,,,,,,,,,,,,,,,,,
7470,699_0_0,,,,,,,,,,,,,,,,,,,,,,,,,,,,,,,,,,,,,,,
7471,699_0_0,,,,,,,,,,,,,,,,,,,,,,,,,,,,,,,,,,,,,,,
7472,699_0_0,,,,,,,,,,,,,,,,,,,,,,,,,,,,,,,,,,,,,,,
7473,699_0_0,,,,,,,,,,,,,,,,,,,,,,,,,,,,,,,,,,,,,,,
7474,699_0_0,,,,,,,,,,,,,,,,,,,,,,,,,,,,,,,,,,,,,,,
7475,699_0_0,,,,,,,,,,,,,,,,,,,,,,,,,,,,,,,,,,,,,,,
7476,699_0_0,,,,,,,,,,,,,,,,,,,,,,,,,,,,,,,,,,,,,,,
7477,699_0_0,,,,,,,,,,,,,,,,,,,,,,,,,,,,,,,,,,,,,,,
7478,699_0_0,,,,,,,,,,,,,,,,,,,,,,,,,,,,,,,,,,,,,,,
7479,699_0_0,,,,,,,,,,,,,,,,,,,,,,,,,,,,,,,,,,,,,,,
7480,699_0_0,,,,,,,,,,,,,,,,,,,,,,,,,,,,,,,,,,,,,,,
7481,699_0_0,,,,,,,,,,,,,,,,,,,,,,,,,,,,,,,,,,,,,,,
7482,699_0_0,,,,,,,,,,,,,,,,,,,,,,,,,,,,,,,,,,,,,,,
7483,699_0_0,,,,,,,,,,,,,,,,,,,,,,,,,,,,,,,,,,,,,,,
7484,699_0_0,,,,,,,,,,,,,,,,,,,,,,,,,,,,,,,,,,,,,,,
7485,699_0_0,,,,,,,,,,,,,,,,,,,,,,,,,,,,,,,,,,,,,,,
7486,699_0_0,,,,,,,,,,,,,,,,,,,,,,,,,,,,,,,,,,,,,,,
7487,699_0_0,,,,,,,,,,,,,,,,,,,,,,,,,,,,,,,,,,,,,,,
7488,699_0_0,,,,,,,,,,,,,,,,,,,,,,,,,,,,,,,,,,,,,,,
7489,699_0_0,,,,,,,,,,,,,,,,,,,,,,,,,,,,,,,,,,,,,,,
7490,699_0_0,,,,,,,,,,,,,,,,,,,,,,,,,,,,,,,,,,,,,,,
7491,699_0_0,,,,,,,,,,,,,,,,,,,,,,,,,,,,,,,,,,,,,,,
7492,699_0_0,,,,,,,,,,,,,,,,,,,,,,,,,,,,,,,,,,,,,,,
7493,98_1_1,96_1_1,99_1_1,97_1_1,124_1_5,,,,,,,,,,,,,,,,,,,,,,,,,,,,,,,,,,,
7494,98_1_1,96_1_1,99_1_1,97_1_1,,,,,,,,,,,,,,,,,,,,,,,,,,,,,,,,,,,,
7495,98_1_1,96_1_1,99_1_1,97_1_1,124_1_5,,,,,,,,,,,,,,,,,,,,,,,,,,,,,,,,,,,
7496,645_?_?,,,,,,,,,,,,,,,,,,,,,,,,,,,,,,,,,,,,,,,
7497,647_0_0,,,,,,,,,,,,,,,,,,,,,,,,,,,,,,,,,,,,,,,
7498,646_100_100,,,,,,,,,,,,,,,,,,,,,,,,,,,,,,,,,,,,,,,
7499,601_0_0,,,,,,,,,,,,,,,,,,,,,,,,,,,,,,,,,,,,,,,
7500,601_0_0,,,,,,,,,,,,,,,,,,,,,,,,,,,,,,,,,,,,,,,
7501,601_0_0,,,,,,,,,,,,,,,,,,,,,,,,,,,,,,,,,,,,,,,
7505,615_40_40,,,,,,,,,,,,,,,,,,,,,,,,,,,,,,,,,,,,,,,
7506,615_?_?,,,,,,,,,,,,,,,,,,,,,,,,,,,,,,,,,,,,,,,
7507,615_?_?,,,,,,,,,,,,,,,,,,,,,,,,,,,,,,,,,,,,,,,
7513,125_151_175,124_21_35,119_31_50,123_31_50,128_1_1,176_11_15,214_6_7,210_6_7,,,,,,,,,,,,,,,,,,,,,,,,,,,,,,,,
7514,124_16_25,125_126_150,119_36_50,128_1_1,174_300_300,176_6_10,213_6_8,112_6_10,115_3_4,,,,,,,,,,,,,,,,,,,,,,,,,,,,,,,
7515,124_16_30,125_151_200,119_31_50,138_11_15,176_16_20,226_11_15,244_6_10,243_6_10,213_6_10,212_6_10,115_2_3,216_6_8,174_151_300,,,,,,,,,,,,,,,,,,,,,,,,,,,
7516,119_26_40,125_101_150,123_26_40,138_16_25,182_1_1,174_201_300,176_16_20,243_5_7,115_2_3,213_5_7,,,,,,,,,,,,,,,,,,,,,,,,,,,,,,
7517,605_1_1,,,,,,,,,,,,,,,,,,,,,,,,,,,,,,,,,,,,,,,
7518,800_?_?,808_64_64,806_0_0,807_0_0,983_?_?,,,,,,,,,,,,,,,,,,,,,,,,,,,,,,,,,,,
7519,800_?_?,808_64_64,806_0_0,807_0_0,983_?_?,,,,,,,,,,,,,,,,,,,,,,,,,,,,,,,,,,,
7520,800_?_?,808_64_64,806_0_0,807_0_0,983_?_?,,,,,,,,,,,,,,,,,,,,,,,,,,,,,,,,,,,
7521,983_?_?,,,,,,,,,,,,,,,,,,,,,,,,,,,,,,,,,,,,,,,
7522,800_?_?,808_64_64,806_0_0,807_0_0,983_?_?,,,,,,,,,,,,,,,,,,,,,,,,,,,,,,,,,,,
7523,110_15_15,983_64_64,,,,,,,,,,,,,,,,,,,,,,,,,,,,,,,,,,,,,,
7524,800_?_?,808_64_64,806_0_0,807_0_0,983_?_?,,,,,,,,,,,,,,,,,,,,,,,,,,,,,,,,,,,
7525,983_?_?,,,,,,,,,,,,,,,,,,,,,,,,,,,,,,,,,,,,,,,
7526,983_?_?,,,,,,,,,,,,,,,,,,,,,,,,,,,,,,,,,,,,,,,
7527,983_?_?,,,,,,,,,,,,,,,,,,,,,,,,,,,,,,,,,,,,,,,
7528,620_72_72,,,,,,,,,,,,,,,,,,,,,,,,,,,,,,,,,,,,,,,
7529,620_73_73,,,,,,,,,,,,,,,,,,,,,,,,,,,,,,,,,,,,,,,
7530,620_74_74,,,,,,,,,,,,,,,,,,,,,,,,,,,,,,,,,,,,,,,
7531,620_75_75,,,,,,,,,,,,,,,,,,,,,,,,,,,,,,,,,,,,,,,
7552,128_1_1,,,,,,,,,,,,,,,,,,,,,,,,,,,,,,,,,,,,,,,
7553,124_1_30,176_1_20,125_1_50,112_1_4,,,,,,,,,,,,,,,,,,,,,,,,,,,,,,,,,,,,
7554,178_2_6,112_2_6,125_1_30,182_1_1,,,,,,,,,,,,,,,,,,,,,,,,,,,,,,,,,,,,
7555,126_1_25,123_1_25,119_1_25,118_1_25,124_1_25,,,,,,,,,,,,,,,,,,,,,,,,,,,,,,,,,,,
7556,221_?_?,221_?_?,221_?_?,221_?_?,,,,,,,,,,,,,,,,,,,,,,,,,,,,,,,,,,,,
7559,182_1_2,125_201_250,124_31_50,115_3_4,138_16_25,112_6_10,176_11_20,244_6_10,,,,,,,,,,,,,,,,,,,,,,,,,,,,,,,,
7560,701_1_1,,,,,,,,,,,,,,,,,,,,,,,,,,,,,,,,,,,,,,,
7561,710_1_1,616_?_?,,,,,,,,,,,,,,,,,,,,,,,,,,,,,,,,,,,,,,
7562,710_1_1,616_?_?,,,,,,,,,,,,,,,,,,,,,,,,,,,,,,,,,,,,,,
7563,710_1_1,616_?_?,,,,,,,,,,,,,,,,,,,,,,,,,,,,,,,,,,,,,,
7564,710_1_1,616_?_?,,,,,,,,,,,,,,,,,,,,,,,,,,,,,,,,,,,,,,
7565,710_1_1,616_?_?,,,,,,,,,,,,,,,,,,,,,,,,,,,,,,,,,,,,,,
7566,710_1_1,616_?_?,,,,,,,,,,,,,,,,,,,,,,,,,,,,,,,,,,,,,,
7567,710_1_1,616_?_?,,,,,,,,,,,,,,,,,,,,,,,,,,,,,,,,,,,,,,
7568,710_1_1,616_?_?,,,,,,,,,,,,,,,,,,,,,,,,,,,,,,,,,,,,,,
7569,710_1_1,616_?_?,,,,,,,,,,,,,,,,,,,,,,,,,,,,,,,,,,,,,,
7570,710_1_1,616_?_?,,,,,,,,,,,,,,,,,,,,,,,,,,,,,,,,,,,,,,
7571,710_1_1,616_?_?,,,,,,,,,,,,,,,,,,,,,,,,,,,,,,,,,,,,,,
7572,710_1_1,616_?_?,,,,,,,,,,,,,,,,,,,,,,,,,,,,,,,,,,,,,,
7573,710_1_1,616_?_?,,,,,,,,,,,,,,,,,,,,,,,,,,,,,,,,,,,,,,
7574,710_1_1,616_?_?,,,,,,,,,,,,,,,,,,,,,,,,,,,,,,,,,,,,,,
7575,710_1_1,616_?_?,,,,,,,,,,,,,,,,,,,,,,,,,,,,,,,,,,,,,,
7576,710_1_1,616_?_?,,,,,,,,,,,,,,,,,,,,,,,,,,,,,,,,,,,,,,
7577,710_1_1,616_?_?,,,,,,,,,,,,,,,,,,,,,,,,,,,,,,,,,,,,,,
7578,710_1_1,616_?_?,,,,,,,,,,,,,,,,,,,,,,,,,,,,,,,,,,,,,,
7579,710_1_1,616_?_?,,,,,,,,,,,,,,,,,,,,,,,,,,,,,,,,,,,,,,
7580,710_1_1,616_?_?,,,,,,,,,,,,,,,,,,,,,,,,,,,,,,,,,,,,,,
7581,158_201_400,983_?_?,,,,,,,,,,,,,,,,,,,,,,,,,,,,,,,,,,,,,,
7590,948_0_0,448_1_1,812_64_64,,,,,,,,,,,,,,,,,,,,,,,,,,,,,,,,,,,,,
7591,948_0_0,448_4_4,812_?_?,,,,,,,,,,,,,,,,,,,,,,,,,,,,,,,,,,,,,
7592,948_0_0,448_5_5,812_?_?,,,,,,,,,,,,,,,,,,,,,,,,,,,,,,,,,,,,,
7593,948_0_0,448_1_1,812_96_96,,,,,,,,,,,,,,,,,,,,,,,,,,,,,,,,,,,,,
7594,948_0_0,448_?_?,812_?_?,,,,,,,,,,,,,,,,,,,,,,,,,,,,,,,,,,,,,
7595,948_0_0,448_1_1,812_?_?,,,,,,,,,,,,,,,,,,,,,,,,,,,,,,,,,,,,,
7596,948_0_0,448_?_?,812_?_?,,,,,,,,,,,,,,,,,,,,,,,,,,,,,,,,,,,,,
7597,948_0_0,448_?_?,812_?_?,,,,,,,,,,,,,,,,,,,,,,,,,,,,,,,,,,,,,
7598,948_0_0,448_?_?,812_?_?,,,,,,,,,,,,,,,,,,,,,,,,,,,,,,,,,,,,,
7599,948_0_0,448_32_32,812_1388_1388,,,,,,,,,,,,,,,,,,,,,,,,,,,,,,,,,,,,,
7600,948_0_0,448_4_4,812_?_?,,,,,,,,,,,,,,,,,,,,,,,,,,,,,,,,,,,,,
7601,948_0_0,448_4_4,812_190_190,,,,,,,,,,,,,,,,,,,,,,,,,,,,,,,,,,,,,
7602,948_0_0,448_7_7,812_258_258,,,,,,,,,,,,,,,,,,,,,,,,,,,,,,,,,,,,,
7603,948_0_0,448_32_32,812_1388_1388,,,,,,,,,,,,,,,,,,,,,,,,,,,,,,,,,,,,,
7604,948_0_0,448_?_?,812_2328_2328,,,,,,,,,,,,,,,,,,,,,,,,,,,,,,,,,,,,,
7605,948_0_0,448_2_2,812_64_64,,,,,,,,,,,,,,,,,,,,,,,,,,,,,,,,,,,,,
7606,948_0_0,448_2_2,812_64_64,,,,,,,,,,,,,,,,,,,,,,,,,,,,,,,,,,,,,
7607,948_0_0,448_1_1,812_64_64,,,,,,,,,,,,,,,,,,,,,,,,,,,,,,,,,,,,,
7608,948_0_0,448_4_4,812_?_?,,,,,,,,,,,,,,,,,,,,,,,,,,,,,,,,,,,,,
7609,948_0_0,448_?_?,812_?_?,,,,,,,,,,,,,,,,,,,,,,,,,,,,,,,,,,,,,
7610,948_0_0,448_?_?,812_?_?,,,,,,,,,,,,,,,,,,,,,,,,,,,,,,,,,,,,,
7611,948_0_0,448_32_32,812_1388_1388,,,,,,,,,,,,,,,,,,,,,,,,,,,,,,,,,,,,,
7612,948_0_0,448_5_5,812_?_?,,,,,,,,,,,,,,,,,,,,,,,,,,,,,,,,,,,,,
7613,948_0_0,448_?_?,812_?_?,,,,,,,,,,,,,,,,,,,,,,,,,,,,,,,,,,,,,
7614,948_0_0,448_1_1,812_96_96,,,,,,,,,,,,,,,,,,,,,,,,,,,,,,,,,,,,,
7615,948_0_0,448_1_1,812_?_?,,,,,,,,,,,,,,,,,,,,,,,,,,,,,,,,,,,,,
7616,948_0_0,448_?_?,812_?_?,,,,,,,,,,,,,,,,,,,,,,,,,,,,,,,,,,,,,
7617,948_0_0,448_4_4,812_?_?,,,,,,,,,,,,,,,,,,,,,,,,,,,,,,,,,,,,,
7618,948_0_0,448_4_4,812_190_190,,,,,,,,,,,,,,,,,,,,,,,,,,,,,,,,,,,,,
7619,948_0_0,448_7_7,812_258_258,,,,,,,,,,,,,,,,,,,,,,,,,,,,,,,,,,,,,
7620,948_0_0,448_32_32,812_1388_1388,,,,,,,,,,,,,,,,,,,,,,,,,,,,,,,,,,,,,
7621,948_0_0,448_?_?,812_2328_2328,,,,,,,,,,,,,,,,,,,,,,,,,,,,,,,,,,,,,
7622,948_0_0,448_1_1,812_96_96,,,,,,,,,,,,,,,,,,,,,,,,,,,,,,,,,,,,,
7623,948_0_0,448_1_1,812_64_64,,,,,,,,,,,,,,,,,,,,,,,,,,,,,,,,,,,,,
7624,948_0_0,448_1_1,812_64_64,,,,,,,,,,,,,,,,,,,,,,,,,,,,,,,,,,,,,
7625,948_0_0,448_2_2,812_64_64,,,,,,,,,,,,,,,,,,,,,,,,,,,,,,,,,,,,,
7626,948_0_0,448_1_1,812_96_96,,,,,,,,,,,,,,,,,,,,,,,,,,,,,,,,,,,,,
7627,948_0_0,448_4_4,812_?_?,,,,,,,,,,,,,,,,,,,,,,,,,,,,,,,,,,,,,
7628,948_0_0,448_2_2,812_64_64,,,,,,,,,,,,,,,,,,,,,,,,,,,,,,,,,,,,,
7629,948_0_0,448_?_?,812_?_?,,,,,,,,,,,,,,,,,,,,,,,,,,,,,,,,,,,,,
7634,948_0_0,448_2_2,812_64_64,,,,,,,,,,,,,,,,,,,,,,,,,,,,,,,,,,,,,
7635,948_0_0,448_1_1,812_64_64,,,,,,,,,,,,,,,,,,,,,,,,,,,,,,,,,,,,,
7636,948_0_0,448_1_1,812_64_64,,,,,,,,,,,,,,,,,,,,,,,,,,,,,,,,,,,,,
7637,948_0_0,448_1_1,812_96_96,,,,,,,,,,,,,,,,,,,,,,,,,,,,,,,,,,,,,
7650,100_2_4,174_10_10,,,,,,,,,,,,,,,,,,,,,,,,,,,,,,,,,,,,,,
7651,949_0_0,,,,,,,,,,,,,,,,,,,,,,,,,,,,,,,,,,,,,,,
7673,948_0_0,448_?_?,812_2328_2328,,,,,,,,,,,,,,,,,,,,,,,,,,,,,,,,,,,,,
7674,948_0_0,448_?_?,812_2328_2328,,,,,,,,,,,,,,,,,,,,,,,,,,,,,,,,,,,,,
7675,948_0_0,448_4_4,812_?_?,,,,,,,,,,,,,,,,,,,,,,,,,,,,,,,,,,,,,
7676,948_0_0,448_?_?,812_2328_2328,,,,,,,,,,,,,,,,,,,,,,,,,,,,,,,,,,,,,
7677,948_0_0,448_?_?,812_?_?,,,,,,,,,,,,,,,,,,,,,,,,,,,,,,,,,,,,,
7678,948_0_0,448_5_5,812_?_?,,,,,,,,,,,,,,,,,,,,,,,,,,,,,,,,,,,,,
7679,948_0_0,448_50_50,812_?_?,,,,,,,,,,,,,,,,,,,,,,,,,,,,,,,,,,,,,
7680,125_301_400,124_41_50,112_8_10,138_41_50,176_21_30,214_8_10,,,,,,,,,,,,,,,,,,,,,,,,,,,,,,,,,,
7682,948_0_0,448_1_1,812_?_?,,,,,,,,,,,,,,,,,,,,,,,,,,,,,,,,,,,,,
7683,948_0_0,448_?_?,812_2328_2328,,,,,,,,,,,,,,,,,,,,,,,,,,,,,,,,,,,,,
7684,948_0_0,448_?_?,812_2328_2328,,,,,,,,,,,,,,,,,,,,,,,,,,,,,,,,,,,,,
7685,948_0_0,448_?_?,812_2328_2328,,,,,,,,,,,,,,,,,,,,,,,,,,,,,,,,,,,,,
7686,948_0_0,448_?_?,812_?_?,,,,,,,,,,,,,,,,,,,,,,,,,,,,,,,,,,,,,
7687,948_0_0,448_5_5,812_?_?,,,,,,,,,,,,,,,,,,,,,,,,,,,,,,,,,,,,,
7688,948_0_0,448_50_50,812_?_?,,,,,,,,,,,,,,,,,,,,,,,,,,,,,,,,,,,,,
7689,948_0_0,448_1_1,812_?_?,,,,,,,,,,,,,,,,,,,,,,,,,,,,,,,,,,,,,
7690,948_0_0,448_4_4,812_?_?,,,,,,,,,,,,,,,,,,,,,,,,,,,,,,,,,,,,,
7691,948_0_0,448_7_7,812_?_?,,,,,,,,,,,,,,,,,,,,,,,,,,,,,,,,,,,,,
7692,948_0_0,448_46_46,812_?_?,,,,,,,,,,,,,,,,,,,,,,,,,,,,,,,,,,,,,
7693,948_0_0,448_5_5,812_?_?,,,,,,,,,,,,,,,,,,,,,,,,,,,,,,,,,,,,,
7694,948_0_0,448_?_?,812_2328_2328,,,,,,,,,,,,,,,,,,,,,,,,,,,,,,,,,,,,,
7695,948_0_0,448_?_?,812_?_?,,,,,,,,,,,,,,,,,,,,,,,,,,,,,,,,,,,,,
7696,948_0_0,448_?_?,812_?_?,,,,,,,,,,,,,,,,,,,,,,,,,,,,,,,,,,,,,
7697,948_0_0,448_5_5,812_?_?,,,,,,,,,,,,,,,,,,,,,,,,,,,,,,,,,,,,,
7698,948_0_0,448_32_32,812_1388_1388,,,,,,,,,,,,,,,,,,,,,,,,,,,,,,,,,,,,,
7699,948_0_0,448_?_?,812_?_?,,,,,,,,,,,,,,,,,,,,,,,,,,,,,,,,,,,,,
7700,948_0_0,448_50_50,812_?_?,,,,,,,,,,,,,,,,,,,,,,,,,,,,,,,,,,,,,
7703,800_?_?,808_64_64,806_0_0,807_0_0,,,,,,,,,,,,,,,,,,,,,,,,,,,,,,,,,,,,
7704,800_?_?,808_64_64,806_0_0,807_0_0,983_?_?,,,,,,,,,,,,,,,,,,,,,,,,,,,,,,,,,,,
7705,800_?_?,808_64_64,806_0_0,807_0_0,983_?_?,,,,,,,,,,,,,,,,,,,,,,,,,,,,,,,,,,,
7706,800_?_?,808_64_64,806_0_0,807_0_0,983_?_?,,,,,,,,,,,,,,,,,,,,,,,,,,,,,,,,,,,
7707,800_?_?,808_64_64,983_?_?,,,,,,,,,,,,,,,,,,,,,,,,,,,,,,,,,,,,,
7708,800_?_?,808_64_64,806_0_0,807_0_0,983_?_?,,,,,,,,,,,,,,,,,,,,,,,,,,,,,,,,,,,
7709,800_?_?,808_64_64,806_0_0,807_0_0,983_?_?,,,,,,,,,,,,,,,,,,,,,,,,,,,,,,,,,,,
7710,800_?_?,808_64_64,806_0_0,807_0_0,983_?_?,,,,,,,,,,,,,,,,,,,,,,,,,,,,,,,,,,,
7711,800_?_?,808_64_64,806_0_0,807_0_0,983_?_?,,,,,,,,,,,,,,,,,,,,,,,,,,,,,,,,,,,
7712,800_?_?,808_64_64,806_0_0,807_0_0,983_?_?,,,,,,,,,,,,,,,,,,,,,,,,,,,,,,,,,,,
7713,800_?_?,808_64_64,806_0_0,807_0_0,983_?_?,,,,,,,,,,,,,,,,,,,,,,,,,,,,,,,,,,,
7714,800_?_?,808_64_64,806_0_0,807_0_0,,,,,,,,,,,,,,,,,,,,,,,,,,,,,,,,,,,,
7733,948_0_0,448_1_1,812_64_64,,,,,,,,,,,,,,,,,,,,,,,,,,,,,,,,,,,,,
7734,948_0_0,448_1_1,812_64_64,,,,,,,,,,,,,,,,,,,,,,,,,,,,,,,,,,,,,
7735,948_0_0,448_1_1,812_64_64,,,,,,,,,,,,,,,,,,,,,,,,,,,,,,,,,,,,,
7736,948_0_0,448_1_1,812_64_64,,,,,,,,,,,,,,,,,,,,,,,,,,,,,,,,,,,,,
7737,948_0_0,448_5_5,812_?_?,,,,,,,,,,,,,,,,,,,,,,,,,,,,,,,,,,,,,
7738,948_0_0,448_5_5,812_?_?,,,,,,,,,,,,,,,,,,,,,,,,,,,,,,,,,,,,,
7739,948_0_0,448_?_?,812_?_?,,,,,,,,,,,,,,,,,,,,,,,,,,,,,,,,,,,,,
7740,948_0_0,448_?_?,812_?_?,,,,,,,,,,,,,,,,,,,,,,,,,,,,,,,,,,,,,
7741,948_0_0,448_?_?,812_?_?,,,,,,,,,,,,,,,,,,,,,,,,,,,,,,,,,,,,,
7742,948_0_0,448_?_?,812_?_?,,,,,,,,,,,,,,,,,,,,,,,,,,,,,,,,,,,,,
7743,948_0_0,448_32_32,812_?_?,,,,,,,,,,,,,,,,,,,,,,,,,,,,,,,,,,,,,
7744,948_0_0,448_46_46,812_1388_1388,,,,,,,,,,,,,,,,,,,,,,,,,,,,,,,,,,,,,
7745,948_0_0,448_50_50,812_2328_2328,,,,,,,,,,,,,,,,,,,,,,,,,,,,,,,,,,,,,
7746,948_0_0,448_?_?,812_2328_2328,,,,,,,,,,,,,,,,,,,,,,,,,,,,,,,,,,,,,
7754,111_1_1,,,,,,,,,,,,,,,,,,,,,,,,,,,,,,,,,,,,,,,
7755,948_0_0,448_?_?,812_?_?,,,,,,,,,,,,,,,,,,,,,,,,,,,,,,,,,,,,,
7756,948_0_0,448_32_32,812_1388_1388,,,,,,,,,,,,,,,,,,,,,,,,,,,,,,,,,,,,,
7757,948_0_0,448_5_5,812_?_?,,,,,,,,,,,,,,,,,,,,,,,,,,,,,,,,,,,,,
7758,948_0_0,448_?_?,812_?_?,,,,,,,,,,,,,,,,,,,,,,,,,,,,,,,,,,,,,
7759,948_0_0,448_1_1,812_64_64,,,,,,,,,,,,,,,,,,,,,,,,,,,,,,,,,,,,,
7760,948_0_0,448_1_1,812_?_?,,,,,,,,,,,,,,,,,,,,,,,,,,,,,,,,,,,,,
7761,948_0_0,448_?_?,812_?_?,,,,,,,,,,,,,,,,,,,,,,,,,,,,,,,,,,,,,
7762,948_0_0,448_7_7,812_258_258,,,,,,,,,,,,,,,,,,,,,,,,,,,,,,,,,,,,,
7763,948_0_0,448_4_4,812_?_?,,,,,,,,,,,,,,,,,,,,,,,,,,,,,,,,,,,,,
7764,948_0_0,448_4_4,812_190_190,,,,,,,,,,,,,,,,,,,,,,,,,,,,,,,,,,,,,
7765,948_0_0,448_32_32,812_1388_1388,,,,,,,,,,,,,,,,,,,,,,,,,,,,,,,,,,,,,
7766,948_0_0,448_?_?,812_2328_2328,,,,,,,,,,,,,,,,,,,,,,,,,,,,,,,,,,,,,
7767,948_0_0,448_?_?,812_2328_2328,,,,,,,,,,,,,,,,,,,,,,,,,,,,,,,,,,,,,
7768,948_0_0,448_?_?,812_2328_2328,,,,,,,,,,,,,,,,,,,,,,,,,,,,,,,,,,,,,
7769,948_0_0,448_4_4,812_?_?,,,,,,,,,,,,,,,,,,,,,,,,,,,,,,,,,,,,,
7770,948_0_0,448_?_?,812_2328_2328,,,,,,,,,,,,,,,,,,,,,,,,,,,,,,,,,,,,,
7771,948_0_0,448_1_1,812_?_?,,,,,,,,,,,,,,,,,,,,,,,,,,,,,,,,,,,,,
7772,948_0_0,448_?_?,812_?_?,,,,,,,,,,,,,,,,,,,,,,,,,,,,,,,,,,,,,
7773,948_0_0,448_5_5,812_?_?,,,,,,,,,,,,,,,,,,,,,,,,,,,,,,,,,,,,,
7774,948_0_0,448_50_50,812_?_?,,,,,,,,,,,,,,,,,,,,,,,,,,,,,,,,,,,,,
7775,948_0_0,448_1_1,812_64_64,,,,,,,,,,,,,,,,,,,,,,,,,,,,,,,,,,,,,
7776,948_0_0,448_4_4,812_?_?,,,,,,,,,,,,,,,,,,,,,,,,,,,,,,,,,,,,,
7777,948_0_0,448_?_?,812_?_?,,,,,,,,,,,,,,,,,,,,,,,,,,,,,,,,,,,,,
7778,948_0_0,448_?_?,812_?_?,,,,,,,,,,,,,,,,,,,,,,,,,,,,,,,,,,,,,
7779,948_0_0,448_32_32,812_1388_1388,,,,,,,,,,,,,,,,,,,,,,,,,,,,,,,,,,,,,
7780,948_0_0,448_5_5,812_?_?,,,,,,,,,,,,,,,,,,,,,,,,,,,,,,,,,,,,,
7781,948_0_0,448_?_?,812_?_?,,,,,,,,,,,,,,,,,,,,,,,,,,,,,,,,,,,,,
7782,948_0_0,448_1_1,812_96_96,,,,,,,,,,,,,,,,,,,,,,,,,,,,,,,,,,,,,
7783,948_0_0,448_1_1,812_?_?,,,,,,,,,,,,,,,,,,,,,,,,,,,,,,,,,,,,,
7784,948_0_0,448_?_?,812_?_?,,,,,,,,,,,,,,,,,,,,,,,,,,,,,,,,,,,,,
7785,948_0_0,448_4_4,812_?_?,,,,,,,,,,,,,,,,,,,,,,,,,,,,,,,,,,,,,
7786,948_0_0,448_4_4,812_190_190,,,,,,,,,,,,,,,,,,,,,,,,,,,,,,,,,,,,,
7787,948_0_0,448_7_7,812_258_258,,,,,,,,,,,,,,,,,,,,,,,,,,,,,,,,,,,,,
7788,948_0_0,448_32_32,812_1388_1388,,,,,,,,,,,,,,,,,,,,,,,,,,,,,,,,,,,,,
7789,948_0_0,448_?_?,812_2328_2328,,,,,,,,,,,,,,,,,,,,,,,,,,,,,,,,,,,,,
7790,948_0_0,448_?_?,812_2328_2328,,,,,,,,,,,,,,,,,,,,,,,,,,,,,,,,,,,,,
7791,948_0_0,448_?_?,812_2328_2328,,,,,,,,,,,,,,,,,,,,,,,,,,,,,,,,,,,,,
7792,948_0_0,448_4_4,812_?_?,,,,,,,,,,,,,,,,,,,,,,,,,,,,,,,,,,,,,
7793,948_0_0,448_?_?,812_2328_2328,,,,,,,,,,,,,,,,,,,,,,,,,,,,,,,,,,,,,
7794,948_0_0,448_?_?,812_?_?,,,,,,,,,,,,,,,,,,,,,,,,,,,,,,,,,,,,,
7795,948_0_0,448_5_5,812_?_?,,,,,,,,,,,,,,,,,,,,,,,,,,,,,,,,,,,,,
7796,948_0_0,448_50_50,812_?_?,,,,,,,,,,,,,,,,,,,,,,,,,,,,,,,,,,,,,
7797,948_0_0,448_1_1,812_?_?,,,,,,,,,,,,,,,,,,,,,,,,,,,,,,,,,,,,,
7798,948_0_0,448_2_2,812_64_64,,,,,,,,,,,,,,,,,,,,,,,,,,,,,,,,,,,,,
7799,949_0_0,,,,,,,,,,,,,,,,,,,,,,,,,,,,,,,,,,,,,,,
7800,124_100_100,811_?_?,,,,,,,,,,,,,,,,,,,,,,,,,,,,,,,,,,,,,,
7801,176_100_100,811_?_?,,,,,,,,,,,,,,,,,,,,,,,,,,,,,,,,,,,,,,
7802,193_?_?,983_64_64,2150_?_?,,,,,,,,,,,,,,,,,,,,,,,,,,,,,,,,,,,,,
7803,193_?_?,983_64_64,2150_?_?,,,,,,,,,,,,,,,,,,,,,,,,,,,,,,,,,,,,,
7804,139_5000_5000,,,,,,,,,,,,,,,,,,,,,,,,,,,,,,,,,,,,,,,
7805,620_76_76,,,,,,,,,,,,,,,,,,,,,,,,,,,,,,,,,,,,,,,
7808,125_50_50,119_80_80,,,,,,,,,,,,,,,,,,,,,,,,,,,,,,,,,,,,,,
7810,125_100_100,119_40_40,138_40_40,,,,,,,,,,,,,,,,,,,,,,,,,,,,,,,,,,,,,
7811,125_100_100,,,,,,,,,,,,,,,,,,,,,,,,,,,,,,,,,,,,,,,
7812,125_200_200,138_40_40,,,,,,,,,,,,,,,,,,,,,,,,,,,,,,,,,,,,,,
7813,125_150_150,119_60_60,,,,,,,,,,,,,,,,,,,,,,,,,,,,,,,,,,,,,,
7814,125_50_50,176_80_80,,,,,,,,,,,,,,,,,,,,,,,,,,,,,,,,,,,,,,
7815,125_50_50,138_50_50,,,,,,,,,,,,,,,,,,,,,,,,,,,,,,,,,,,,,,
7816,125_50_50,123_80_80,,,,,,,,,,,,,,,,,,,,,,,,,,,,,,,,,,,,,,
7817,125_50_50,124_40_40,,,,,,,,,,,,,,,,,,,,,,,,,,,,,,,,,,,,,,
7818,125_50_50,118_80_80,,,,,,,,,,,,,,,,,,,,,,,,,,,,,,,,,,,,,,
7819,174_1000_1000,182_2_2,,,,,,,,,,,,,,,,,,,,,,,,,,,,,,,,,,,,,,
7820,125_200_200,128_1_1,,,,,,,,,,,,,,,,,,,,,,,,,,,,,,,,,,,,,,
7821,125_50_50,126_80_80,,,,,,,,,,,,,,,,,,,,,,,,,,,,,,,,,,,,,,
7822,125_200_200,117_2_2,,,,,,,,,,,,,,,,,,,,,,,,,,,,,,,,,,,,,,
7823,174_500_500,125_50_50,124_25_25,182_1_1,,,,,,,,,,,,,,,,,,,,,,,,,,,,,,,,,,,,
7824,174_500_500,125_50_50,119_60_60,182_1_1,,,,,,,,,,,,,,,,,,,,,,,,,,,,,,,,,,,,
7825,174_500_500,125_100_100,128_1_1,182_1_1,,,,,,,,,,,,,,,,,,,,,,,,,,,,,,,,,,,,
7826,174_500_500,125_50_50,123_60_60,182_1_1,,,,,,,,,,,,,,,,,,,,,,,,,,,,,,,,,,,,
7827,174_500_500,125_50_50,138_40_40,182_1_1,,,,,,,,,,,,,,,,,,,,,,,,,,,,,,,,,,,,
7828,174_500_500,125_100_100,182_2_2,,,,,,,,,,,,,,,,,,,,,,,,,,,,,,,,,,,,,
7829,174_500_500,125_50_50,176_40_40,182_1_1,,,,,,,,,,,,,,,,,,,,,,,,,,,,,,,,,,,,
7830,174_500_500,125_50_50,126_60_60,182_1_1,,,,,,,,,,,,,,,,,,,,,,,,,,,,,,,,,,,,
7831,174_500_500,125_50_50,118_60_60,182_1_1,,,,,,,,,,,,,,,,,,,,,,,,,,,,,,,,,,,,
7832,125_100_100,124_25_25,119_60_60,,,,,,,,,,,,,,,,,,,,,,,,,,,,,,,,,,,,,
7833,125_100_100,124_25_25,128_1_1,,,,,,,,,,,,,,,,,,,,,,,,,,,,,,,,,,,,,
7834,125_100_100,124_25_25,123_60_60,,,,,,,,,,,,,,,,,,,,,,,,,,,,,,,,,,,,,
7835,125_100_100,138_40_40,124_25_25,,,,,,,,,,,,,,,,,,,,,,,,,,,,,,,,,,,,,
7836,125_100_100,124_25_25,,,,,,,,,,,,,,,,,,,,,,,,,,,,,,,,,,,,,,
7837,125_100_100,176_40_40,124_25_25,,,,,,,,,,,,,,,,,,,,,,,,,,,,,,,,,,,,,
7838,125_100_100,124_25_25,126_60_60,,,,,,,,,,,,,,,,,,,,,,,,,,,,,,,,,,,,,
7839,125_100_100,124_25_25,118_60_60,,,,,,,,,,,,,,,,,,,,,,,,,,,,,,,,,,,,,
7840,125_100_100,119_30_30,128_1_1,,,,,,,,,,,,,,,,,,,,,,,,,,,,,,,,,,,,,
7841,125_100_100,123_50_50,119_50_50,,,,,,,,,,,,,,,,,,,,,,,,,,,,,,,,,,,,,
7842,125_100_100,119_60_60,176_40_40,,,,,,,,,,,,,,,,,,,,,,,,,,,,,,,,,,,,,
7843,125_100_100,126_50_50,119_50_50,,,,,,,,,,,,,,,,,,,,,,,,,,,,,,,,,,,,,
7844,125_100_100,119_50_50,118_50_50,,,,,,,,,,,,,,,,,,,,,,,,,,,,,,,,,,,,,
7845,125_100_100,123_30_30,128_1_1,,,,,,,,,,,,,,,,,,,,,,,,,,,,,,,,,,,,,
7846,125_100_100,138_20_20,128_1_1,,,,,,,,,,,,,,,,,,,,,,,,,,,,,,,,,,,,,
7847,125_300_300,128_1_1,,,,,,,,,,,,,,,,,,,,,,,,,,,,,,,,,,,,,,
7848,125_100_100,176_40_40,128_1_1,,,,,,,,,,,,,,,,,,,,,,,,,,,,,,,,,,,,,
7849,125_100_100,126_30_30,128_1_1,,,,,,,,,,,,,,,,,,,,,,,,,,,,,,,,,,,,,
7850,125_100_100,118_30_30,128_1_1,,,,,,,,,,,,,,,,,,,,,,,,,,,,,,,,,,,,,
7851,125_100_100,123_40_40,138_40_40,,,,,,,,,,,,,,,,,,,,,,,,,,,,,,,,,,,,,
7852,125_150_150,123_60_60,,,,,,,,,,,,,,,,,,,,,,,,,,,,,,,,,,,,,,
7853,125_100_100,123_60_60,176_40_40,,,,,,,,,,,,,,,,,,,,,,,,,,,,,,,,,,,,,
7854,125_100_100,126_50_50,123_50_50,,,,,,,,,,,,,,,,,,,,,,,,,,,,,,,,,,,,,
7855,125_100_100,123_50_50,118_50_50,,,,,,,,,,,,,,,,,,,,,,,,,,,,,,,,,,,,,
7856,125_100_100,138_40_40,176_40_40,,,,,,,,,,,,,,,,,,,,,,,,,,,,,,,,,,,,,
7857,125_100_100,126_40_40,138_40_40,,,,,,,,,,,,,,,,,,,,,,,,,,,,,,,,,,,,,
7858,125_100_100,118_40_40,138_40_40,,,,,,,,,,,,,,,,,,,,,,,,,,,,,,,,,,,,,
7859,125_200_200,176_40_40,,,,,,,,,,,,,,,,,,,,,,,,,,,,,,,,,,,,,,
7860,125_150_150,126_60_60,,,,,,,,,,,,,,,,,,,,,,,,,,,,,,,,,,,,,,
7861,125_150_150,118_60_60,,,,,,,,,,,,,,,,,,,,,,,,,,,,,,,,,,,,,,
7862,125_100_100,126_60_60,176_40_40,,,,,,,,,,,,,,,,,,,,,,,,,,,,,,,,,,,,,
7863,125_100_100,118_60_60,176_40_40,,,,,,,,,,,,,,,,,,,,,,,,,,,,,,,,,,,,,
7866,125_100_100,126_50_50,118_50_50,,,,,,,,,,,,,,,,,,,,,,,,,,,,,,,,,,,,,
7867,174_500_500,125_200_200,117_1_1,182_1_1,,,,,,,,,,,,,,,,,,,,,,,,,,,,,,,,,,,,
7868,125_200_200,124_25_25,117_1_1,,,,,,,,,,,,,,,,,,,,,,,,,,,,,,,,,,,,,
7869,125_200_200,119_60_60,117_1_1,,,,,,,,,,,,,,,,,,,,,,,,,,,,,,,,,,,,,
7870,125_200_200,128_1_1,117_1_1,,,,,,,,,,,,,,,,,,,,,,,,,,,,,,,,,,,,,
7871,125_200_200,123_60_60,117_1_1,,,,,,,,,,,,,,,,,,,,,,,,,,,,,,,,,,,,,
7872,125_200_200,138_40_40,117_1_1,,,,,,,,,,,,,,,,,,,,,,,,,,,,,,,,,,,,,
7873,125_300_300,117_1_1,,,,,,,,,,,,,,,,,,,,,,,,,,,,,,,,,,,,,,
7874,125_200_200,176_60_60,117_1_1,,,,,,,,,,,,,,,,,,,,,,,,,,,,,,,,,,,,,
7875,125_200_200,126_60_60,117_1_1,,,,,,,,,,,,,,,,,,,,,,,,,,,,,,,,,,,,,
7876,125_200_200,118_60_60,117_1_1,,,,,,,,,,,,,,,,,,,,,,,,,,,,,,,,,,,,,
7879,620_77_77,,,,,,,,,,,,,,,,,,,,,,,,,,,,,,,,,,,,,,,
7880,119_11_15,123_11_15,,,,,,,,,,,,,,,,,,,,,,,,,,,,,,,,,,,,,,
7881,125_21_30,243_4_5,240_4_5,,,,,,,,,,,,,,,,,,,,,,,,,,,,,,,,,,,,,
7882,98_5_12,96_5_12,182_1_1,242_4_5,241_4_5,,,,,,,,,,,,,,,,,,,,,,,,,,,,,,,,,,,
7883,138_6_20,125_26_40,244_4_5,,,,,,,,,,,,,,,,,,,,,,,,,,,,,,,,,,,,,
7884,125_31_50,178_3_4,174_201_300,,,,,,,,,,,,,,,,,,,,,,,,,,,,,,,,,,,,,
7885,119_11_15,123_11_15,115_2_3,158_101_500,,,,,,,,,,,,,,,,,,,,,,,,,,,,,,,,,,,,
7886,119_26_40,123_26_40,243_4_5,240_4_5,,,,,,,,,,,,,,,,,,,,,,,,,,,,,,,,,,,,
7887,125_151_300,157_1_100,154_1_100,155_1_100,152_1_100,214_1_5,213_1_5,244_1_10,243_1_10,,,,,,,,,,,,,,,,,,,,,,,,,,,,,,,
7888,125_51_150,157_1_100,155_1_100,154_1_100,152_1_100,112_5_7,158_101_500,211_1_5,210_1_5,,,,,,,,,,,,,,,,,,,,,,,,,,,,,,,
7889,125_51_150,157_1_100,155_1_100,152_1_100,178_5_7,154_1_100,128_1_1,242_1_10,240_1_10,,,,,,,,,,,,,,,,,,,,,,,,,,,,,,,
7890,101_1_2,93_4_8,155_1_100,154_1_100,152_1_100,157_1_100,125_51_150,,,,,,,,,,,,,,,,,,,,,,,,,,,,,,,,,
7891,800_?_?,808_64_64,806_0_0,807_0_0,983_?_?,,,,,,,,,,,,,,,,,,,,,,,,,,,,,,,,,,,
7892,800_?_?,808_64_64,806_0_0,807_0_0,983_?_?,,,,,,,,,,,,,,,,,,,,,,,,,,,,,,,,,,,
7897,983_?_?,,,,,,,,,,,,,,,,,,,,,,,,,,,,,,,,,,,,,,,
7898,983_?_?,,,,,,,,,,,,,,,,,,,,,,,,,,,,,,,,,,,,,,,
7899,620_78_78,,,,,,,,,,,,,,,,,,,,,,,,,,,,,,,,,,,,,,,
7900,620_79_79,,,,,,,,,,,,,,,,,,,,,,,,,,,,,,,,,,,,,,,
7902,125_51_70,126_21_30,158_301_500,176_11_15,,,,,,,,,,,,,,,,,,,,,,,,,,,,,,,,,,,,
7911,800_?_?,808_64_64,806_0_0,807_0_0,,,,,,,,,,,,,,,,,,,,,,,,,,,,,,,,,,,,
7917,983_64_64,,,,,,,,,,,,,,,,,,,,,,,,,,,,,,,,,,,,,,,
7920,601_?_?,,,,,,,,,,,,,,,,,,,,,,,,,,,,,,,,,,,,,,,
7921,125_151_200,119_46_60,2100_1_1,128_1_1,124_26_35,215_6_8,212_6_8,,,,,,,,,,,,,,,,,,,,,,,,,,,,,,,,,
7929,620_85_85,,,,,,,,,,,,,,,,,,,,,,,,,,,,,,,,,,,,,,,
7930,620_?_?,,,,,,,,,,,,,,,,,,,,,,,,,,,,,,,,,,,,,,,
7931,620_?_?,,,,,,,,,,,,,,,,,,,,,,,,,,,,,,,,,,,,,,,
7932,620_?_?,,,,,,,,,,,,,,,,,,,,,,,,,,,,,,,,,,,,,,,
7934,620_80_80,,,,,,,,,,,,,,,,,,,,,,,,,,,,,,,,,,,,,,,
7939,620_81_81,,,,,,,,,,,,,,,,,,,,,,,,,,,,,,,,,,,,,,,
7940,620_82_82,,,,,,,,,,,,,,,,,,,,,,,,,,,,,,,,,,,,,,,
7941,193_121_121,,,,,,,,,,,,,,,,,,,,,,,,,,,,,,,,,,,,,,,
7942,193_190_190,,,,,,,,,,,,,,,,,,,,,,,,,,,,,,,,,,,,,,,
7943,193_215_215,,,,,,,,,,,,,,,,,,,,,,,,,,,,,,,,,,,,,,,
7944,193_191_191,,,,,,,,,,,,,,,,,,,,,,,,,,,,,,,,,,,,,,,
7945,193_?_?,,,,,,,,,,,,,,,,,,,,,,,,,,,,,,,,,,,,,,,
7946,193_214_214,,,,,,,,,,,,,,,,,,,,,,,,,,,,,,,,,,,,,,,
7947,193_?_?,,,,,,,,,,,,,,,,,,,,,,,,,,,,,,,,,,,,,,,
7948,193_195_195,,,,,,,,,,,,,,,,,,,,,,,,,,,,,,,,,,,,,,,
7949,193_?_?,,,,,,,,,,,,,,,,,,,,,,,,,,,,,,,,,,,,,,,
7950,193_?_?,,,,,,,,,,,,,,,,,,,,,,,,,,,,,,,,,,,,,,,
7951,193_?_?,,,,,,,,,,,,,,,,,,,,,,,,,,,,,,,,,,,,,,,
7952,193_?_?,,,,,,,,,,,,,,,,,,,,,,,,,,,,,,,,,,,,,,,
7953,193_?_?,,,,,,,,,,,,,,,,,,,,,,,,,,,,,,,,,,,,,,,
7954,193_936_936,,,,,,,,,,,,,,,,,,,,,,,,,,,,,,,,,,,,,,,
7955,193_935_935,,,,,,,,,,,,,,,,,,,,,,,,,,,,,,,,,,,,,,,
7956,193_?_?,,,,,,,,,,,,,,,,,,,,,,,,,,,,,,,,,,,,,,,
7957,193_?_?,,,,,,,,,,,,,,,,,,,,,,,,,,,,,,,,,,,,,,,
7958,193_?_?,,,,,,,,,,,,,,,,,,,,,,,,,,,,,,,,,,,,,,,
7959,193_?_?,,,,,,,,,,,,,,,,,,,,,,,,,,,,,,,,,,,,,,,
7960,193_?_?,,,,,,,,,,,,,,,,,,,,,,,,,,,,,,,,,,,,,,,
7961,193_?_?,,,,,,,,,,,,,,,,,,,,,,,,,,,,,,,,,,,,,,,
7962,193_?_?,,,,,,,,,,,,,,,,,,,,,,,,,,,,,,,,,,,,,,,
7963,193_?_?,,,,,,,,,,,,,,,,,,,,,,,,,,,,,,,,,,,,,,,
7964,193_?_?,,,,,,,,,,,,,,,,,,,,,,,,,,,,,,,,,,,,,,,
7965,193_?_?,,,,,,,,,,,,,,,,,,,,,,,,,,,,,,,,,,,,,,,
7966,193_?_?,,,,,,,,,,,,,,,,,,,,,,,,,,,,,,,,,,,,,,,
7967,193_?_?,,,,,,,,,,,,,,,,,,,,,,,,,,,,,,,,,,,,,,,
7968,193_251_251,,,,,,,,,,,,,,,,,,,,,,,,,,,,,,,,,,,,,,,
7969,193_252_252,,,,,,,,,,,,,,,,,,,,,,,,,,,,,,,,,,,,,,,
7970,193_?_?,,,,,,,,,,,,,,,,,,,,,,,,,,,,,,,,,,,,,,,
7971,193_138_138,,,,,,,,,,,,,,,,,,,,,,,,,,,,,,,,,,,,,,,
7972,193_?_?,,,,,,,,,,,,,,,,,,,,,,,,,,,,,,,,,,,,,,,
7973,193_?_?,,,,,,,,,,,,,,,,,,,,,,,,,,,,,,,,,,,,,,,
7974,193_?_?,,,,,,,,,,,,,,,,,,,,,,,,,,,,,,,,,,,,,,,
7975,193_?_?,,,,,,,,,,,,,,,,,,,,,,,,,,,,,,,,,,,,,,,
7976,193_?_?,,,,,,,,,,,,,,,,,,,,,,,,,,,,,,,,,,,,,,,
7977,193_?_?,,,,,,,,,,,,,,,,,,,,,,,,,,,,,,,,,,,,,,,
7978,193_?_?,,,,,,,,,,,,,,,,,,,,,,,,,,,,,,,,,,,,,,,
7979,193_?_?,,,,,,,,,,,,,,,,,,,,,,,,,,,,,,,,,,,,,,,
7980,193_139_139,,,,,,,,,,,,,,,,,,,,,,,,,,,,,,,,,,,,,,,
7981,193_?_?,,,,,,,,,,,,,,,,,,,,,,,,,,,,,,,,,,,,,,,
7982,193_?_?,,,,,,,,,,,,,,,,,,,,,,,,,,,,,,,,,,,,,,,
7983,193_734_734,,,,,,,,,,,,,,,,,,,,,,,,,,,,,,,,,,,,,,,
7984,193_?_?,,,,,,,,,,,,,,,,,,,,,,,,,,,,,,,,,,,,,,,
7985,193_256_256,,,,,,,,,,,,,,,,,,,,,,,,,,,,,,,,,,,,,,,
7986,193_?_?,,,,,,,,,,,,,,,,,,,,,,,,,,,,,,,,,,,,,,,
7987,193_?_?,,,,,,,,,,,,,,,,,,,,,,,,,,,,,,,,,,,,,,,
7988,193_737_737,,,,,,,,,,,,,,,,,,,,,,,,,,,,,,,,,,,,,,,
7989,193_702_702,,,,,,,,,,,,,,,,,,,,,,,,,,,,,,,,,,,,,,,
7990,193_?_?,,,,,,,,,,,,,,,,,,,,,,,,,,,,,,,,,,,,,,,
7991,193_258_258,,,,,,,,,,,,,,,,,,,,,,,,,,,,,,,,,,,,,,,
7992,193_?_?,,,,,,,,,,,,,,,,,,,,,,,,,,,,,,,,,,,,,,,
7993,193_?_?,,,,,,,,,,,,,,,,,,,,,,,,,,,,,,,,,,,,,,,
7994,193_709_709,,,,,,,,,,,,,,,,,,,,,,,,,,,,,,,,,,,,,,,
7995,193_?_?,,,,,,,,,,,,,,,,,,,,,,,,,,,,,,,,,,,,,,,
7996,193_?_?,,,,,,,,,,,,,,,,,,,,,,,,,,,,,,,,,,,,,,,
7999,983_?_?,,,,,,,,,,,,,,,,,,,,,,,,,,,,,,,,,,,,,,,
8000,800_?_?,808_64_64,806_0_0,807_0_0,,,,,,,,,,,,,,,,,,,,,,,,,,,,,,,,,,,,
8003,124_21_30,211_3_4,210_3_4,,,,,,,,,,,,,,,,,,,,,,,,,,,,,,,,,,,,,
8004,125_21_30,117_1_1,182_1_1,213_4_5,,,,,,,,,,,,,,,,,,,,,,,,,,,,,,,,,,,,
8005,100_6_15,93_4_5,119_21_30,112_1_2,,,,,,,,,,,,,,,,,,,,,,,,,,,,,,,,,,,,
8006,178_1_2,128_1_1,214_4_5,,,,,,,,,,,,,,,,,,,,,,,,,,,,,,,,,,,,,
8007,125_31_50,241_7_10,243_7_10,240_7_10,,,,,,,,,,,,,,,,,,,,,,,,,,,,,,,,,,,,
8008,158_101_200,174_201_250,176_11_15,,,,,,,,,,,,,,,,,,,,,,,,,,,,,,,,,,,,,
8009,125_41_60,115_3_4,112_4_6,182_1_1,,,,,,,,,,,,,,,,,,,,,,,,,,,,,,,,,,,,
8010,947_0_0,,,,,,,,,,,,,,,,,,,,,,,,,,,,,,,,,,,,,,,
8011,620_?_?,,,,,,,,,,,,,,,,,,,,,,,,,,,,,,,,,,,,,,,
8013,197_1_1,,,,,,,,,,,,,,,,,,,,,,,,,,,,,,,,,,,,,,,
8021,197_1_1,,,,,,,,,,,,,,,,,,,,,,,,,,,,,,,,,,,,,,,
8022,197_1_1,,,,,,,,,,,,,,,,,,,,,,,,,,,,,,,,,,,,,,,
8023,197_1_1,,,,,,,,,,,,,,,,,,,,,,,,,,,,,,,,,,,,,,,
8024,197_1_1,,,,,,,,,,,,,,,,,,,,,,,,,,,,,,,,,,,,,,,
8025,197_1_1,,,,,,,,,,,,,,,,,,,,,,,,,,,,,,,,,,,,,,,
8026,197_1_1,,,,,,,,,,,,,,,,,,,,,,,,,,,,,,,,,,,,,,,
8027,197_1_1,,,,,,,,,,,,,,,,,,,,,,,,,,,,,,,,,,,,,,,
8028,197_1_1,,,,,,,,,,,,,,,,,,,,,,,,,,,,,,,,,,,,,,,
8029,197_1_1,,,,,,,,,,,,,,,,,,,,,,,,,,,,,,,,,,,,,,,
8030,197_1_1,,,,,,,,,,,,,,,,,,,,,,,,,,,,,,,,,,,,,,,
8031,197_1_1,,,,,,,,,,,,,,,,,,,,,,,,,,,,,,,,,,,,,,,
8032,197_1_1,,,,,,,,,,,,,,,,,,,,,,,,,,,,,,,,,,,,,,,
8033,197_1_1,,,,,,,,,,,,,,,,,,,,,,,,,,,,,,,,,,,,,,,
8034,197_1_1,,,,,,,,,,,,,,,,,,,,,,,,,,,,,,,,,,,,,,,
8035,197_1_1,,,,,,,,,,,,,,,,,,,,,,,,,,,,,,,,,,,,,,,
8036,197_1_1,,,,,,,,,,,,,,,,,,,,,,,,,,,,,,,,,,,,,,,
8037,197_1_1,,,,,,,,,,,,,,,,,,,,,,,,,,,,,,,,,,,,,,,
8038,197_1_1,,,,,,,,,,,,,,,,,,,,,,,,,,,,,,,,,,,,,,,
8039,197_1_1,,,,,,,,,,,,,,,,,,,,,,,,,,,,,,,,,,,,,,,
8040,197_1_1,,,,,,,,,,,,,,,,,,,,,,,,,,,,,,,,,,,,,,,
8041,197_1_1,,,,,,,,,,,,,,,,,,,,,,,,,,,,,,,,,,,,,,,
8042,197_1_1,,,,,,,,,,,,,,,,,,,,,,,,,,,,,,,,,,,,,,,
8043,197_1_1,,,,,,,,,,,,,,,,,,,,,,,,,,,,,,,,,,,,,,,
8044,197_1_1,,,,,,,,,,,,,,,,,,,,,,,,,,,,,,,,,,,,,,,
8045,197_1_1,,,,,,,,,,,,,,,,,,,,,,,,,,,,,,,,,,,,,,,
8049,197_1_1,,,,,,,,,,,,,,,,,,,,,,,,,,,,,,,,,,,,,,,
8067,983_64_64,,,,,,,,,,,,,,,,,,,,,,,,,,,,,,,,,,,,,,,
8068,983_64_64,,,,,,,,,,,,,,,,,,,,,,,,,,,,,,,,,,,,,,,
8069,983_64_64,,,,,,,,,,,,,,,,,,,,,,,,,,,,,,,,,,,,,,,
8070,983_64_64,,,,,,,,,,,,,,,,,,,,,,,,,,,,,,,,,,,,,,,
8071,983_64_64,,,,,,,,,,,,,,,,,,,,,,,,,,,,,,,,,,,,,,,
8072,176_6_30,,,,,,,,,,,,,,,,,,,,,,,,,,,,,,,,,,,,,,,
8079,197_1_1,,,,,,,,,,,,,,,,,,,,,,,,,,,,,,,,,,,,,,,
8080,197_1_1,,,,,,,,,,,,,,,,,,,,,,,,,,,,,,,,,,,,,,,
8081,193_?_?,,,,,,,,,,,,,,,,,,,,,,,,,,,,,,,,,,,,,,,
8087,604_?_?,,,,,,,,,,,,,,,,,,,,,,,,,,,,,,,,,,,,,,,
8088,100_26_33,126_31_50,125_151_200,124_21_40,117_1_1,178_5_7,210_6_8,99_4_6,,,,,,,,,,,,,,,,,,,,,,,,,,,,,,,,
8089,94_1_2,92_1_2,91_1_2,93_1_2,125_151_200,178_5_7,126_21_35,124_21_40,176_6_10,123_21_35,118_21_35,119_21_35,243_6_8,242_6_8,,,,,,,,,,,,,,,,,,,,,,,,,,
8090,94_9_20,126_21_40,176_6_10,182_1_1,124_16_30,125_51_100,178_4_6,,,,,,,,,,,,,,,,,,,,,,,,,,,,,,,,,
8091,100_7_16,98_7_16,94_3_5,119_21_35,126_21_35,118_21_35,124_16_25,125_101_150,112_3_5,176_11_15,,,,,,,,,,,,,,,,,,,,,,,,,,,,,,
8092,100_14_25,118_31_50,125_201_250,112_6_10,226_11_20,119_16_30,101_1_1,244_6_10,242_6_10,138_6_10,,,,,,,,,,,,,,,,,,,,,,,,,,,,,,
8094,100_26_50,92_3_4,118_31_50,125_201_300,176_11_20,112_6_10,117_1_1,,,,,,,,,,,,,,,,,,,,,,,,,,,,,,,,,
8095,100_26_40,94_4_6,126_31_50,119_16_30,174_201_400,125_201_250,112_6_10,244_6_10,,,,,,,,,,,,,,,,,,,,,,,,,,,,,,,,
8096,99_14_23,96_14_23,138_16_25,123_21_40,124_26_40,125_101_150,112_6_10,214_5_7,210_5_7,,,,,,,,,,,,,,,,,,,,,,,,,,,,,,,
8097,97_21_32,118_21_40,125_101_150,128_1_1,112_6_10,174_101_200,176_11_15,182_1_1,115_4_5,,,,,,,,,,,,,,,,,,,,,,,,,,,,,,,
8098,724_?_?,983_-1_-1,,,,,,,,,,,,,,,,,,,,,,,,,,,,,,,,,,,,,,
8099,100_21_32,98_7_16,119_31_50,112_4_6,176_6_15,124_11_20,242_6_10,241_6_10,243_6_10,244_6_10,240_6_10,,,,,,,,,,,,,,,,,,,,,,,,,,,,,
8100,100_9_19,100_9_19,125_51_100,174_201_400,118_21_40,124_16_25,117_1_1,115_2_3,138_6_10,244_4_6,243_4_6,176_6_10,,,,,,,,,,,,,,,,,,,,,,,,,,,,
8101,100_24_42,126_21_40,125_101_150,112_6_10,178_4_6,176_6_10,213_4_6,,,,,,,,,,,,,,,,,,,,,,,,,,,,,,,,,
8103,100_2_21,100_2_21,124_21_40,125_71_90,123_21_35,126_21_35,119_21_35,118_21_35,138_11_20,112_5_7,,,,,,,,,,,,,,,,,,,,,,,,,,,,,,
8104,100_13_27,99_5_7,126_21_35,125_51_100,176_6_15,117_1_1,174_101_200,112_4_6,211_5_8,210_5_8,,,,,,,,,,,,,,,,,,,,,,,,,,,,,,
8106,615_41_41,,,,,,,,,,,,,,,,,,,,,,,,,,,,,,,,,,,,,,,
8107,620_86_86,,,,,,,,,,,,,,,,,,,,,,,,,,,,,,,,,,,,,,,
8108,119_6_15,115_2_3,,,,,,,,,,,,,,,,,,,,,,,,,,,,,,,,,,,,,,
8109,124_1_10,119_6_15,,,,,,,,,,,,,,,,,,,,,,,,,,,,,,,,,,,,,,
8110,93_3_4,94_3_4,119_1_1,795_1_1,,,,,,,,,,,,,,,,,,,,,,,,,,,,,,,,,,,,
8111,125_6_15,126_6_15,119_6_15,,,,,,,,,,,,,,,,,,,,,,,,,,,,,,,,,,,,,
8112,112_1_3,,,,,,,,,,,,,,,,,,,,,,,,,,,,,,,,,,,,,,,
8113,126_6_15,119_6_15,158_1_200,,,,,,,,,,,,,,,,,,,,,,,,,,,,,,,,,,,,,
8114,124_6_15,,,,,,,,,,,,,,,,,,,,,,,,,,,,,,,,,,,,,,,
8116,126_6_30,119_6_30,115_1_5,182_1_2,176_1_10,214_1_5,,,,,,,,,,,,,,,,,,,,,,,,,,,,,,,,,,
8117,125_6_55,124_6_20,112_1_4,117_1_1,174_1_200,,,,,,,,,,,,,,,,,,,,,,,,,,,,,,,,,,,
8118,108_11_30,178_1_3,138_6_20,,,,,,,,,,,,,,,,,,,,,,,,,,,,,,,,,,,,,
8119,125_6_55,119_6_30,178_1_3,241_1_3,242_1_3,243_1_3,240_1_3,,,,,,,,,,,,,,,,,,,,,,,,,,,,,,,,,
8120,125_6_45,124_6_15,126_6_15,178_1_3,,,,,,,,,,,,,,,,,,,,,,,,,,,,,,,,,,,,
8121,178_1_4,112_1_4,,,,,,,,,,,,,,,,,,,,,,,,,,,,,,,,,,,,,,
8122,124_1_10,128_1_1,242_1_3,243_1_3,240_1_3,241_1_3,,,,,,,,,,,,,,,,,,,,,,,,,,,,,,,,,,
8123,112_1_1,174_1_50,,,,,,,,,,,,,,,,,,,,,,,,,,,,,,,,,,,,,,
8124,125_11_15,123_11_15,,,,,,,,,,,,,,,,,,,,,,,,,,,,,,,,,,,,,,
8125,124_6_10,,,,,,,,,,,,,,,,,,,,,,,,,,,,,,,,,,,,,,,
8126,178_1_1,182_1_1,217_4_5,,,,,,,,,,,,,,,,,,,,,,,,,,,,,,,,,,,,,
8127,91_4_5,125_11_15,115_2_3,218_11_15,215_11_15,,,,,,,,,,,,,,,,,,,,,,,,,,,,,,,,,,,
8128,125_11_15,124_1_5,,,,,,,,,,,,,,,,,,,,,,,,,,,,,,,,,,,,,,
8129,119_6_30,115_2_5,112_2_5,176_1_10,,,,,,,,,,,,,,,,,,,,,,,,,,,,,,,,,,,,
8130,97_16_35,118_6_30,125_6_55,124_1_15,115_2_3,,,,,,,,,,,,,,,,,,,,,,,,,,,,,,,,,,,
8131,123_6_10,158_101_200,,,,,,,,,,,,,,,,,,,,,,,,,,,,,,,,,,,,,,
8132,115_2_4,182_1_1,174_1_100,176_1_10,,,,,,,,,,,,,,,,,,,,,,,,,,,,,,,,,,,,
8133,125_6_45,124_6_15,112_1_4,117_1_1,,,,,,,,,,,,,,,,,,,,,,,,,,,,,,,,,,,,
8134,125_6_45,112_1_4,226_6_20,214_1_5,,,,,,,,,,,,,,,,,,,,,,,,,,,,,,,,,,,,
8136,125_6_30,115_1_3,178_1_4,214_2_3,,,,,,,,,,,,,,,,,,,,,,,,,,,,,,,,,,,,
8145,139_1_10,,,,,,,,,,,,,,,,,,,,,,,,,,,,,,,,,,,,,,,
8146,126_16_25,119_16_25,178_4_5,112_4_5,128_1_1,241_5_7,240_5_7,,,,,,,,,,,,,,,,,,,,,,,,,,,,,,,,,
8147,125_41_60,124_16_25,119_26_35,115_2_3,138_11_15,117_1_1,174_101_200,243_5_7,242_5_7,,,,,,,,,,,,,,,,,,,,,,,,,,,,,,,
8148,98_13_24,100_9_14,126_26_35,119_26_35,112_4_5,138_11_15,,,,,,,,,,,,,,,,,,,,,,,,,,,,,,,,,,
8149,125_31_50,119_16_25,126_16_25,117_1_1,212_4_5,211_4_5,,,,,,,,,,,,,,,,,,,,,,,,,,,,,,,,,,
8150,125_31_50,124_16_25,126_16_25,119_16_25,111_1_1,241_4_5,240_4_5,,,,,,,,,,,,,,,,,,,,,,,,,,,,,,,,,
8151,983_?_?,800_?_?,808_64_64,,,,,,,,,,,,,,,,,,,,,,,,,,,,,,,,,,,,,
8152,125_21_35,124_16_25,119_16_25,112_4_5,182_1_1,158_201_300,174_101_150,,,,,,,,,,,,,,,,,,,,,,,,,,,,,,,,,
8153,983_?_?,800_?_?,808_64_64,,,,,,,,,,,,,,,,,,,,,,,,,,,,,,,,,,,,,
8154,983_?_?,800_?_?,808_64_64,,,,,,,,,,,,,,,,,,,,,,,,,,,,,,,,,,,,,
8155,983_?_?,800_?_?,808_64_64,,,,,,,,,,,,,,,,,,,,,,,,,,,,,,,,,,,,,
8163,138_21_35,112_4_6,125_71_100,182_1_1,178_4_6,210_4_6,211_4_6,174_101_150,,,,,,,,,,,,,,,,,,,,,,,,,,,,,,,,
8164,983_?_?,,,,,,,,,,,,,,,,,,,,,,,,,,,,,,,,,,,,,,,
8165,983_?_?,,,,,,,,,,,,,,,,,,,,,,,,,,,,,,,,,,,,,,,
8166,983_?_?,,,,,,,,,,,,,,,,,,,,,,,,,,,,,,,,,,,,,,,
8167,983_?_?,,,,,,,,,,,,,,,,,,,,,,,,,,,,,,,,,,,,,,,
8168,222_38_38,,,,,,,,,,,,,,,,,,,,,,,,,,,,,,,,,,,,,,,
8169,239_0_0,811_3_3,,,,,,,,,,,,,,,,,,,,,,,,,,,,,,,,,,,,,,
8170,239_0_0,811_3_3,,,,,,,,,,,,,,,,,,,,,,,,,,,,,,,,,,,,,,
8181,125_51_70,124_16_25,119_26_40,115_3_4,176_4_5,243_5_6,242_5_6,,,,,,,,,,,,,,,,,,,,,,,,,,,,,,,,,
8184,197_1_1,,,,,,,,,,,,,,,,,,,,,,,,,,,,,,,,,,,,,,,
8185,197_1_1,,,,,,,,,,,,,,,,,,,,,,,,,,,,,,,,,,,,,,,
8186,197_1_1,,,,,,,,,,,,,,,,,,,,,,,,,,,,,,,,,,,,,,,
8187,197_1_1,,,,,,,,,,,,,,,,,,,,,,,,,,,,,,,,,,,,,,,
8188,197_1_1,,,,,,,,,,,,,,,,,,,,,,,,,,,,,,,,,,,,,,,
8211,983_?_?,800_?_?,808_64_64,807_0_0,806_0_0,,,,,,,,,,,,,,,,,,,,,,,,,,,,,,,,,,,
8213,126_1_1,,,,,,,,,,,,,,,,,,,,,,,,,,,,,,,,,,,,,,,
8214,123_1_1,,,,,,,,,,,,,,,,,,,,,,,,,,,,,,,,,,,,,,,
8215,124_1_1,,,,,,,,,,,,,,,,,,,,,,,,,,,,,,,,,,,,,,,
8216,119_1_1,,,,,,,,,,,,,,,,,,,,,,,,,,,,,,,,,,,,,,,
8217,118_1_1,,,,,,,,,,,,,,,,,,,,,,,,,,,,,,,,,,,,,,,
8218,125_1_1,,,,,,,,,,,,,,,,,,,,,,,,,,,,,,,,,,,,,,,
8219,126_1_1,,,,,,,,,,,,,,,,,,,,,,,,,,,,,,,,,,,,,,,
8220,123_1_1,,,,,,,,,,,,,,,,,,,,,,,,,,,,,,,,,,,,,,,
8221,124_1_1,,,,,,,,,,,,,,,,,,,,,,,,,,,,,,,,,,,,,,,
8222,119_1_1,,,,,,,,,,,,,,,,,,,,,,,,,,,,,,,,,,,,,,,
8223,118_1_1,,,,,,,,,,,,,,,,,,,,,,,,,,,,,,,,,,,,,,,
8224,125_1_1,,,,,,,,,,,,,,,,,,,,,,,,,,,,,,,,,,,,,,,
8225,126_1_1,,,,,,,,,,,,,,,,,,,,,,,,,,,,,,,,,,,,,,,
8226,123_1_1,,,,,,,,,,,,,,,,,,,,,,,,,,,,,,,,,,,,,,,
8227,124_1_1,,,,,,,,,,,,,,,,,,,,,,,,,,,,,,,,,,,,,,,
8228,119_1_1,,,,,,,,,,,,,,,,,,,,,,,,,,,,,,,,,,,,,,,
8229,118_1_1,,,,,,,,,,,,,,,,,,,,,,,,,,,,,,,,,,,,,,,
8230,125_1_1,,,,,,,,,,,,,,,,,,,,,,,,,,,,,,,,,,,,,,,
8231,126_1_1,,,,,,,,,,,,,,,,,,,,,,,,,,,,,,,,,,,,,,,
8232,123_1_1,,,,,,,,,,,,,,,,,,,,,,,,,,,,,,,,,,,,,,,
8233,119_1_1,,,,,,,,,,,,,,,,,,,,,,,,,,,,,,,,,,,,,,,
8234,124_1_1,,,,,,,,,,,,,,,,,,,,,,,,,,,,,,,,,,,,,,,
8235,125_1_1,,,,,,,,,,,,,,,,,,,,,,,,,,,,,,,,,,,,,,,
8236,118_1_1,,,,,,,,,,,,,,,,,,,,,,,,,,,,,,,,,,,,,,,
8237,126_1_1,,,,,,,,,,,,,,,,,,,,,,,,,,,,,,,,,,,,,,,
8238,123_1_1,,,,,,,,,,,,,,,,,,,,,,,,,,,,,,,,,,,,,,,
8239,124_1_1,,,,,,,,,,,,,,,,,,,,,,,,,,,,,,,,,,,,,,,
8240,119_1_1,,,,,,,,,,,,,,,,,,,,,,,,,,,,,,,,,,,,,,,
8241,118_1_1,,,,,,,,,,,,,,,,,,,,,,,,,,,,,,,,,,,,,,,
8242,125_1_1,,,,,,,,,,,,,,,,,,,,,,,,,,,,,,,,,,,,,,,
8243,126_1_1,,,,,,,,,,,,,,,,,,,,,,,,,,,,,,,,,,,,,,,
8244,123_1_1,,,,,,,,,,,,,,,,,,,,,,,,,,,,,,,,,,,,,,,
8245,124_1_1,,,,,,,,,,,,,,,,,,,,,,,,,,,,,,,,,,,,,,,
8246,119_1_1,,,,,,,,,,,,,,,,,,,,,,,,,,,,,,,,,,,,,,,
8247,118_1_1,,,,,,,,,,,,,,,,,,,,,,,,,,,,,,,,,,,,,,,
8248,125_1_1,,,,,,,,,,,,,,,,,,,,,,,,,,,,,,,,,,,,,,,
8253,125_6_15,,,,,,,,,,,,,,,,,,,,,,,,,,,,,,,,,,,,,,,
8254,182_1_1,,,,,,,,,,,,,,,,,,,,,,,,,,,,,,,,,,,,,,,
8255,96_1_18,123_1_10,,,,,,,,,,,,,,,,,,,,,,,,,,,,,,,,,,,,,,
8256,119_6_15,,,,,,,,,,,,,,,,,,,,,,,,,,,,,,,,,,,,,,,
8257,158_1_200,,,,,,,,,,,,,,,,,,,,,,,,,,,,,,,,,,,,,,,
8258,174_1_100,,,,,,,,,,,,,,,,,,,,,,,,,,,,,,,,,,,,,,,
8259,125_1_20,112_1_1,117_1_1,217_1_5,216_1_5,218_1_5,219_1_5,,,,,,,,,,,,,,,,,,,,,,,,,,,,,,,,,
8260,119_31_50,138_11_20,125_201_250,174_201_400,117_1_1,124_21_40,115_3_5,176_11_15,214_5_7,112_6_10,216_4_6,215_4_6,,,,,,,,,,,,,,,,,,,,,,,,,,,,
8262,118_31_50,138_6_15,115_2_3,111_1_1,176_11_20,124_21_30,125_151_200,212_6_10,211_6_10,112_2_4,,,,,,,,,,,,,,,,,,,,,,,,,,,,,,
8263,118_26_40,174_101_200,176_6_15,119_21_30,125_71_100,112_4_5,244_4_6,117_1_1,213_5_7,,,,,,,,,,,,,,,,,,,,,,,,,,,,,,,
8264,118_31_50,128_1_1,124_16_30,125_71_120,176_11_15,242_4_8,241_4_8,115_2_3,138_4_5,182_1_2,212_6_9,211_6_9,215_4_7,174_101_200,158_201_300,243_4_8,244_4_8,240_4_8,,,,,,,,,,,,,,,,,,,,,,
8265,118_31_50,138_11_15,125_151_200,124_21_30,115_2_3,112_5_7,176_11_20,174_201_400,214_5_7,213_6_10,,,,,,,,,,,,,,,,,,,,,,,,,,,,,,
8266,118_31_50,125_151_200,176_11_20,124_26_40,112_4_6,117_1_1,214_3_4,211_3_4,217_4_7,,,,,,,,,,,,,,,,,,,,,,,,,,,,,,,
8267,118_31_55,138_11_20,112_6_10,176_11_20,125_201_270,124_21_40,115_3_4,126_16_25,119_16_25,214_3_4,,,,,,,,,,,,,,,,,,,,,,,,,,,,,,
8268,111_1_1,125_151_200,124_21_45,182_2_3,178_4_6,176_11_15,,,,,,,,,,,,,,,,,,,,,,,,,,,,,,,,,,
8269,125_61_100,176_7_10,182_1_2,242_4_6,243_4_6,124_11_20,174_51_100,,,,,,,,,,,,,,,,,,,,,,,,,,,,,,,,,
8270,123_26_40,125_101_130,176_11_20,138_6_10,112_4_6,178_4_6,243_4_7,124_16_30,240_4_7,211_4_6,174_101_200,,,,,,,,,,,,,,,,,,,,,,,,,,,,,
8271,123_21_35,125_51_80,119_21_35,176_6_10,115_3_4,138_3_5,124_16_25,174_101_150,112_3_5,118_21_35,,,,,,,,,,,,,,,,,,,,,,,,,,,,,,
8272,123_26_40,126_26_40,124_26_40,125_181_230,111_1_1,117_1_1,112_6_10,115_3_4,176_16_25,138_11_15,,,,,,,,,,,,,,,,,,,,,,,,,,,,,,
8273,119_21_35,124_16_25,125_31_50,115_2_3,138_16_20,178_3_5,112_3_5,212_4_6,210_4_6,111_1_1,,,,,,,,,,,,,,,,,,,,,,,,,,,,,,
8274,100_21_40,92_3_5,125_51_100,138_16_25,112_4_6,176_6_10,182_1_2,124_21_40,,,,,,,,,,,,,,,,,,,,,,,,,,,,,,,,
8275,100_13_27,91_3_5,94_3_5,123_21_40,126_21_40,125_71_120,178_4_6,176_16_25,124_11_20,211_4_6,211_4_6,,,,,,,,,,,,,,,,,,,,,,,,,,,,,
8276,125_101_150,124_21_35,176_11_15,182_2_3,178_3_5,240_4_6,244_4_6,128_1_1,211_3_5,,,,,,,,,,,,,,,,,,,,,,,,,,,,,,,
8277,126_31_50,119_16_30,128_1_1,125_151_200,117_1_1,112_6_10,178_4_6,124_11_20,176_11_20,217_4_6,,,,,,,,,,,,,,,,,,,,,,,,,,,,,,
8278,123_26_40,128_1_1,125_46_70,124_16_25,182_1_1,112_2_3,176_6_10,242_6_10,241_6_10,243_6_10,,,,,,,,,,,,,,,,,,,,,,,,,,,,,,
8279,125_121_170,124_21_40,176_6_15,182_3_4,178_4_6,214_6_10,,,,,,,,,,,,,,,,,,,,,,,,,,,,,,,,,,
8280,126_31_50,123_31_50,125_201_250,124_16_25,115_3_4,176_16_30,112_6_10,,,,,,,,,,,,,,,,,,,,,,,,,,,,,,,,,
8281,123_26_40,176_11_15,112_4_6,125_81_110,213_4_6,242_4_5,241_4_5,122_2_4,212_4_6,243_4_5,244_4_5,240_4_5,,,,,,,,,,,,,,,,,,,,,,,,,,,,
8282,125_131_200,124_26_40,182_2_3,176_11_20,242_6_8,243_6_8,178_5_7,,,,,,,,,,,,,,,,,,,,,,,,,,,,,,,,,
8283,123_31_50,126_31_50,125_181_250,176_16_25,158_500_500,138_11_15,178_5_8,244_4_6,242_4_6,124_21_40,240_4_6,182_1_1,,,,,,,,,,,,,,,,,,,,,,,,,,,,
8284,123_31_50,138_16_25,126_31_50,125_201_270,178_5_8,115_3_5,124_21_35,174_101_200,176_16_25,213_4_6,,,,,,,,,,,,,,,,,,,,,,,,,,,,,,
8285,123_21_35,119_21_35,115_2_4,112_4_6,124_21_30,242_1_10,241_1_10,211_4_6,176_6_10,243_1_10,240_1_10,244_1_10,,,,,,,,,,,,,,,,,,,,,,,,,,,,
8286,176_16_25,117_1_1,125_101_150,182_2_3,112_4_6,212_6_8,213_6_8,,,,,,,,,,,,,,,,,,,,,,,,,,,,,,,,,
8287,125_151_200,212_6_13,211_6_13,213_6_13,214_6_13,210_6_13,,,,,,,,,,,,,,,,,,,,,,,,,,,,,,,,,,
8288,123_31_50,118_31_50,125_101_150,124_21_40,158_301_500,112_3_4,115_2_3,176_11_20,174_101_200,242_4_5,241_4_5,210_4_6,243_4_5,244_4_5,240_4_5,,,,,,,,,,,,,,,,,,,,,,,,,
8289,138_16_25,125_101_150,124_11_20,176_11_15,182_1_1,178_4_6,112_4_6,,,,,,,,,,,,,,,,,,,,,,,,,,,,,,,,,
8290,119_31_50,124_26_40,125_71_100,111_1_1,115_1_2,112_5_7,226_11_20,243_4_6,213_4_6,174_201_300,176_16_25,,,,,,,,,,,,,,,,,,,,,,,,,,,,,
8291,126_26_45,115_3_4,125_71_120,123_26_45,112_4_6,176_11_20,178_3_5,158_201_300,128_1_1,210_5_8,211_5_8,,,,,,,,,,,,,,,,,,,,,,,,,,,,,
8292,97_16_25,98_16_25,118_26_45,119_26_45,124_26_40,125_71_100,176_6_10,212_5_8,213_5_8,,,,,,,,,,,,,,,,,,,,,,,,,,,,,,,
8293,100_23_37,91_4_6,123_21_40,119_16_25,124_11_20,125_51_80,115_3_4,176_11_15,112_4_6,242_5_7,240_5_7,,,,,,,,,,,,,,,,,,,,,,,,,,,,,
8294,100_21_35,94_3_5,126_31_50,125_101_150,124_21_30,115_3_4,178_5_8,243_6_10,,,,,,,,,,,,,,,,,,,,,,,,,,,,,,,,
8295,97_18_33,118_21_40,138_6_10,112_6_10,125_51_100,115_3_5,124_11_20,176_11_15,243_4_5,,,,,,,,,,,,,,,,,,,,,,,,,,,,,,,
8296,100_16_22,119_31_50,125_101_150,176_6_10,112_4_6,178_4_6,124_16_25,243_6_10,,,,,,,,,,,,,,,,,,,,,,,,,,,,,,,,
8297,97_24_43,118_26_45,125_81_130,176_11_20,124_11_25,112_4_6,119_21_40,174_201_400,213_6_10,214_6_10,,,,,,,,,,,,,,,,,,,,,,,,,,,,,,
8298,123_21_30,125_26_40,124_11_15,115_1_2,112_2_3,111_1_1,182_1_1,176_6_7,,,,,,,,,,,,,,,,,,,,,,,,,,,,,,,,
8299,126_21_30,125_36_50,124_16_20,123_16_20,119_16_20,138_11_15,212_4_5,210_4_5,,,,,,,,,,,,,,,,,,,,,,,,,,,,,,,,
8300,99_15_26,91_2_3,115_1_2,112_1_2,138_4_5,174_31_40,126_26_35,125_26_35,,,,,,,,,,,,,,,,,,,,,,,,,,,,,,,,
8301,126_21_30,125_36_50,123_21_30,115_1_2,112_1_2,128_1_1,242_3_4,241_3_4,243_3_4,212_4_5,,,,,,,,,,,,,,,,,,,,,,,,,,,,,,
8302,125_26_35,124_16_20,123_26_35,182_1_1,158_201_250,242_2_3,241_2_3,243_2_3,244_2_3,240_2_3,213_4_5,210_4_5,,,,,,,,,,,,,,,,,,,,,,,,,,,,
8303,126_21_30,124_11_15,138_4_5,176_4_5,242_2_3,241_2_3,243_2_3,213_3_5,210_3_5,210_3_5,,,,,,,,,,,,,,,,,,,,,,,,,,,,,,
8304,125_26_35,124_21_30,112_1_2,117_1_1,176_8_10,212_3_5,,,,,,,,,,,,,,,,,,,,,,,,,,,,,,,,,,
8316,620_89_89,,,,,,,,,,,,,,,,,,,,,,,,,,,,,,,,,,,,,,,
8317,620_?_?,,,,,,,,,,,,,,,,,,,,,,,,,,,,,,,,,,,,,,,
8318,620_88_88,,,,,,,,,,,,,,,,,,,,,,,,,,,,,,,,,,,,,,,
8319,620_87_87,,,,,,,,,,,,,,,,,,,,,,,,,,,,,,,,,,,,,,,
8325,124_26_50,174_301_500,117_1_2,127_1_1,125_61_100,112_5_8,178_5_8,,,,,,,,,,,,,,,,,,,,,,,,,,,,,,,,,
8330,126_31_45,115_3_4,125_31_50,182_1_2,212_3_5,174_151_200,,,,,,,,,,,,,,,,,,,,,,,,,,,,,,,,,,
8331,118_26_40,119_26_40,125_51_90,176_6_10,112_4_6,174_151_250,115_1_2,213_6_8,,,,,,,,,,,,,,,,,,,,,,,,,,,,,,,,
8333,125_11_15,174_51_60,,,,,,,,,,,,,,,,,,,,,,,,,,,,,,,,,,,,,,
8334,124_6_10,158_51_60,,,,,,,,,,,,,,,,,,,,,,,,,,,,,,,,,,,,,,
8335,222_1_1,,,,,,,,,,,,,,,,,,,,,,,,,,,,,,,,,,,,,,,
8336,222_2_2,,,,,,,,,,,,,,,,,,,,,,,,,,,,,,,,,,,,,,,
8337,222_3_3,,,,,,,,,,,,,,,,,,,,,,,,,,,,,,,,,,,,,,,
8338,100_1_2,812_?_?,,,,,,,,,,,,,,,,,,,,,,,,,,,,,,,,,,,,,,
8339,222_4_4,,,,,,,,,,,,,,,,,,,,,,,,,,,,,,,,,,,,,,,
8340,222_5_5,,,,,,,,,,,,,,,,,,,,,,,,,,,,,,,,,,,,,,,
8341,983_?_?,,,,,,,,,,,,,,,,,,,,,,,,,,,,,,,,,,,,,,,
8366,126_51_70,124_31_50,178_6_10,112_6_10,138_6_10,176_11_15,243_6_10,213_6_10,,,,,,,,,,,,,,,,,,,,,,,,,,,,,,,,
8377,699_0_0,,,,,,,,,,,,,,,,,,,,,,,,,,,,,,,,,,,,,,,
8378,193_0_0,,,,,,,,,,,,,,,,,,,,,,,,,,,,,,,,,,,,,,,
8379,701_3_3,,,,,,,,,,,,,,,,,,,,,,,,,,,,,,,,,,,,,,,
8411,125_71_100,124_16_25,112_3_4,138_16_25,117_1_1,111_1_1,243_3_5,241_3_5,242_3_5,240_3_5,244_3_5,213_3_4,,,,,,,,,,,,,,,,,,,,,,,,,,,,
8412,125_71_100,126_21_30,123_21_30,178_4_5,112_4_5,176_11_15,213_4_5,212_4_5,,,,,,,,,,,,,,,,,,,,,,,,,,,,,,,,
8413,91_4_11,94_4_11,101_1_1,124_16_25,138_16_25,127_1_1,,,,,,,,,,,,,,,,,,,,,,,,,,,,,,,,,,
8414,97_5_10,99_5_10,111_1_1,118_26_40,126_26_40,119_26_40,178_4_6,112_4_6,125_101_150,241_5_7,,,,,,,,,,,,,,,,,,,,,,,,,,,,,,
8415,125_71_100,124_16_25,112_4_6,138_16_25,128_1_1,174_151_250,242_4_5,241_4_5,243_4_5,244_4_5,240_4_5,213_4_5,,,,,,,,,,,,,,,,,,,,,,,,,,,,
8416,125_101_150,124_21_35,138_26_35,182_1_2,174_101_150,212_4_6,211_4_6,213_4_6,210_4_6,,,,,,,,,,,,,,,,,,,,,,,,,,,,,,,
8417,100_6_14,96_6_8,123_21_40,125_101_150,176_11_15,138_6_10,118_21_40,112_4_5,242_5_7,241_5_7,218_5_7,219_5_7,240_5_7,,,,,,,,,,,,,,,,,,,,,,,,,,,
8418,125_71_100,124_16_25,126_21_30,123_21_30,112_5_7,138_11_15,117_1_1,212_4_5,211_4_5,213_4_5,,,,,,,,,,,,,,,,,,,,,,,,,,,,,,
8419,91_9_15,176_11_15,123_26_40,125_151_200,124_16_30,174_101_150,,,,,,,,,,,,,,,,,,,,,,,,,,,,,,,,,,
8420,100_18_33,95_4_6,123_26_40,125_101_150,176_11_15,124_16_25,112_5_8,,,,,,,,,,,,,,,,,,,,,,,,,,,,,,,,,
8424,983_64_64,,,,,,,,,,,,,,,,,,,,,,,,,,,,,,,,,,,,,,,
8425,194_10000_10000,983_?_?,,,,,,,,,,,,,,,,,,,,,,,,,,,,,,,,,,,,,,
8428,208_?_?,193_?_?,,,,,,,,,,,,,,,,,,,,,,,,,,,,,,,,,,,,,,
8430,228_?_?,,,,,,,,,,,,,,,,,,,,,,,,,,,,,,,,,,,,,,,
8431,208_815_815,,,,,,,,,,,,,,,,,,,,,,,,,,,,,,,,,,,,,,,
8435,228_?_?,,,,,,,,,,,,,,,,,,,,,,,,,,,,,,,,,,,,,,,
8441,182_1_2,117_1_2,178_6_10,174_1_2000,125_51_100,,,,,,,,,,,,,,,,,,,,,,,,,,,,,,,,,,,
8442,119_26_40,124_16_25,125_51_80,115_3_4,225_6_10,138_6_10,226_16_25,242_4_6,240_4_6,,,,,,,,,,,,,,,,,,,,,,,,,,,,,,,
8443,119_31_40,124_11_20,112_4_5,125_41_70,225_6_8,226_11_20,214_4_6,,,,,,,,,,,,,,,,,,,,,,,,,,,,,,,,,
8444,98_17_20,130_21_30,119_26_40,125_41_60,115_2_3,112_3_5,225_6_10,226_21_30,174_100_100,,,,,,,,,,,,,,,,,,,,,,,,,,,,,,,
8445,119_26_40,111_1_1,125_41_70,124_16_25,225_6_10,226_16_25,243_4_6,,,,,,,,,,,,,,,,,,,,,,,,,,,,,,,,,
8446,119_21_35,125_41_60,124_21_30,128_1_1,225_6_10,226_16_25,213_3_4,,,,,,,,,,,,,,,,,,,,,,,,,,,,,,,,,
8447,119_31_45,125_41_60,124_11_15,115_3_4,117_1_1,225_6_10,226_16_25,174_101_200,214_4_6,,,,,,,,,,,,,,,,,,,,,,,,,,,,,,,
8448,119_21_30,124_11_20,125_31_50,112_4_5,138_4_5,225_5_8,226_11_20,174_101_150,176_4_5,,,,,,,,,,,,,,,,,,,,,,,,,,,,,,,
8449,197_1_1,,,,,,,,,,,,,,,,,,,,,,,,,,,,,,,,,,,,,,,
8450,98_23_38,95_3_5,119_26_35,118_11_20,125_31_50,115_3_4,112_2_3,,,,,,,,,,,,,,,,,,,,,,,,,,,,,,,,,
8451,119_26_35,118_16_25,125_51_100,124_11_20,115_2_3,112_4_6,138_6_10,174_101_200,243_4_6,,,,,,,,,,,,,,,,,,,,,,,,,,,,,,,
8452,119_26_40,118_21_30,125_41_70,124_11_20,117_1_1,242_4_6,244_4_6,213_4_6,,,,,,,,,,,,,,,,,,,,,,,,,,,,,,,,
8453,119_26_35,118_16_25,125_31_50,124_11_20,112_4_6,111_1_1,174_200_200,,,,,,,,,,,,,,,,,,,,,,,,,,,,,,,,,
8454,119_21_30,118_11_20,125_31_40,124_11_20,112_3_4,242_4_6,241_4_6,243_4_6,244_4_6,240_4_6,,,,,,,,,,,,,,,,,,,,,,,,,,,,,,
8455,119_26_40,118_16_25,125_51_80,112_3_4,115_3_4,176_6_10,210_4_6,,,,,,,,,,,,,,,,,,,,,,,,,,,,,,,,,
8456,119_26_40,118_16_25,125_41_60,124_11_15,128_1_1,176_6_10,212_2_3,,,,,,,,,,,,,,,,,,,,,,,,,,,,,,,,,
8457,119_31_50,126_21_30,124_11_20,125_151_200,176_6_10,112_4_6,138_11_15,178_5_7,240_4_6,241_4_6,210_5_7,211_5_7,,,,,,,,,,,,,,,,,,,,,,,,,,,,
8458,119_31_45,126_16_30,125_101_150,124_11_20,176_11_15,117_1_1,112_4_6,178_4_6,242_4_6,243_4_6,212_5_7,213_5_7,,,,,,,,,,,,,,,,,,,,,,,,,,,,
8459,111_1_1,119_26_40,126_16_30,125_101_150,124_16_25,112_6_10,174_201_400,176_11_15,214_6_10,,,,,,,,,,,,,,,,,,,,,,,,,,,,,,,
8460,125_101_130,119_26_40,138_6_10,176_11_15,115_3_4,112_4_6,243_5_7,240_5_7,212_5_7,,,,,,,,,,,,,,,,,,,,,,,,,,,,,,,
8461,119_31_50,126_16_30,124_16_25,176_11_15,125_151_200,158_500_500,182_1_1,138_6_10,112_6_10,241_6_10,244_6_10,211_5_8,,,,,,,,,,,,,,,,,,,,,,,,,,,,
8462,119_26_40,126_21_35,125_121_170,176_6_10,128_1_1,124_16_25,112_5_7,178_5_7,244_4_6,214_4_6,210_4_6,,,,,,,,,,,,,,,,,,,,,,,,,,,,,
8463,123_31_50,118_26_40,124_26_40,125_151_200,112_5_7,138_6_10,176_6_10,213_5_7,,,,,,,,,,,,,,,,,,,,,,,,,,,,,,,,
8464,118_21_30,123_26_45,125_51_100,124_16_25,112_4_5,138_6_10,174_101_200,176_6_10,212_6_10,211_6_10,,,,,,,,,,,,,,,,,,,,,,,,,,,,,,
8465,123_26_40,118_21_30,125_51_100,124_11_20,111_1_1,176_6_10,112_4_6,243_5_7,213_6_10,,,,,,,,,,,,,,,,,,,,,,,,,,,,,,,
8466,123_26_40,118_21_30,125_81_130,124_26_35,176_6_10,211_4_6,210_4_6,,,,,,,,,,,,,,,,,,,,,,,,,,,,,,,,,
8467,123_31_50,118_21_35,125_81_130,124_26_35,112_4_6,128_1_1,176_11_15,243_5_7,,,,,,,,,,,,,,,,,,,,,,,,,,,,,,,,
8468,123_31_45,118_21_35,125_101_150,124_11_20,176_11_15,112_4_6,115_3_4,240_4_6,242_4_6,241_4_6,243_4_6,244_4_6,,,,,,,,,,,,,,,,,,,,,,,,,,,,
8469,118_26_40,126_26_40,124_16_25,125_151_200,176_11_15,111_1_1,112_6_10,178_6_8,174_201_300,,,,,,,,,,,,,,,,,,,,,,,,,,,,,,,
8470,118_21_30,126_21_30,124_16_25,125_101_150,115_1_2,176_6_10,112_4_6,213_4_6,210_4_6,214_4_6,,,,,,,,,,,,,,,,,,,,,,,,,,,,,,
8471,126_31_40,118_31_40,124_21_30,125_151_200,112_6_10,138_6_10,128_1_1,176_6_10,244_6_10,213_4_6,210_4_6,,,,,,,,,,,,,,,,,,,,,,,,,,,,,
8472,118_26_40,126_26_40,124_16_25,125_201_250,112_4_6,176_11_15,240_5_7,243_5_7,212_4_6,211_4_6,214_4_6,,,,,,,,,,,,,,,,,,,,,,,,,,,,,
8473,118_26_40,126_26_40,125_151_200,124_11_20,176_11_15,115_3_4,112_6_10,178_3_4,117_1_1,158_501_600,174_101_200,242_6_10,244_6_10,,,,,,,,,,,,,,,,,,,,,,,,,,,
8474,118_31_50,126_31_50,176_6_10,138_11_20,112_6_8,178_4_5,115_4_5,125_201_250,124_21_30,210_4_5,213_4_5,,,,,,,,,,,,,,,,,,,,,,,,,,,,,
8497,620_?_?,,,,,,,,,,,,,,,,,,,,,,,,,,,,,,,,,,,,,,,
8504,110_300_300,,,,,,,,,,,,,,,,,,,,,,,,,,,,,,,,,,,,,,,
8505,110_500_500,,,,,,,,,,,,,,,,,,,,,,,,,,,,,,,,,,,,,,,
8506,110_400_400,,,,,,,,,,,,,,,,,,,,,,,,,,,,,,,,,,,,,,,
8507,110_51_250,139_2000_2000,610_1_1,983_64_64,,,,,,,,,,,,,,,,,,,,,,,,,,,,,,,,,,,,
8509,620_?_?,,,,,,,,,,,,,,,,,,,,,,,,,,,,,,,,,,,,,,,
8511,100_72_122,,,,,,,,,,,,,,,,,,,,,,,,,,,,,,,,,,,,,,,
8513,100_6_20,175_51_150,157_21_40,125_1_10,,,,,,,,,,,,,,,,,,,,,,,,,,,,,,,,,,,,
8514,139_1_20,,,,,,,,,,,,,,,,,,,,,,,,,,,,,,,,,,,,,,,
8518,110_20_20,139_5_5,,,,,,,,,,,,,,,,,,,,,,,,,,,,,,,,,,,,,,
8519,139_10_10,605_10_10,,,,,,,,,,,,,,,,,,,,,,,,,,,,,,,,,,,,,,
8521,156_10_10,126_20_20,,,,,,,,,,,,,,,,,,,,,,,,,,,,,,,,,,,,,,
8522,228_0_0,,,,,,,,,,,,,,,,,,,,,,,,,,,,,,,,,,,,,,,
8525,108_1_3,,,,,,,,,,,,,,,,,,,,,,,,,,,,,,,,,,,,,,,
8527,125_16_25,118_11_15,174_51_100,,,,,,,,,,,,,,,,,,,,,,,,,,,,,,,,,,,,,
8528,620_?_?,,,,,,,,,,,,,,,,,,,,,,,,,,,,,,,,,,,,,,,
8530,125_201_300,124_31_45,115_2_4,178_5_7,112_5_7,182_4_5,174_1_100,214_6_10,210_6_10,,,,,,,,,,,,,,,,,,,,,,,,,,,,,,,
8531,117_1_2,983_?_?,,,,,,,,,,,,,,,,,,,,,,,,,,,,,,,,,,,,,,
8532,119_11_20,983_?_?,,,,,,,,,,,,,,,,,,,,,,,,,,,,,,,,,,,,,,
8533,112_1_1,,,,,,,,,,,,,,,,,,,,,,,,,,,,,,,,,,,,,,,
8534,178_1_1,,,,,,,,,,,,,,,,,,,,,,,,,,,,,,,,,,,,,,,
8535,244_1_1,,,,,,,,,,,,,,,,,,,,,,,,,,,,,,,,,,,,,,,
8536,225_1_1,,,,,,,,,,,,,,,,,,,,,,,,,,,,,,,,,,,,,,,
8537,115_1_1,,,,,,,,,,,,,,,,,,,,,,,,,,,,,,,,,,,,,,,
8538,176_1_1,,,,,,,,,,,,,,,,,,,,,,,,,,,,,,,,,,,,,,,
8539,100_1_3,174_10_10,,,,,,,,,,,,,,,,,,,,,,,,,,,,,,,,,,,,,,
8540,100_1_3,174_10_10,,,,,,,,,,,,,,,,,,,,,,,,,,,,,,,,,,,,,,
8541,96_1_3,,,,,,,,,,,,,,,,,,,,,,,,,,,,,,,,,,,,,,,
8542,100_1_2,,,,,,,,,,,,,,,,,,,,,,,,,,,,,,,,,,,,,,,
8543,110_1_5,,,,,,,,,,,,,,,,,,,,,,,,,,,,,,,,,,,,,,,
8547,149_?_?,146_65_65,,,,,,,,,,,,,,,,,,,,,,,,,,,,,,,,,,,,,,
8548,149_?_?,146_66_66,,,,,,,,,,,,,,,,,,,,,,,,,,,,,,,,,,,,,,
8558,182_1_1,983_?_?,,,,,,,,,,,,,,,,,,,,,,,,,,,,,,,,,,,,,,
8559,152_42_42,122_13_13,118_42_42,146_?_?,983_?_?,,,,,,,,,,,,,,,,,,,,,,,,,,,,,,,,,,,
8561,800_?_?,808_64_64,806_0_0,807_0_0,983_?_?,,,,,,,,,,,,,,,,,,,,,,,,,,,,,,,,,,,
8563,148_2382_2382,811_1_1,,,,,,,,,,,,,,,,,,,,,,,,,,,,,,,,,,,,,,
8566,197_1_1,,,,,,,,,,,,,,,,,,,,,,,,,,,,,,,,,,,,,,,
8567,197_1_1,,,,,,,,,,,,,,,,,,,,,,,,,,,,,,,,,,,,,,,
8568,983_?_?,,,,,,,,,,,,,,,,,,,,,,,,,,,,,,,,,,,,,,,
8569,123_41_60,124_31_50,176_21_30,112_6_10,214_6_10,213_6_10,,,,,,,,,,,,,,,,,,,,,,,,,,,,,,,,,,
8572,710_1_1,616_?_?,,,,,,,,,,,,,,,,,,,,,,,,,,,,,,,,,,,,,,
8573,710_1_1,616_?_?,,,,,,,,,,,,,,,,,,,,,,,,,,,,,,,,,,,,,,
8574,182_1_2,,,,,,,,,,,,,,,,,,,,,,,,,,,,,,,,,,,,,,,
8575,99_13_20,94_4_6,125_250_250,126_50_50,119_30_30,124_40_40,117_1_1,128_1_1,112_10_10,138_25_25,115_5_5,,,,,,,,,,,,,,,,,,,,,,,,,,,,,
8595,805_64_64,,,,,,,,,,,,,,,,,,,,,,,,,,,,,,,,,,,,,,,
8596,100_36_60,92_3_5,125_151_200,115_3_4,112_5_8,124_21_35,213_4_6,138_31_50,,,,,,,,,,,,,,,,,,,,,,,,,,,,,,,,
8598,95_3_4,101_1_1,115_3_4,119_16_30,124_16_25,,,,,,,,,,,,,,,,,,,,,,,,,,,,,,,,,,,
8599,100_9_18,119_26_40,124_16_30,125_31_50,118_26_40,,,,,,,,,,,,,,,,,,,,,,,,,,,,,,,,,,,
8600,805_64_64,,,,,,,,,,,,,,,,,,,,,,,,,,,,,,,,,,,,,,,
8604,100_46_65,118_31_50,125_101_150,124_21_35,155_31_50,152_31_50,154_31_50,213_6_10,,,,,,,,,,,,,,,,,,,,,,,,,,,,,,,,
8605,100_15_22,98_6_10,99_6_10,126_26_35,118_26_35,119_26_35,124_11_20,125_31_50,,,,,,,,,,,,,,,,,,,,,,,,,,,,,,,,
8607,98_9_13,99_9_13,212_6_10,119_26_40,126_26_40,125_51_100,176_6_10,178_4_6,,,,,,,,,,,,,,,,,,,,,,,,,,,,,,,,
8608,100_14_28,138_21_35,115_4_5,117_1_1,125_51_70,124_21_30,,,,,,,,,,,,,,,,,,,,,,,,,,,,,,,,,,
8609,100_5_12,98_5_12,119_26_40,125_26_40,115_3_4,124_16_30,,,,,,,,,,,,,,,,,,,,,,,,,,,,,,,,,,
8610,99_7_12,96_7_12,126_21_35,123_21_35,111_1_1,112_4_5,,,,,,,,,,,,,,,,,,,,,,,,,,,,,,,,,,
8611,96_5_8,100_5_8,123_16_30,126_16_30,125_16_30,124_16_30,178_4_5,,,,,,,,,,,,,,,,,,,,,,,,,,,,,,,,,
8612,100_13_22,128_1_1,119_26_40,124_16_25,115_3_5,125_31_50,,,,,,,,,,,,,,,,,,,,,,,,,,,,,,,,,,
8613,100_16_24,91_2_3,123_26_40,112_4_6,125_31_50,124_11_15,,,,,,,,,,,,,,,,,,,,,,,,,,,,,,,,,,
8614,100_6_12,99_6_12,126_26_35,123_26_35,117_1_1,115_3_4,124_11_20,,,,,,,,,,,,,,,,,,,,,,,,,,,,,,,,,
8615,100_7_14,99_7_14,182_1_1,126_31_50,124_21_30,125_41_60,178_4_6,,,,,,,,,,,,,,,,,,,,,,,,,,,,,,,,,
8616,100_27_43,94_4_6,126_31_50,125_201_250,124_26_40,182_2_2,112_5_7,178_5_7,,,,,,,,,,,,,,,,,,,,,,,,,,,,,,,,
8617,100_23_28,124_16_30,125_41_70,,,,,,,,,,,,,,,,,,,,,,,,,,,,,,,,,,,,,
8618,100_11_17,96_11_17,123_26_40,125_26_40,124_16_25,119_11_20,176_6_10,174_101_200,,,,,,,,,,,,,,,,,,,,,,,,,,,,,,,,
8619,287_19_19,286_1_1,281_1_1,285_1_1,,,,,,,,,,,,,,,,,,,,,,,,,,,,,,,,,,,,
8621,193_2164_2164,,,,,,,,,,,,,,,,,,,,,,,,,,,,,,,,,,,,,,,
8624,228_?_?,,,,,,,,,,,,,,,,,,,,,,,,,,,,,,,,,,,,,,,
8625,228_?_?,,,,,,,,,,,,,,,,,,,,,,,,,,,,,,,,,,,,,,,
8626,193_2163_2163,,,,,,,,,,,,,,,,,,,,,,,,,,,,,,,,,,,,,,,
8627,98_3_5,146_?_?,10_7_7,,,,,,,,,,,,,,,,,,,,,,,,,,,,,,,,,,,,,
8628,287_19_19,287_19_19,285_1_1,290_1_1,,,,,,,,,,,,,,,,,,,,,,,,,,,,,,,,,,,,
8629,283_?_?,281_2_2,285_1_1,286_2_2,,,,,,,,,,,,,,,,,,,,,,,,,,,,,,,,,,,,
8630,285_1_1,287_?_?,286_1_1,283_?_?,,,,,,,,,,,,,,,,,,,,,,,,,,,,,,,,,,,,
8631,289_1_1,281_1_1,287_23_23,283_?_?,,,,,,,,,,,,,,,,,,,,,,,,,,,,,,,,,,,,
8632,289_1_1,281_3_3,287_?_?,284_64_64,,,,,,,,,,,,,,,,,,,,,,,,,,,,,,,,,,,,
8633,285_1_1,289_1_1,291_1_1,286_1_1,,,,,,,,,,,,,,,,,,,,,,,,,,,,,,,,,,,,
8634,285_1_1,283_?_?,287_?_?,287_19_19,,,,,,,,,,,,,,,,,,,,,,,,,,,,,,,,,,,,
8635,287_?_?,291_1_1,283_?_?,283_?_?,,,,,,,,,,,,,,,,,,,,,,,,,,,,,,,,,,,,
8636,285_1_1,291_1_1,291_1_1,285_1_1,,,,,,,,,,,,,,,,,,,,,,,,,,,,,,,,,,,,
8637,285_1_1,283_?_?,285_1_1,289_1_1,,,,,,,,,,,,,,,,,,,,,,,,,,,,,,,,,,,,
8638,286_2_2,283_14_14,284_?_?,281_1_1,,,,,,,,,,,,,,,,,,,,,,,,,,,,,,,,,,,,
8639,281_1_1,285_1_1,281_1_1,289_1_1,,,,,,,,,,,,,,,,,,,,,,,,,,,,,,,,,,,,
8640,281_4_4,283_19_19,283_?_?,285_1_1,,,,,,,,,,,,,,,,,,,,,,,,,,,,,,,,,,,,
8641,286_1_1,281_3_3,287_?_?,285_1_1,,,,,,,,,,,,,,,,,,,,,,,,,,,,,,,,,,,,
8642,291_1_1,281_1_1,281_2_2,285_1_1,,,,,,,,,,,,,,,,,,,,,,,,,,,,,,,,,,,,
8643,289_1_1,281_2_2,281_1_1,281_4_4,,,,,,,,,,,,,,,,,,,,,,,,,,,,,,,,,,,,
8644,282_1_1,281_4_4,283_?_?,281_3_3,,,,,,,,,,,,,,,,,,,,,,,,,,,,,,,,,,,,
8645,285_1_1,281_1_1,286_2_2,281_2_2,,,,,,,,,,,,,,,,,,,,,,,,,,,,,,,,,,,,
8646,290_1_1,286_1_1,286_3_3,287_19_19,,,,,,,,,,,,,,,,,,,,,,,,,,,,,,,,,,,,
8647,289_1_1,281_2_2,288_1_1,283_?_?,,,,,,,,,,,,,,,,,,,,,,,,,,,,,,,,,,,,
8648,285_1_1,287_19_19,286_1_1,289_1_1,,,,,,,,,,,,,,,,,,,,,,,,,,,,,,,,,,,,
8649,287_?_?,285_1_1,281_1_1,287_?_?,,,,,,,,,,,,,,,,,,,,,,,,,,,,,,,,,,,,
8650,287_?_?,283_14_14,283_14_14,281_4_4,,,,,,,,,,,,,,,,,,,,,,,,,,,,,,,,,,,,
8651,285_1_1,281_3_3,281_3_3,281_3_3,,,,,,,,,,,,,,,,,,,,,,,,,,,,,,,,,,,,
8652,289_1_1,281_1_1,285_1_1,281_4_4,,,,,,,,,,,,,,,,,,,,,,,,,,,,,,,,,,,,
8653,281_1_1,288_1_1,281_2_2,285_1_1,,,,,,,,,,,,,,,,,,,,,,,,,,,,,,,,,,,,
8654,288_1_1,287_?_?,281_3_3,290_1_1,,,,,,,,,,,,,,,,,,,,,,,,,,,,,,,,,,,,
8655,287_23_23,287_?_?,284_32_32,285_1_1,,,,,,,,,,,,,,,,,,,,,,,,,,,,,,,,,,,,
8656,286_1_1,281_3_3,283_?_?,285_2_2,,,,,,,,,,,,,,,,,,,,,,,,,,,,,,,,,,,,
8657,285_1_1,287_?_?,281_1_1,287_?_?,,,,,,,,,,,,,,,,,,,,,,,,,,,,,,,,,,,,
8658,285_1_1,283_14_14,285_1_1,287_19_19,,,,,,,,,,,,,,,,,,,,,,,,,,,,,,,,,,,,
8659,289_1_1,287_19_19,281_1_1,281_1_1,,,,,,,,,,,,,,,,,,,,,,,,,,,,,,,,,,,,
8660,288_1_1,285_1_1,287_?_?,286_1_1,,,,,,,,,,,,,,,,,,,,,,,,,,,,,,,,,,,,
8661,287_?_?,285_1_1,281_1_1,281_1_1,,,,,,,,,,,,,,,,,,,,,,,,,,,,,,,,,,,,
8662,285_1_1,287_?_?,281_6_6,287_19_19,,,,,,,,,,,,,,,,,,,,,,,,,,,,,,,,,,,,
8663,283_?_?,282_1_1,287_?_?,286_1_1,128_1_1,,,,,,,,,,,,,,,,,,,,,,,,,,,,,,,,,,,
8664,281_4_4,285_1_1,287_?_?,285_1_1,128_1_1,,,,,,,,,,,,,,,,,,,,,,,,,,,,,,,,,,,
8665,281_1_1,288_1_1,287_?_?,283_?_?,128_1_1,,,,,,,,,,,,,,,,,,,,,,,,,,,,,,,,,,,
8666,287_19_19,287_19_19,281_3_3,282_1_1,128_1_1,,,,,,,,,,,,,,,,,,,,,,,,,,,,,,,,,,,
8667,281_4_4,284_?_?,281_2_2,281_2_2,128_1_1,,,,,,,,,,,,,,,,,,,,,,,,,,,,,,,,,,,
8668,290_1_1,281_2_2,281_3_3,281_2_2,128_1_1,,,,,,,,,,,,,,,,,,,,,,,,,,,,,,,,,,,
8669,285_1_1,281_2_2,286_1_1,286_1_1,128_1_1,,,,,,,,,,,,,,,,,,,,,,,,,,,,,,,,,,,
8670,281_1_1,289_1_1,284_?_?,287_19_19,128_1_1,,,,,,,,,,,,,,,,,,,,,,,,,,,,,,,,,,,
8676,100_21_40,174_301_400,118_31_45,119_31_45,125_31_45,176_5_5,983_?_?,,,,,,,,,,,,,,,,,,,,,,,,,,,,,,,,,
8677,800_?_?,808_64_64,806_0_0,807_0_0,983_?_?,,,,,,,,,,,,,,,,,,,,,,,,,,,,,,,,,,,
8678,126_11_60,118_11_60,983_?_?,,,,,,,,,,,,,,,,,,,,,,,,,,,,,,,,,,,,,
8683,983_?_?,,,,,,,,,,,,,,,,,,,,,,,,,,,,,,,,,,,,,,,
8686,983_?_?,,,,,,,,,,,,,,,,,,,,,,,,,,,,,,,,,,,,,,,
8687,983_?_?,,,,,,,,,,,,,,,,,,,,,,,,,,,,,,,,,,,,,,,
8688,197_1_1,,,,,,,,,,,,,,,,,,,,,,,,,,,,,,,,,,,,,,,
8693,800_?_?,808_64_64,806_0_0,807_0_0,983_?_?,,,,,,,,,,,,,,,,,,,,,,,,,,,,,,,,,,,
8694,193_?_?,983_64_64,2150_?_?,,,,,,,,,,,,,,,,,,,,,,,,,,,,,,,,,,,,,
8695,100_16_30,118_31_50,119_26_40,125_101_150,115_4_6,128_1_1,174_200_200,244_6_10,240_6_10,212_6_8,213_6_8,211_6_8,,,,,,,,,,,,,,,,,,,,,,,,,,,,
8699,111_1_1,125_201_250,124_26_40,155_11_30,154_11_30,152_11_30,157_11_30,176_21_30,242_6_8,241_6_8,243_6_8,244_6_8,240_6_8,,,,,,,,,,,,,,,,,,,,,,,,,,,
8700,125_21_35,,,,,,,,,,,,,,,,,,,,,,,,,,,,,,,,,,,,,,,
8701,100_21_40,174_301_400,118_31_45,119_31_45,125_31_45,176_5_5,,,,,,,,,,,,,,,,,,,,,,,,,,,,,,,,,,
8704,124_31_50,119_41_60,126_41_60,112_6_10,176_11_15,242_8_12,243_8_12,212_8_12,213_8_12,117_1_1,,,,,,,,,,,,,,,,,,,,,,,,,,,,,,
8709,197_1_1,,,,,,,,,,,,,,,,,,,,,,,,,,,,,,,,,,,,,,,
8711,983_?_?,,,,,,,,,,,,,,,,,,,,,,,,,,,,,,,,,,,,,,,
8713,289_1_1,287_23_23,287_?_?,285_1_1,128_1_1,,,,,,,,,,,,,,,,,,,,,,,,,,,,,,,,,,,
8714,287_?_?,285_1_1,285_1_1,286_1_1,,,,,,,,,,,,,,,,,,,,,,,,,,,,,,,,,,,,
8715,287_14_14,283_?_?,286_1_1,286_1_1,,,,,,,,,,,,,,,,,,,,,,,,,,,,,,,,,,,,
8716,281_1_1,287_14_14,281_2_2,286_1_1,,,,,,,,,,,,,,,,,,,,,,,,,,,,,,,,,,,,
8717,289_1_1,283_19_19,285_1_1,287_19_19,,,,,,,,,,,,,,,,,,,,,,,,,,,,,,,,,,,,
8718,287_?_?,285_1_1,281_1_1,281_3_3,,,,,,,,,,,,,,,,,,,,,,,,,,,,,,,,,,,,
8719,281_1_1,285_1_1,286_1_1,287_14_14,,,,,,,,,,,,,,,,,,,,,,,,,,,,,,,,,,,,
8720,288_1_1,287_14_14,281_2_2,285_1_1,,,,,,,,,,,,,,,,,,,,,,,,,,,,,,,,,,,,
8721,289_1_1,287_?_?,286_3_3,289_1_1,,,,,,,,,,,,,,,,,,,,,,,,,,,,,,,,,,,,
8722,285_1_1,285_1_1,286_1_1,281_1_1,,,,,,,,,,,,,,,,,,,,,,,,,,,,,,,,,,,,
8723,286_1_1,283_?_?,286_5_5,281_3_3,,,,,,,,,,,,,,,,,,,,,,,,,,,,,,,,,,,,
8724,288_1_1,286_1_1,287_?_?,286_3_3,,,,,,,,,,,,,,,,,,,,,,,,,,,,,,,,,,,,
8725,285_1_1,281_2_2,281_3_3,281_4_4,,,,,,,,,,,,,,,,,,,,,,,,,,,,,,,,,,,,
8726,283_?_?,285_2_2,285_1_1,287_19_19,128_1_1,,,,,,,,,,,,,,,,,,,,,,,,,,,,,,,,,,,
8727,287_?_?,286_1_1,288_1_1,289_1_1,128_1_1,,,,,,,,,,,,,,,,,,,,,,,,,,,,,,,,,,,
8728,285_1_1,285_1_1,285_1_1,287_?_?,128_1_1,,,,,,,,,,,,,,,,,,,,,,,,,,,,,,,,,,,
8814,194_5000_5000,983_?_?,,,,,,,,,,,,,,,,,,,,,,,,,,,,,,,,,,,,,,
8815,194_1000_1000,983_?_?,,,,,,,,,,,,,,,,,,,,,,,,,,,,,,,,,,,,,,
8816,983_?_?,,,,,,,,,,,,,,,,,,,,,,,,,,,,,,,,,,,,,,,
8817,983_?_?,,,,,,,,,,,,,,,,,,,,,,,,,,,,,,,,,,,,,,,
8818,125_151_200,124_26_40,126_26_40,123_41_60,119_41_60,115_1_1,112_5_7,176_11_15,241_6_10,214_6_10,213_6_10,,,,,,,,,,,,,,,,,,,,,,,,,,,,,
8819,125_51_80,124_21_30,126_26_40,119_16_25,138_6_10,182_1_1,175_101_200,176_11_15,244_6_10,240_6_10,,,,,,,,,,,,,,,,,,,,,,,,,,,,,,
8820,125_151_200,124_11_20,123_41_60,115_4_5,112_5_7,174_201_400,176_11_20,219_6_10,211_6_10,210_6_10,,,,,,,,,,,,,,,,,,,,,,,,,,,,,,
8821,125_201_300,124_16_25,126_31_50,154_21_30,112_4_6,117_1_1,176_11_15,217_6_10,213_6_10,210_6_10,,,,,,,,,,,,,,,,,,,,,,,,,,,,,,
8822,118_26_40,119_26_40,124_21_30,125_151_200,112_6_8,176_11_15,138_11_15,212_6_10,210_6_10,,,,,,,,,,,,,,,,,,,,,,,,,,,,,,,
8823,118_26_40,126_26_40,125_51_80,124_16_25,112_4_5,176_6_10,211_5_7,,,,,,,,,,,,,,,,,,,,,,,,,,,,,,,,,
8824,118_31_50,124_26_40,125_151_200,112_3_4,241_6_10,240_6_10,212_6_10,213_6_10,214_6_10,,,,,,,,,,,,,,,,,,,,,,,,,,,,,,,
8825,93_1_8,91_1_8,100_21_35,119_31_50,123_31_50,125_51_80,124_21_30,112_4_5,176_11_15,,,,,,,,,,,,,,,,,,,,,,,,,,,,,,,
8826,98_11_18,100_11_18,119_31_50,124_26_40,125_91_120,112_6_10,117_1_1,176_11_15,214_6_10,,,,,,,,,,,,,,,,,,,,,,,,,,,,,,,
8827,98_7_13,96_7_13,99_7_13,100_7_13,125_251_300,124_26_35,112_3_4,111_1_1,176_11_15,,,,,,,,,,,,,,,,,,,,,,,,,,,,,,,
8829,119_31_50,124_11_20,115_4_5,117_1_1,174_201_300,240_4_6,210_4_6,,,,,,,,,,,,,,,,,,,,,,,,,,,,,,,,,
8833,96_8_16,98_8_16,125_41_70,123_31_50,119_31_50,124_21_30,112_2_3,,,,,,,,,,,,,,,,,,,,,,,,,,,,,,,,,
8834,92_1_6,99_6_30,118_26_40,126_26_40,125_46_70,178_4_6,176_6_10,240_6_10,,,,,,,,,,,,,,,,,,,,,,,,,,,,,,,,
8835,92_4_6,98_7_16,100_7_16,119_26_40,118_26_40,125_101_150,124_26_40,176_11_15,214_6_8,212_6_8,,,,,,,,,,,,,,,,,,,,,,,,,,,,,,
8836,98_7_13,99_7_13,125_101_150,126_26_45,119_26_45,115_3_4,178_4_6,212_6_10,213_6_10,,,,,,,,,,,,,,,,,,,,,,,,,,,,,,,
8837,101_1_1,100_21_40,125_151_200,118_26_40,124_26_40,126_31_50,112_6_10,176_11_15,214_6_10,,,,,,,,,,,,,,,,,,,,,,,,,,,,,,,
8838,97_7_11,94_4_6,100_13_21,125_201_300,124_31_40,126_41_60,178_5_7,176_6_10,214_4_5,213_4_5,210_4_5,,,,,,,,,,,,,,,,,,,,,,,,,,,,,
8839,118_61_80,124_31_50,153_101_150,115_4_5,112_11_15,138_11_15,117_1_1,174_301_500,176_11_20,210_9_14,240_9_14,,,,,,,,,,,,,,,,,,,,,,,,,,,,,
8840,123_61_80,124_31_50,153_101_150,115_4_5,112_11_15,138_11_15,117_1_1,174_301_500,176_11_20,211_9_14,241_9_14,,,,,,,,,,,,,,,,,,,,,,,,,,,,,
8841,119_61_80,124_31_50,153_101_150,115_4_5,112_11_15,138_11_15,117_1_1,174_301_500,176_11_20,212_9_14,242_9_14,,,,,,,,,,,,,,,,,,,,,,,,,,,,,
8842,126_61_80,124_31_50,153_101_150,115_4_5,112_11_15,138_11_15,117_1_1,174_301_500,176_11_20,213_9_14,243_9_14,,,,,,,,,,,,,,,,,,,,,,,,,,,,,
8843,118_41_60,123_41_60,154_26_40,155_26_40,125_251_300,124_31_50,112_6_10,138_16_20,176_16_25,244_6_10,214_6_10,,,,,,,,,,,,,,,,,,,,,,,,,,,,,
8844,125_151_200,124_41_60,123_51_70,119_51_70,174_201_400,176_16_20,243_6_10,242_6_10,212_5_7,211_5_7,,,,,,,,,,,,,,,,,,,,,,,,,,,,,,
8845,125_71_120,124_21_30,119_16_25,126_26_40,178_4_6,112_4_6,214_6_10,,,,,,,,,,,,,,,,,,,,,,,,,,,,,,,,,
8846,119_41_60,124_31_50,112_6_10,176_11_20,244_6_10,242_6_10,212_6_10,214_6_10,,,,,,,,,,,,,,,,,,,,,,,,,,,,,,,,
8847,118_61_80,125_301_400,112_6_10,176_6_10,219_6_10,240_6_10,210_6_10,,,,,,,,,,,,,,,,,,,,,,,,,,,,,,,,,
8848,125_151_200,124_31_50,115_4_5,138_16_25,178_6_10,112_6_10,117_1_1,176_16_25,,,,,,,,,,,,,,,,,,,,,,,,,,,,,,,,
8849,96_9_16,97_9_16,123_31_50,118_31_50,125_101_150,124_21_30,112_5_7,182_1_1,176_11_20,243_6_10,241_6_10,213_6_10,211_6_10,217_4_5,215_4_5,,,,,,,,,,,,,,,,,,,,,,,,,
8850,93_1_10,125_251_300,119_41_60,124_41_60,112_6_10,176_11_20,,,,,,,,,,,,,,,,,,,,,,,,,,,,,,,,,,
8854,125_61_61,,,,,,,,,,,,,,,,,,,,,,,,,,,,,,,,,,,,,,,
8855,812_5_5,264_16_25,263_16_25,,,,,,,,,,,,,,,,,,,,,,,,,,,,,,,,,,,,,
8856,125_251_300,124_31_40,119_41_60,115_4_6,112_5_7,138_11_15,117_1_1,176_11_15,211_6_10,210_6_10,,,,,,,,,,,,,,,,,,,,,,,,,,,,,,
8858,128_1_1,124_21_30,126_26_45,119_16_30,112_4_5,117_1_1,176_6_10,211_4_6,,,,,,,,,,,,,,,,,,,,,,,,,,,,,,,,
8859,125_101_150,124_21_35,123_26_40,119_26_40,112_5_7,176_11_15,241_6_10,240_6_10,210_5_7,117_1_1,,,,,,,,,,,,,,,,,,,,,,,,,,,,,,
8860,118_11_20,125_16_25,124_6_10,123_16_30,176_3_5,241_4_5,211_2_3,,,,,,,,,,,,,,,,,,,,,,,,,,,,,,,,,
8861,123_51_70,125_251_300,124_31_50,112_6_10,115_3_4,128_1_1,176_11_20,210_6_10,211_6_10,,,,,,,,,,,,,,,,,,,,,,,,,,,,,,,
8862,118_31_50,119_31_50,124_31_50,115_1_2,178_4_5,112_4_5,174_201_300,176_11_20,212_6_10,210_6_10,214_6_10,,,,,,,,,,,,,,,,,,,,,,,,,,,,,
8863,112_6_10,138_31_50,124_31_50,125_251_300,178_6_10,176_11_20,214_6_10,213_6_10,115_4_5,117_1_1,,,,,,,,,,,,,,,,,,,,,,,,,,,,,,
8864,100_14_30,91_2_3,123_31_50,125_101_150,124_31_40,138_11_15,117_1_1,176_11_15,244_6_10,241_6_10,211_6_10,,,,,,,,,,,,,,,,,,,,,,,,,,,,,
8865,123_26_35,125_81_100,115_2_3,112_4_6,176_6_10,241_5_7,211_5_7,,,,,,,,,,,,,,,,,,,,,,,,,,,,,,,,,
8866,111_1_1,124_31_40,125_31_40,112_4_5,,,,,,,,,,,,,,,,,,,,,,,,,,,,,,,,,,,,
8867,125_21_35,119_21_30,123_16_20,178_1_3,112_1_3,240_2_5,244_2_5,,,,,,,,,,,,,,,,,,,,,,,,,,,,,,,,,
8868,97_14_22,99_14_22,92_3_4,94_3_4,118_26_40,126_26_40,124_21_30,125_101_150,176_6_10,213_6_10,210_6_10,,,,,,,,,,,,,,,,,,,,,,,,,,,,,
8869,118_26_40,119_26_40,125_101_150,124_26_35,112_6_8,128_1_1,244_6_10,241_6_10,211_6_10,,,,,,,,,,,,,,,,,,,,,,,,,,,,,,,
8870,118_26_35,126_26_35,125_41_60,115_4_5,138_6_10,176_6_10,214_5_7,212_5_7,,,,,,,,,,,,,,,,,,,,,,,,,,,,,,,,
8871,118_31_45,119_31_45,125_151_200,124_31_40,138_6_10,174_201_300,176_11_20,214_6_10,213_6_10,,,,,,,,,,,,,,,,,,,,,,,,,,,,,,,
8872,119_21_35,182_1_2,174_201_300,,,,,,,,,,,,,,,,,,,,,,,,,,,,,,,,,,,,,
8873,125_16_25,118_16_25,119_16_25,115_1_2,226_1_10,,,,,,,,,,,,,,,,,,,,,,,,,,,,,,,,,,,
8874,125_41_70,124_21_30,126_26_40,119_21_30,178_4_6,111_1_1,176_11_15,243_6_10,,,,,,,,,,,,,,,,,,,,,,,,,,,,,,,,
8876,125_251_350,118_51_70,126_51_70,124_26_40,112_6_10,211_6_10,212_6_10,213_6_10,117_1_1,115_2_3,,,,,,,,,,,,,,,,,,,,,,,,,,,,,,
8877,125_151_200,126_31_50,124_31_50,119_31_50,115_2_3,178_6_10,112_4_6,117_1_1,176_6_10,244_6_10,214_6_10,,,,,,,,,,,,,,,,,,,,,,,,,,,,,
8878,98_7_12,96_7_12,99_7_12,125_31_40,124_16_25,112_2_3,182_2_3,,,,,,,,,,,,,,,,,,,,,,,,,,,,,,,,,
8879,118_11_15,125_11_25,126_11_15,119_11_15,123_11_15,112_2_4,138_6_15,117_1_1,174_141_170,217_1_5,216_1_5,218_1_5,215_1_5,219_1_5,,,,,,,,,,,,,,,,,,,,,,,,,,
8880,118_16_25,125_31_40,124_11_20,119_16_25,128_1_1,176_6_10,213_1_3,211_1_3,,,,,,,,,,,,,,,,,,,,,,,,,,,,,,,,
8881,118_6_15,155_6_15,119_6_15,115_1_5,122_1_5,,,,,,,,,,,,,,,,,,,,,,,,,,,,,,,,,,,
8883,830_1_1,,,,,,,,,,,,,,,,,,,,,,,,,,,,,,,,,,,,,,,
8886,197_1_1,,,,,,,,,,,,,,,,,,,,,,,,,,,,,,,,,,,,,,,
8890,983_?_?,,,,,,,,,,,,,,,,,,,,,,,,,,,,,,,,,,,,,,,
8891,983_?_?,,,,,,,,,,,,,,,,,,,,,,,,,,,,,,,,,,,,,,,
8892,983_?_?,,,,,,,,,,,,,,,,,,,,,,,,,,,,,,,,,,,,,,,
8893,983_?_?,,,,,,,,,,,,,,,,,,,,,,,,,,,,,,,,,,,,,,,
8894,983_?_?,,,,,,,,,,,,,,,,,,,,,,,,,,,,,,,,,,,,,,,
8895,983_?_?,,,,,,,,,,,,,,,,,,,,,,,,,,,,,,,,,,,,,,,
8897,983_?_?,,,,,,,,,,,,,,,,,,,,,,,,,,,,,,,,,,,,,,,
8898,983_?_?,,,,,,,,,,,,,,,,,,,,,,,,,,,,,,,,,,,,,,,
8899,983_?_?,,,,,,,,,,,,,,,,,,,,,,,,,,,,,,,,,,,,,,,
8900,983_?_?,,,,,,,,,,,,,,,,,,,,,,,,,,,,,,,,,,,,,,,
8901,983_?_?,,,,,,,,,,,,,,,,,,,,,,,,,,,,,,,,,,,,,,,
8902,983_?_?,,,,,,,,,,,,,,,,,,,,,,,,,,,,,,,,,,,,,,,
8903,983_?_?,,,,,,,,,,,,,,,,,,,,,,,,,,,,,,,,,,,,,,,
8904,983_?_?,,,,,,,,,,,,,,,,,,,,,,,,,,,,,,,,,,,,,,,
8905,983_?_?,,,,,,,,,,,,,,,,,,,,,,,,,,,,,,,,,,,,,,,
8906,983_?_?,,,,,,,,,,,,,,,,,,,,,,,,,,,,,,,,,,,,,,,
8907,983_?_?,,,,,,,,,,,,,,,,,,,,,,,,,,,,,,,,,,,,,,,
8908,983_?_?,,,,,,,,,,,,,,,,,,,,,,,,,,,,,,,,,,,,,,,
8909,983_?_?,,,,,,,,,,,,,,,,,,,,,,,,,,,,,,,,,,,,,,,
8910,983_?_?,,,,,,,,,,,,,,,,,,,,,,,,,,,,,,,,,,,,,,,
8911,983_?_?,,,,,,,,,,,,,,,,,,,,,,,,,,,,,,,,,,,,,,,
8912,983_?_?,,,,,,,,,,,,,,,,,,,,,,,,,,,,,,,,,,,,,,,
8913,110_401_500,,,,,,,,,,,,,,,,,,,,,,,,,,,,,,,,,,,,,,,
8915,193_?_?,,,,,,,,,,,,,,,,,,,,,,,,,,,,,,,,,,,,,,,
8919,158_151_200,174_151_200,,,,,,,,,,,,,,,,,,,,,,,,,,,,,,,,,,,,,,
8924,100_9_18,124_31_40,125_151_200,119_31_40,115_4_5,112_6_10,176_11_20,243_6_10,242_6_10,,,,,,,,,,,,,,,,,,,,,,,,,,,,,,,
8925,98_6_19,99_6_19,119_31_50,126_31_50,124_21_30,125_151_200,112_5_7,117_1_1,174_301_400,176_11_20,213_4_6,212_4_6,,,,,,,,,,,,,,,,,,,,,,,,,,,,
8926,98_8_13,96_8_13,95_1_2,123_31_50,119_31_50,118_31_50,124_31_40,125_151_200,112_4_6,226_21_30,176_11_20,242_6_10,243_6_10,,,,,,,,,,,,,,,,,,,,,,,,,,,
8927,97_7_10,100_9_14,118_31_50,119_31_50,125_151_200,115_3_4,112_6_10,225_11_20,226_21_30,174_201_400,176_6_10,210_6_10,,,,,,,,,,,,,,,,,,,,,,,,,,,,
8928,100_1_20,119_31_50,125_201_250,124_21_30,115_4_5,112_6_10,226_31_40,244_6_10,214_6_10,,,,,,,,,,,,,,,,,,,,,,,,,,,,,,,
8929,91_3_6,108_1_20,94_3_6,126_31_50,123_31_50,119_21_30,124_21_30,125_151_200,115_3_4,112_4_6,182_2_2,176_11_20,243_6_10,241_6_10,,,,,,,,,,,,,,,,,,,,,,,,,,
8930,98_16_28,99_16_28,119_31_50,126_31_50,125_151_200,178_6_8,124_26_40,117_1_1,212_6_8,213_6_8,,,,,,,,,,,,,,,,,,,,,,,,,,,,,,
8931,100_31_50,93_6_8,91_6_8,101_1_1,123_31_50,119_31_50,118_31_50,124_21_30,125_101_150,112_4_5,176_11_15,211_5_7,212_5_7,,,,,,,,,,,,,,,,,,,,,,,,,,,
8932,100_10_21,100_10_21,118_31_50,119_21_30,124_26_40,125_151_200,115_2_3,112_5_7,176_11_15,174_301_500,244_6_10,214_6_10,,,,,,,,,,,,,,,,,,,,,,,,,,,,
8933,92_10_10,100_30_30,118_31_45,124_31_40,125_151_200,115_5_7,112_6_10,176_11_15,,,,,,,,,,,,,,,,,,,,,,,,,,,,,,,,
8934,98_13_19,99_13_19,96_13_19,126_26_40,124_26_40,119_26_40,123_26_40,125_101_150,117_1_1,176_11_20,212_5_7,211_5_7,213_5_7,,,,,,,,,,,,,,,,,,,,,,,,,,,
8935,99_6_10,96_16_30,126_31_50,123_31_50,124_26_40,125_101_150,112_6_10,117_1_1,176_11_15,213_6_8,211_6_8,,,,,,,,,,,,,,,,,,,,,,,,,,,,,
8936,100_20_34,93_4_6,119_26_40,123_26_40,124_26_40,125_71_100,115_4_5,112_4_5,138_6_10,176_11_20,242_5_7,212_5_7,,,,,,,,,,,,,,,,,,,,,,,,,,,,
8937,99_16_27,97_16_27,123_26_40,118_31_50,126_31_50,125_151_200,178_5_7,182_2_2,174_201_300,176_11_20,213_5_7,210_5_7,,,,,,,,,,,,,,,,,,,,,,,,,,,,
8938,124_50_50,811_5_5,,,,,,,,,,,,,,,,,,,,,,,,,,,,,,,,,,,,,,
8939,176_40_40,811_5_5,,,,,,,,,,,,,,,,,,,,,,,,,,,,,,,,,,,,,,
8941,100_2_21,124_21_40,118_41_70,125_31_60,983_?_?,,,,,,,,,,,,,,,,,,,,,,,,,,,,,,,,,,,
8942,112_15_15,811_5_5,,,,,,,,,,,,,,,,,,,,,,,,,,,,,,,,,,,,,,
8943,178_25_25,811_5_5,,,,,,,,,,,,,,,,,,,,,,,,,,,,,,,,,,,,,,
8944,119_25_25,126_25_25,123_25_25,118_25_25,124_25_25,125_25_25,811_5_5,,,,,,,,,,,,,,,,,,,,,,,,,,,,,,,,,
8945,174_1500_1500,811_5_5,,,,,,,,,,,,,,,,,,,,,,,,,,,,,,,,,,,,,,
8946,115_15_15,811_5_5,,,,,,,,,,,,,,,,,,,,,,,,,,,,,,,,,,,,,,
8947,111_1_1,811_5_5,,,,,,,,,,,,,,,,,,,,,,,,,,,,,,,,,,,,,,
8948,2150_?_?,,,,,,,,,,,,,,,,,,,,,,,,,,,,,,,,,,,,,,,
8949,2150_?_?,,,,,,,,,,,,,,,,,,,,,,,,,,,,,,,,,,,,,,,
8950,2150_?_?,,,,,,,,,,,,,,,,,,,,,,,,,,,,,,,,,,,,,,,
8951,2150_?_?,,,,,,,,,,,,,,,,,,,,,,,,,,,,,,,,,,,,,,,
8952,2150_?_?,,,,,,,,,,,,,,,,,,,,,,,,,,,,,,,,,,,,,,,
8953,2150_?_?,,,,,,,,,,,,,,,,,,,,,,,,,,,,,,,,,,,,,,,
8954,2150_?_?,,,,,,,,,,,,,,,,,,,,,,,,,,,,,,,,,,,,,,,
8955,2150_?_?,,,,,,,,,,,,,,,,,,,,,,,,,,,,,,,,,,,,,,,
8956,100_4_23,124_21_40,118_41_70,125_31_60,983_?_?,,,,,,,,,,,,,,,,,,,,,,,,,,,,,,,,,,,
8957,100_6_25,124_21_40,118_41_70,125_31_60,983_?_?,,,,,,,,,,,,,,,,,,,,,,,,,,,,,,,,,,,
8958,100_8_27,124_21_40,118_41_70,125_31_60,983_?_?,,,,,,,,,,,,,,,,,,,,,,,,,,,,,,,,,,,
8959,100_10_29,124_21_40,118_41_70,125_31_60,983_?_?,,,,,,,,,,,,,,,,,,,,,,,,,,,,,,,,,,,
8960,100_12_31,124_21_40,118_41_70,125_31_60,983_?_?,,,,,,,,,,,,,,,,,,,,,,,,,,,,,,,,,,,
8961,100_14_33,124_21_40,118_41_70,125_31_60,983_?_?,,,,,,,,,,,,,,,,,,,,,,,,,,,,,,,,,,,
8962,100_16_35,124_21_40,118_41_70,125_31_60,983_?_?,,,,,,,,,,,,,,,,,,,,,,,,,,,,,,,,,,,
8963,100_18_37,124_21_40,118_41_70,125_31_60,983_?_?,,,,,,,,,,,,,,,,,,,,,,,,,,,,,,,,,,,
8964,100_20_39,124_21_40,118_41_70,125_31_60,983_?_?,,,,,,,,,,,,,,,,,,,,,,,,,,,,,,,,,,,
8965,100_22_41,124_21_40,118_41_70,125_31_60,983_?_?,,,,,,,,,,,,,,,,,,,,,,,,,,,,,,,,,,,
8966,100_31_50,124_21_40,118_41_70,125_31_60,983_?_?,,,,,,,,,,,,,,,,,,,,,,,,,,,,,,,,,,,
8969,983_?_?,,,,,,,,,,,,,,,,,,,,,,,,,,,,,,,,,,,,,,,
8970,983_?_?,,,,,,,,,,,,,,,,,,,,,,,,,,,,,,,,,,,,,,,
8973,983_?_?,,,,,,,,,,,,,,,,,,,,,,,,,,,,,,,,,,,,,,,
8974,983_?_?,,,,,,,,,,,,,,,,,,,,,,,,,,,,,,,,,,,,,,,
8976,983_?_?,,,,,,,,,,,,,,,,,,,,,,,,,,,,,,,,,,,,,,,
8978,983_?_?,,,,,,,,,,,,,,,,,,,,,,,,,,,,,,,,,,,,,,,
8979,983_?_?,,,,,,,,,,,,,,,,,,,,,,,,,,,,,,,,,,,,,,,
8980,983_?_?,,,,,,,,,,,,,,,,,,,,,,,,,,,,,,,,,,,,,,,
8981,983_?_?,,,,,,,,,,,,,,,,,,,,,,,,,,,,,,,,,,,,,,,
8982,983_?_?,,,,,,,,,,,,,,,,,,,,,,,,,,,,,,,,,,,,,,,
8983,983_?_?,,,,,,,,,,,,,,,,,,,,,,,,,,,,,,,,,,,,,,,
8984,983_?_?,,,,,,,,,,,,,,,,,,,,,,,,,,,,,,,,,,,,,,,
8985,939_?_?,983_?_?,939_?_?,939_?_?,,,,,,,,,,,,,,,,,,,,,,,,,,,,,,,,,,,,
8986,939_?_?,939_?_?,983_?_?,,,,,,,,,,,,,,,,,,,,,,,,,,,,,,,,,,,,,
8987,939_?_?,939_?_?,983_?_?,,,,,,,,,,,,,,,,,,,,,,,,,,,,,,,,,,,,,
8988,939_?_?,939_?_?,983_?_?,,,,,,,,,,,,,,,,,,,,,,,,,,,,,,,,,,,,,
8989,128_1_1,125_151_200,124_21_30,178_5_7,112_5_7,176_11_20,242_4_6,241_4_6,243_4_6,244_4_6,240_4_6,,,,,,,,,,,,,,,,,,,,,,,,,,,,,
8990,513_1_1,,,,,,,,,,,,,,,,,,,,,,,,,,,,,,,,,,,,,,,
8991,118_31_50,123_31_50,124_31_50,125_201_250,112_6_10,138_11_20,174_501_700,176_11_15,243_6_10,241_6_10,,,,,,,,,,,,,,,,,,,,,,,,,,,,,,
8992,98_9_18,96_9_18,99_9_18,100_9_18,97_9_18,123_26_40,126_26_40,118_26_40,119_26_40,124_26_40,125_26_40,212_4_5,211_4_5,213_4_5,214_4_5,210_4_5,285_1_1,285_1_1,285_1_1,285_1_1,,,,,,,,,,,,,,,,,,,,
8993,98_9_18,96_9_18,99_9_18,100_9_18,97_9_18,123_26_30,126_26_30,118_26_30,119_26_30,124_26_30,125_151_165,212_4_5,211_4_5,213_4_5,214_4_5,210_4_5,285_1_1,285_1_1,285_1_1,285_1_1,,,,,,,,,,,,,,,,,,,,
9001,254_12_15,251_12_15,260_8_10,,,,,,,,,,,,,,,,,,,,,,,,,,,,,,,,,,,,,
9002,253_14_18,251_14_18,,,,,,,,,,,,,,,,,,,,,,,,,,,,,,,,,,,,,,
9003,253_8_10,252_8_10,264_8_10,261_8_10,,,,,,,,,,,,,,,,,,,,,,,,,,,,,,,,,,,,
9004,251_6_8,263_8_10,,,,,,,,,,,,,,,,,,,,,,,,,,,,,,,,,,,,,,
9005,254_16_20,253_12_15,252_16_20,261_12_15,,,,,,,,,,,,,,,,,,,,,,,,,,,,,,,,,,,,
9006,254_12_15,250_21_25,261_12_15,,,,,,,,,,,,,,,,,,,,,,,,,,,,,,,,,,,,,
9007,253_15_18,252_15_18,264_4_5,261_4_5,,,,,,,,,,,,,,,,,,,,,,,,,,,,,,,,,,,,
9008,252_21_25,251_21_25,260_12_15,264_4_5,,,,,,,,,,,,,,,,,,,,,,,,,,,,,,,,,,,,
9009,254_6_8,260_8_10,,,,,,,,,,,,,,,,,,,,,,,,,,,,,,,,,,,,,,
9010,254_6_8,263_8_10,,,,,,,,,,,,,,,,,,,,,,,,,,,,,,,,,,,,,,
9011,263_7_9,,,,,,,,,,,,,,,,,,,,,,,,,,,,,,,,,,,,,,,
9012,262_7_9,,,,,,,,,,,,,,,,,,,,,,,,,,,,,,,,,,,,,,,
9013,260_4_5,,,,,,,,,,,,,,,,,,,,,,,,,,,,,,,,,,,,,,,
9014,261_4_5,,,,,,,,,,,,,,,,,,,,,,,,,,,,,,,,,,,,,,,
9015,250_5_6,,,,,,,,,,,,,,,,,,,,,,,,,,,,,,,,,,,,,,,
9016,254_6_8,261_8_10,,,,,,,,,,,,,,,,,,,,,,,,,,,,,,,,,,,,,,
9017,254_16_20,253_16_20,260_8_10,262_8_10,,,,,,,,,,,,,,,,,,,,,,,,,,,,,,,,,,,,
9018,253_10_12,250_10_12,,,,,,,,,,,,,,,,,,,,,,,,,,,,,,,,,,,,,,
9019,254_10_12,252_10_12,,,,,,,,,,,,,,,,,,,,,,,,,,,,,,,,,,,,,,
9020,264_10_12,262_10_12,,,,,,,,,,,,,,,,,,,,,,,,,,,,,,,,,,,,,,
9021,254_21_25,253_21_25,250_16_20,261_12_15,262_12_15,,,,,,,,,,,,,,,,,,,,,,,,,,,,,,,,,,,
9022,252_12_15,251_12_15,263_8_10,,,,,,,,,,,,,,,,,,,,,,,,,,,,,,,,,,,,,
9023,263_4_5,,,,,,,,,,,,,,,,,,,,,,,,,,,,,,,,,,,,,,,
9024,251_21_25,250_8_10,262_8_10,,,,,,,,,,,,,,,,,,,,,,,,,,,,,,,,,,,,,
9025,264_4_5,,,,,,,,,,,,,,,,,,,,,,,,,,,,,,,,,,,,,,,
9026,251_12_15,263_5_7,264_5_7,,,,,,,,,,,,,,,,,,,,,,,,,,,,,,,,,,,,,
9027,264_7_9,262_7_9,260_7_9,,,,,,,,,,,,,,,,,,,,,,,,,,,,,,,,,,,,,
9028,250_15_18,261_8_10,,,,,,,,,,,,,,,,,,,,,,,,,,,,,,,,,,,,,,
9029,253_21_25,262_12_15,,,,,,,,,,,,,,,,,,,,,,,,,,,,,,,,,,,,,,
9030,252_16_20,260_12_15,,,,,,,,,,,,,,,,,,,,,,,,,,,,,,,,,,,,,,
9031,118_300_300,126_300_300,123_300_300,119_300_300,128_1_1,111_2_2,112_10_10,182_5_5,125_300_300,124_300_300,,,,,,,,,,,,,,,,,,,,,,,,,,,,,,
9035,830_2_2,,,,,,,,,,,,,,,,,,,,,,,,,,,,,,,,,,,,,,,
9036,601_0_0,,,,,,,,,,,,,,,,,,,,,,,,,,,,,,,,,,,,,,,
9039,730_0_0,,,,,,,,,,,,,,,,,,,,,,,,,,,,,,,,,,,,,,,
9044,193_?_?,,,,,,,,,,,,,,,,,,,,,,,,,,,,,,,,,,,,,,,
9045,193_?_?,,,,,,,,,,,,,,,,,,,,,,,,,,,,,,,,,,,,,,,
9046,193_?_?,,,,,,,,,,,,,,,,,,,,,,,,,,,,,,,,,,,,,,,
9047,193_?_?,,,,,,,,,,,,,,,,,,,,,,,,,,,,,,,,,,,,,,,
9048,193_?_?,,,,,,,,,,,,,,,,,,,,,,,,,,,,,,,,,,,,,,,
9049,193_?_?,,,,,,,,,,,,,,,,,,,,,,,,,,,,,,,,,,,,,,,
9050,193_?_?,,,,,,,,,,,,,,,,,,,,,,,,,,,,,,,,,,,,,,,
9051,193_?_?,,,,,,,,,,,,,,,,,,,,,,,,,,,,,,,,,,,,,,,
9052,193_?_?,,,,,,,,,,,,,,,,,,,,,,,,,,,,,,,,,,,,,,,
9053,193_?_?,,,,,,,,,,,,,,,,,,,,,,,,,,,,,,,,,,,,,,,
9054,193_?_?,,,,,,,,,,,,,,,,,,,,,,,,,,,,,,,,,,,,,,,
9055,193_?_?,,,,,,,,,,,,,,,,,,,,,,,,,,,,,,,,,,,,,,,
9056,193_?_?,,,,,,,,,,,,,,,,,,,,,,,,,,,,,,,,,,,,,,,
9057,193_?_?,,,,,,,,,,,,,,,,,,,,,,,,,,,,,,,,,,,,,,,
9058,193_?_?,,,,,,,,,,,,,,,,,,,,,,,,,,,,,,,,,,,,,,,
9061,148_28_28,811_1_1,,,,,,,,,,,,,,,,,,,,,,,,,,,,,,,,,,,,,,
9065,805_64_64,,,,,,,,,,,,,,,,,,,,,,,,,,,,,,,,,,,,,,,
9096,148_?_?,811_2_2,,,,,,,,,,,,,,,,,,,,,,,,,,,,,,,,,,,,,,
9112,805_64_64,,,,,,,,,,,,,,,,,,,,,,,,,,,,,,,,,,,,,,,
9117,100_19_35,91_2_7,125_301_400,124_31_40,112_6_10,138_31_40,176_6_10,,,,,,,,,,,,,,,,,,,,,,,,,,,,,,,,,
9120,117_1_1,125_10_10,,,,,,,,,,,,,,,,,,,,,,,,,,,,,,,,,,,,,,
9121,125_20_20,124_10_10,,,,,,,,,,,,,,,,,,,,,,,,,,,,,,,,,,,,,,
9122,126_16_25,112_2_4,117_1_1,182_1_1,,,,,,,,,,,,,,,,,,,,,,,,,,,,,,,,,,,,
9123,118_16_25,112_1_3,117_1_1,182_1_1,,,,,,,,,,,,,,,,,,,,,,,,,,,,,,,,,,,,
9124,119_16_25,112_1_3,117_1_1,182_1_1,,,,,,,,,,,,,,,,,,,,,,,,,,,,,,,,,,,,
9125,123_16_25,112_1_3,117_1_1,182_1_1,,,,,,,,,,,,,,,,,,,,,,,,,,,,,,,,,,,,
9126,125_21_35,124_11_15,126_16_30,112_4_5,174_101_200,176_6_10,,,,,,,,,,,,,,,,,,,,,,,,,,,,,,,,,,
9127,125_21_35,124_11_15,118_16_30,112_4_5,174_101_200,176_6_10,,,,,,,,,,,,,,,,,,,,,,,,,,,,,,,,,,
9128,125_21_35,124_11_15,119_16_30,112_4_5,174_101_200,176_6_10,,,,,,,,,,,,,,,,,,,,,,,,,,,,,,,,,,
9129,125_21_35,124_11_15,123_16_30,112_4_5,174_101_200,176_6_10,,,,,,,,,,,,,,,,,,,,,,,,,,,,,,,,,,
9130,125_251_300,124_41_50,112_5_7,138_31_40,111_1_1,174_501_600,176_11_20,211_6_10,,,,,,,,,,,,,,,,,,,,,,,,,,,,,,,,
9131,119_31_50,125_101_150,124_31_40,112_5_7,117_1_1,225_11_20,176_11_20,244_6_10,241_6_10,240_6_10,211_6_10,,,,,,,,,,,,,,,,,,,,,,,,,,,,,
9132,118_31_50,125_151_200,124_16_25,112_4_5,115_3_4,176_11_20,241_6_10,240_6_10,210_6_10,214_6_10,,,,,,,,,,,,,,,,,,,,,,,,,,,,,,
9133,125_101_150,124_31_40,126_31_50,112_4_5,178_6_10,182_2_2,176_11_15,244_6_10,241_6_10,212_6_10,,,,,,,,,,,,,,,,,,,,,,,,,,,,,,
9134,97_10_21,99_10_21,118_31_50,126_31_50,124_31_40,125_251_300,115_3_4,112_5_7,174_301_400,176_11_20,,,,,,,,,,,,,,,,,,,,,,,,,,,,,,
9135,100_9_16,98_9_16,94_1_7,101_1_1,126_31_50,119_31_50,125_251_300,124_31_40,112_4_5,178_6_10,138_11_15,176_6_10,,,,,,,,,,,,,,,,,,,,,,,,,,,,
9136,100_18_27,92_1_8,91_1_8,123_31_50,118_31_50,126_31_50,124_21_30,125_201_250,112_4_5,214_6_10,182_1_1,176_11_15,,,,,,,,,,,,,,,,,,,,,,,,,,,,
9137,100_8_14,98_8_14,101_1_1,119_31_50,125_201_250,124_21_30,115_2_3,112_5_7,226_31_50,174_301_400,176_11_15,,,,,,,,,,,,,,,,,,,,,,,,,,,,,
9138,96_11_23,100_11_23,123_41_60,125_201_250,124_21_30,115_3_4,117_1_1,112_6_10,176_11_20,240_6_10,,,,,,,,,,,,,,,,,,,,,,,,,,,,,,
9139,125_201_250,124_31_40,123_31_50,112_5_7,138_6_10,117_1_1,128_1_1,174_401_700,176_21_30,214_6_10,,,,,,,,,,,,,,,,,,,,,,,,,,,,,,
9140,118_51_70,125_251_300,124_31_50,128_1_1,112_6_10,176_6_10,243_6_10,242_6_10,210_6_10,,,,,,,,,,,,,,,,,,,,,,,,,,,,,,,
9141,125_201_250,119_41_60,124_31_40,115_2_3,112_6_10,176_21_30,243_6_10,210_6_10,244_6_10,,,,,,,,,,,,,,,,,,,,,,,,,,,,,,,
9142,126_31_50,125_201_250,124_31_40,115_1_2,112_5_7,178_5_7,174_301_500,176_11_20,244_6_10,214_6_10,,,,,,,,,,,,,,,,,,,,,,,,,,,,,,
9143,125_201_250,124_31_40,126_31_50,115_2_3,178_6_10,112_4_5,174_201_300,176_11_20,213_5_7,210_5_7,,,,,,,,,,,,,,,,,,,,,,,,,,,,,,
9144,118_41_60,125_301_350,124_21_30,115_3_4,112_4_5,182_1_1,174_301_500,176_11_20,241_6_10,240_6_10,213_6_10,,,,,,,,,,,,,,,,,,,,,,,,,,,,,
9145,123_31_50,125_351_400,124_31_50,115_2_3,112_6_10,182_1_1,176_21_30,210_6_10,,,,,,,,,,,,,,,,,,,,,,,,,,,,,,,,
9146,125_301_350,124_41_50,112_6_10,138_31_40,117_1_1,182_2_2,176_11_20,210_6_10,,,,,,,,,,,,,,,,,,,,,,,,,,,,,,,,
9147,125_251_300,124_21_30,119_31_50,115_3_5,112_6_10,138_11_20,182_1_1,174_201_300,176_11_15,212_6_10,213_6_10,,,,,,,,,,,,,,,,,,,,,,,,,,,,,
9148,125_21_40,124_16_25,178_3_5,138_16_25,182_1_1,212_2_3,,,,,,,,,,,,,,,,,,,,,,,,,,,,,,,,,,
9149,125_26_40,124_11_15,126_16_25,115_4_5,,,,,,,,,,,,,,,,,,,,,,,,,,,,,,,,,,,,
9150,125_26_40,124_11_15,118_16_25,115_4_5,,,,,,,,,,,,,,,,,,,,,,,,,,,,,,,,,,,,
9151,125_26_40,124_11_15,119_16_25,115_4_5,,,,,,,,,,,,,,,,,,,,,,,,,,,,,,,,,,,,
9152,125_26_40,124_11_15,123_16_25,115_4_5,,,,,,,,,,,,,,,,,,,,,,,,,,,,,,,,,,,,
9153,125_16_30,126_16_30,178_3_5,112_3_5,111_1_1,182_1_1,,,,,,,,,,,,,,,,,,,,,,,,,,,,,,,,,,
9154,125_16_30,118_16_30,178_3_5,112_3_5,111_1_1,182_1_1,,,,,,,,,,,,,,,,,,,,,,,,,,,,,,,,,,
9155,125_16_30,119_16_30,178_3_5,112_3_5,111_1_1,182_1_1,,,,,,,,,,,,,,,,,,,,,,,,,,,,,,,,,,
9156,125_16_30,123_16_30,178_3_5,112_3_5,111_1_1,182_1_1,,,,,,,,,,,,,,,,,,,,,,,,,,,,,,,,,,
9157,125_41_70,124_16_30,112_4_6,138_21_30,111_1_1,213_2_3,,,,,,,,,,,,,,,,,,,,,,,,,,,,,,,,,,
9158,125_21_35,126_11_15,138_11_15,182_1_1,174_101_150,176_1_5,,,,,,,,,,,,,,,,,,,,,,,,,,,,,,,,,,
9159,125_21_35,118_11_15,138_11_15,182_1_1,174_101_150,176_1_5,,,,,,,,,,,,,,,,,,,,,,,,,,,,,,,,,,
9160,125_21_35,119_11_15,138_11_15,182_1_1,174_101_150,176_1_5,,,,,,,,,,,,,,,,,,,,,,,,,,,,,,,,,,
9161,125_21_35,123_11_15,138_11_15,182_1_1,174_101_150,176_1_5,,,,,,,,,,,,,,,,,,,,,,,,,,,,,,,,,,
9162,125_26_40,126_16_30,115_2_3,117_1_1,128_1_1,182_1_1,213_5_8,,,,,,,,,,,,,,,,,,,,,,,,,,,,,,,,,
9163,125_26_40,118_16_30,115_2_3,117_1_1,128_1_1,182_1_1,210_5_8,,,,,,,,,,,,,,,,,,,,,,,,,,,,,,,,,
9164,125_26_40,119_16_30,115_2_3,117_1_1,128_1_1,182_1_1,212_5_8,,,,,,,,,,,,,,,,,,,,,,,,,,,,,,,,,
9165,125_26_40,123_16_30,115_2_3,117_1_1,128_1_1,182_1_1,211_5_8,,,,,,,,,,,,,,,,,,,,,,,,,,,,,,,,,
9166,125_31_50,124_16_25,138_16_30,128_1_1,242_2_10,241_2_10,243_2_10,240_2_10,211_2_3,,,,,,,,,,,,,,,,,,,,,,,,,,,,,,,
9167,125_21_35,124_11_15,126_11_15,112_1_2,158_101_300,,,,,,,,,,,,,,,,,,,,,,,,,,,,,,,,,,,
9168,125_21_35,124_11_15,118_11_15,112_1_2,158_101_300,,,,,,,,,,,,,,,,,,,,,,,,,,,,,,,,,,,
9169,125_21_35,124_11_15,119_11_15,112_1_2,158_101_300,,,,,,,,,,,,,,,,,,,,,,,,,,,,,,,,,,,
9170,125_21_35,124_11_15,123_11_15,112_1_2,158_101_300,,,,,,,,,,,,,,,,,,,,,,,,,,,,,,,,,,,
9171,125_26_45,124_16_25,126_16_30,115_2_3,158_201_400,176_6_10,213_3_5,,,,,,,,,,,,,,,,,,,,,,,,,,,,,,,,,
9172,125_26_45,124_16_25,118_16_30,115_2_3,158_201_400,176_6_10,210_3_5,,,,,,,,,,,,,,,,,,,,,,,,,,,,,,,,,
9173,125_26_45,124_16_25,119_16_30,115_2_3,158_201_400,176_6_10,213_3_5,,,,,,,,,,,,,,,,,,,,,,,,,,,,,,,,,
9174,125_26_45,124_16_25,123_16_30,115_2_3,158_201_400,176_6_10,211_3_5,,,,,,,,,,,,,,,,,,,,,,,,,,,,,,,,,
9175,125_41_60,138_21_35,124_21_30,112_6_8,210_2_3,,,,,,,,,,,,,,,,,,,,,,,,,,,,,,,,,,,
9176,100_8_17,96_6_10,99_6_10,125_251_300,118_31_50,119_31_50,115_2_3,112_4_6,242_6_10,212_6_10,,,,,,,,,,,,,,,,,,,,,,,,,,,,,,
9177,118_26_40,119_26_40,125_151_200,124_21_30,115_2_3,112_6_10,174_301_400,176_11_20,243_6_10,213_6_10,,,,,,,,,,,,,,,,,,,,,,,,,,,,,,
9178,123_26_40,126_26_40,125_151_200,124_21_30,115_2_3,112_6_10,174_301_400,176_11_20,240_6_10,210_6_10,,,,,,,,,,,,,,,,,,,,,,,,,,,,,,
9179,118_31_50,119_31_50,124_31_40,125_201_250,115_1_2,112_6_10,111_1_1,226_11_20,174_301_400,176_11_20,243_6_10,,,,,,,,,,,,,,,,,,,,,,,,,,,,,
9180,119_41_60,118_41_60,124_31_40,125_201_250,112_4_6,138_6_10,117_1_1,226_21_30,176_21_30,211_6_10,,,,,,,,,,,,,,,,,,,,,,,,,,,,,,
9181,123_41_60,126_41_60,124_21_30,125_201_250,115_3_4,178_6_10,112_6_10,176_21_30,182_2_2,241_6_10,,,,,,,,,,,,,,,,,,,,,,,,,,,,,,
9182,123_31_50,126_31_50,125_201_250,124_21_30,176_6_10,112_6_10,178_6_10,182_2_2,214_6_10,128_1_1,,,,,,,,,,,,,,,,,,,,,,,,,,,,,,
9183,123_31_50,126_31_50,124_21_30,125_251_300,115_1_2,112_4_5,178_4_5,117_1_1,138_6_10,176_11_20,244_6_10,214_6_10,,,,,,,,,,,,,,,,,,,,,,,,,,,,
9184,117_1_2,983_?_?,,,,,,,,,,,,,,,,,,,,,,,,,,,,,,,,,,,,,,
9185,983_64_64,,,,,,,,,,,,,,,,,,,,,,,,,,,,,,,,,,,,,,,
9186,124_16_25,112_2_4,983_?_?,,,,,,,,,,,,,,,,,,,,,,,,,,,,,,,,,,,,,
9187,724_45_45,983_-1_-1,,,,,,,,,,,,,,,,,,,,,,,,,,,,,,,,,,,,,,
9188,112_3_7,983_?_?,,,,,,,,,,,,,,,,,,,,,,,,,,,,,,,,,,,,,,
9189,138_6_20,983_?_?,,,,,,,,,,,,,,,,,,,,,,,,,,,,,,,,,,,,,,
9190,118_11_50,124_11_20,155_1_20,983_?_?,,,,,,,,,,,,,,,,,,,,,,,,,,,,,,,,,,,,
9191,100_11_20,174_101_150,118_1_15,119_1_15,983_?_?,,,,,,,,,,,,,,,,,,,,,,,,,,,,,,,,,,,
9192,125_1_20,124_1_15,240_1_5,244_1_5,210_1_5,983_?_?,,,,,,,,,,,,,,,,,,,,,,,,,,,,,,,,,,
9193,118_1_20,115_1_4,138_1_10,174_1_100,210_1_5,983_?_?,,,,,,,,,,,,,,,,,,,,,,,,,,,,,,,,,,
9194,118_1_30,125_1_30,124_1_15,210_1_5,983_?_?,,,,,,,,,,,,,,,,,,,,,,,,,,,,,,,,,,,
9195,118_1_10,125_1_30,112_1_3,210_1_5,983_?_?,,,,,,,,,,,,,,,,,,,,,,,,,,,,,,,,,,,
9196,119_1_10,125_1_30,112_1_3,212_1_5,983_?_?,,,,,,,,,,,,,,,,,,,,,,,,,,,,,,,,,,,
9197,119_1_30,125_1_30,124_1_15,212_1_5,983_?_?,,,,,,,,,,,,,,,,,,,,,,,,,,,,,,,,,,,
9198,125_1_20,124_1_15,241_1_5,242_1_5,243_1_5,212_1_5,983_?_?,,,,,,,,,,,,,,,,,,,,,,,,,,,,,,,,,
9199,125_1_20,115_1_4,138_1_10,174_1_100,212_1_5,983_?_?,,,,,,,,,,,,,,,,,,,,,,,,,,,,,,,,,,
9200,604_747_747,,,,,,,,,,,,,,,,,,,,,,,,,,,,,,,,,,,,,,,
9201,604_729_729,,,,,,,,,,,,,,,,,,,,,,,,,,,,,,,,,,,,,,,
9202,260_51_55,264_51_55,261_51_55,263_51_55,262_51_55,252_51_55,251_51_55,253_51_55,254_51_55,250_51_55,125_10000_19998,,,,,,,,,,,,,,,,,,,,,,,,,,,,,
9233,973_11_11,971_1_1,972_1_1,983_?_?,808_64_64,974_0_0,975_14_14,,,,,,,,,,,,,,,,,,,,,,,,,,,,,,,,,
9234,973_10_10,971_1_1,972_1_1,983_?_?,808_64_64,974_0_0,975_14_14,,,,,,,,,,,,,,,,,,,,,,,,,,,,,,,,,
9255,973_1_1,971_1_1,972_1_1,983_?_?,808_64_64,974_0_0,975_14_14,,,,,,,,,,,,,,,,,,,,,,,,,,,,,,,,,
9256,973_9_9,971_1_1,972_1_1,983_?_?,808_64_64,974_0_0,975_14_14,,,,,,,,,,,,,,,,,,,,,,,,,,,,,,,,,
9339,983_?_?,,,,,,,,,,,,,,,,,,,,,,,,,,,,,,,,,,,,,,,
9344,983_?_?,,,,,,,,,,,,,,,,,,,,,,,,,,,,,,,,,,,,,,,
9345,983_?_?,,,,,,,,,,,,,,,,,,,,,,,,,,,,,,,,,,,,,,,
9346,983_?_?,,,,,,,,,,,,,,,,,,,,,,,,,,,,,,,,,,,,,,,
9348,983_?_?,,,,,,,,,,,,,,,,,,,,,,,,,,,,,,,,,,,,,,,
9349,983_?_?,,,,,,,,,,,,,,,,,,,,,,,,,,,,,,,,,,,,,,,
9350,983_?_?,,,,,,,,,,,,,,,,,,,,,,,,,,,,,,,,,,,,,,,
9351,983_?_?,,,,,,,,,,,,,,,,,,,,,,,,,,,,,,,,,,,,,,,
9352,983_?_?,,,,,,,,,,,,,,,,,,,,,,,,,,,,,,,,,,,,,,,
9353,983_?_?,,,,,,,,,,,,,,,,,,,,,,,,,,,,,,,,,,,,,,,
9354,983_?_?,,,,,,,,,,,,,,,,,,,,,,,,,,,,,,,,,,,,,,,
9355,983_?_?,,,,,,,,,,,,,,,,,,,,,,,,,,,,,,,,,,,,,,,
9356,983_?_?,,,,,,,,,,,,,,,,,,,,,,,,,,,,,,,,,,,,,,,
9357,983_?_?,,,,,,,,,,,,,,,,,,,,,,,,,,,,,,,,,,,,,,,
9358,983_64_64,,,,,,,,,,,,,,,,,,,,,,,,,,,,,,,,,,,,,,,
9359,983_?_?,,,,,,,,,,,,,,,,,,,,,,,,,,,,,,,,,,,,,,,
9360,983_?_?,,,,,,,,,,,,,,,,,,,,,,,,,,,,,,,,,,,,,,,
9361,983_?_?,,,,,,,,,,,,,,,,,,,,,,,,,,,,,,,,,,,,,,,
9362,983_?_?,,,,,,,,,,,,,,,,,,,,,,,,,,,,,,,,,,,,,,,
9363,983_?_?,,,,,,,,,,,,,,,,,,,,,,,,,,,,,,,,,,,,,,,
9366,115_3_7,124_16_25,125_31_50,,,,,,,,,,,,,,,,,,,,,,,,,,,,,,,,,,,,,
9379,208_?_?,110_100_100,139_100_100,,,,,,,,,,,,,,,,,,,,,,,,,,,,,,,,,,,,,
9380,208_?_?,,,,,,,,,,,,,,,,,,,,,,,,,,,,,,,,,,,,,,,
9394,118_41_60,125_151_200,124_31_50,112_6_10,117_1_1,174_201_300,176_11_20,243_6_10,213_6_10,,,,,,,,,,,,,,,,,,,,,,,,,,,,,,,
9395,118_31_50,126_31_50,124_31_50,125_151_200,178_5_7,112_5_7,182_1_2,176_11_15,212_5_7,211_5_7,,,,,,,,,,,,,,,,,,,,,,,,,,,,,,
9396,983_64_64,,,,,,,,,,,,,,,,,,,,,,,,,,,,,,,,,,,,,,,
9402,125_11_15,124_11_15,115_1_2,983_?_?,,,,,,,,,,,,,,,,,,,,,,,,,,,,,,,,,,,,
9403,100_16_20,123_21_40,157_1_20,983_?_?,,,,,,,,,,,,,,,,,,,,,,,,,,,,,,,,,,,,
9404,112_2_3,182_1_1,983_?_?,,,,,,,,,,,,,,,,,,,,,,,,,,,,,,,,,,,,,
9405,118_11_40,126_11_40,125_11_40,983_?_?,,,,,,,,,,,,,,,,,,,,,,,,,,,,,,,,,,,,
9406,124_1_20,112_1_3,983_?_?,,,,,,,,,,,,,,,,,,,,,,,,,,,,,,,,,,,,,
9407,124_1_30,112_1_2,983_?_?,,,,,,,,,,,,,,,,,,,,,,,,,,,,,,,,,,,,,
9408,112_4_5,983_?_?,,,,,,,,,,,,,,,,,,,,,,,,,,,,,,,,,,,,,,
9409,125_16_25,118_16_25,119_16_25,115_1_2,226_1_10,983_?_?,,,,,,,,,,,,,,,,,,,,,,,,,,,,,,,,,,
9410,176_1_10,119_1_40,125_1_50,983_?_?,,,,,,,,,,,,,,,,,,,,,,,,,,,,,,,,,,,,
9411,174_151_200,119_16_30,125_11_20,983_?_?,,,,,,,,,,,,,,,,,,,,,,,,,,,,,,,,,,,,
9412,119_11_20,115_3_5,174_41_65,983_?_?,,,,,,,,,,,,,,,,,,,,,,,,,,,,,,,,,,,,
9413,118_6_10,125_16_25,126_6_10,119_6_10,123_6_10,983_?_?,,,,,,,,,,,,,,,,,,,,,,,,,,,,,,,,,,
9414,115_3_10,983_?_?,,,,,,,,,,,,,,,,,,,,,,,,,,,,,,,,,,,,,,
9415,123_11_30,112_1_2,983_?_?,,,,,,,,,,,,,,,,,,,,,,,,,,,,,,,,,,,,,
9416,123_11_15,126_11_15,983_?_?,,,,,,,,,,,,,,,,,,,,,,,,,,,,,,,,,,,,,
9417,100_2_6,115_5_5,983_?_?,,,,,,,,,,,,,,,,,,,,,,,,,,,,,,,,,,,,,
9418,123_11_50,983_?_?,,,,,,,,,,,,,,,,,,,,,,,,,,,,,,,,,,,,,,
9451,126_21_35,983_?_?,,,,,,,,,,,,,,,,,,,,,,,,,,,,,,,,,,,,,,
9452,124_11_15,123_11_15,983_?_?,,,,,,,,,,,,,,,,,,,,,,,,,,,,,,,,,,,,,
9453,124_16_25,112_2_4,983_?_?,,,,,,,,,,,,,,,,,,,,,,,,,,,,,,,,,,,,,
9454,117_1_1,125_4_4,983_?_?,,,,,,,,,,,,,,,,,,,,,,,,,,,,,,,,,,,,,
9455,124_11_15,126_11_15,983_?_?,,,,,,,,,,,,,,,,,,,,,,,,,,,,,,,,,,,,,
9456,125_21_60,138_6_15,983_?_?,,,,,,,,,,,,,,,,,,,,,,,,,,,,,,,,,,,,,
9457,117_1_2,983_?_?,,,,,,,,,,,,,,,,,,,,,,,,,,,,,,,,,,,,,,
9461,115_4_7,118_51_80,125_301_400,124_31_50,112_6_10,182_1_1,176_16_25,242_6_10,240_6_10,213_6_10,,,,,,,,,,,,,,,,,,,,,,,,,,,,,,
9463,125_201_250,126_31_50,124_31_50,112_6_10,138_6_10,178_6_10,111_1_1,176_11_20,243_6_10,240_6_10,,,,,,,,,,,,,,,,,,,,,,,,,,,,,,
9464,125_251_350,124_31_40,115_4_5,178_6_10,112_11_15,138_21_30,117_2_2,111_1_1,182_1_2,176_21_30,,,,,,,,,,,,,,,,,,,,,,,,,,,,,,
9468,96_12_26,100_8_18,123_41_60,125_251_300,124_31_40,112_6_10,176_21_30,213_6_10,,,,,,,,,,,,,,,,,,,,,,,,,,,,,,,,
9469,96_6_28,98_6_28,123_31_50,119_31_50,125_201_250,124_21_30,174_401_700,112_6_10,117_1_1,212_6_10,211_6_10,,,,,,,,,,,,,,,,,,,,,,,,,,,,,
9471,2179_0_0,724_?_?,724_?_?,983_-1_-1,,,,,,,,,,,,,,,,,,,,,,,,,,,,,,,,,,,,
9472,208_?_?,110_11_20,,,,,,,,,,,,,,,,,,,,,,,,,,,,,,,,,,,,,,
9474,705_?_?,,,,,,,,,,,,,,,,,,,,,,,,,,,,,,,,,,,,,,,
9475,705_?_?,,,,,,,,,,,,,,,,,,,,,,,,,,,,,,,,,,,,,,,
9476,705_?_?,,,,,,,,,,,,,,,,,,,,,,,,,,,,,,,,,,,,,,,
9479,138_11_20,174_11_210,983_?_?,,,,,,,,,,,,,,,,,,,,,,,,,,,,,,,,,,,,,
9480,117_1_2,983_?_?,,,,,,,,,,,,,,,,,,,,,,,,,,,,,,,,,,,,,,
9481,260_2_3,253_2_3,983_?_?,,,,,,,,,,,,,,,,,,,,,,,,,,,,,,,,,,,,,
9482,263_2_3,251_2_3,983_?_?,,,,,,,,,,,,,,,,,,,,,,,,,,,,,,,,,,,,,
9483,262_2_3,253_2_3,983_?_?,,,,,,,,,,,,,,,,,,,,,,,,,,,,,,,,,,,,,
9484,261_2_3,250_2_3,983_?_?,,,,,,,,,,,,,,,,,,,,,,,,,,,,,,,,,,,,,
9485,123_11_30,112_1_2,983_?_?,,,,,,,,,,,,,,,,,,,,,,,,,,,,,,,,,,,,,
9486,124_15_15,983_?_?,,,,,,,,,,,,,,,,,,,,,,,,,,,,,,,,,,,,,,
9487,805_64_64,,,,,,,,,,,,,,,,,,,,,,,,,,,,,,,,,,,,,,,
9490,805_64_64,,,,,,,,,,,,,,,,,,,,,,,,,,,,,,,,,,,,,,,
9491,176_40_40,811_?_?,,,,,,,,,,,,,,,,,,,,,,,,,,,,,,,,,,,,,,
9492,983_?_?,,,,,,,,,,,,,,,,,,,,,,,,,,,,,,,,,,,,,,,
9493,983_?_?,,,,,,,,,,,,,,,,,,,,,,,,,,,,,,,,,,,,,,,
9494,983_?_?,,,,,,,,,,,,,,,,,,,,,,,,,,,,,,,,,,,,,,,
9495,983_?_?,,,,,,,,,,,,,,,,,,,,,,,,,,,,,,,,,,,,,,,
9496,983_?_?,,,,,,,,,,,,,,,,,,,,,,,,,,,,,,,,,,,,,,,
9497,983_?_?,,,,,,,,,,,,,,,,,,,,,,,,,,,,,,,,,,,,,,,
9498,983_?_?,,,,,,,,,,,,,,,,,,,,,,,,,,,,,,,,,,,,,,,
9499,983_?_?,,,,,,,,,,,,,,,,,,,,,,,,,,,,,,,,,,,,,,,
9500,983_?_?,,,,,,,,,,,,,,,,,,,,,,,,,,,,,,,,,,,,,,,
9501,983_?_?,,,,,,,,,,,,,,,,,,,,,,,,,,,,,,,,,,,,,,,
9502,983_?_?,,,,,,,,,,,,,,,,,,,,,,,,,,,,,,,,,,,,,,,
9503,983_?_?,,,,,,,,,,,,,,,,,,,,,,,,,,,,,,,,,,,,,,,
9504,983_?_?,,,,,,,,,,,,,,,,,,,,,,,,,,,,,,,,,,,,,,,
9505,983_?_?,,,,,,,,,,,,,,,,,,,,,,,,,,,,,,,,,,,,,,,
9506,983_?_?,,,,,,,,,,,,,,,,,,,,,,,,,,,,,,,,,,,,,,,
9507,983_?_?,,,,,,,,,,,,,,,,,,,,,,,,,,,,,,,,,,,,,,,
9508,983_?_?,,,,,,,,,,,,,,,,,,,,,,,,,,,,,,,,,,,,,,,
9509,983_?_?,,,,,,,,,,,,,,,,,,,,,,,,,,,,,,,,,,,,,,,
9510,983_?_?,,,,,,,,,,,,,,,,,,,,,,,,,,,,,,,,,,,,,,,
9511,983_?_?,,,,,,,,,,,,,,,,,,,,,,,,,,,,,,,,,,,,,,,
9512,983_?_?,,,,,,,,,,,,,,,,,,,,,,,,,,,,,,,,,,,,,,,
9513,983_?_?,,,,,,,,,,,,,,,,,,,,,,,,,,,,,,,,,,,,,,,
9514,983_?_?,,,,,,,,,,,,,,,,,,,,,,,,,,,,,,,,,,,,,,,
9515,983_?_?,,,,,,,,,,,,,,,,,,,,,,,,,,,,,,,,,,,,,,,
9516,983_?_?,,,,,,,,,,,,,,,,,,,,,,,,,,,,,,,,,,,,,,,
9517,983_?_?,,,,,,,,,,,,,,,,,,,,,,,,,,,,,,,,,,,,,,,
9518,983_?_?,,,,,,,,,,,,,,,,,,,,,,,,,,,,,,,,,,,,,,,
9519,983_?_?,,,,,,,,,,,,,,,,,,,,,,,,,,,,,,,,,,,,,,,
9520,983_?_?,,,,,,,,,,,,,,,,,,,,,,,,,,,,,,,,,,,,,,,
9521,983_?_?,,,,,,,,,,,,,,,,,,,,,,,,,,,,,,,,,,,,,,,
9522,983_?_?,,,,,,,,,,,,,,,,,,,,,,,,,,,,,,,,,,,,,,,
9523,640_?_?,,,,,,,,,,,,,,,,,,,,,,,,,,,,,,,,,,,,,,,
9524,983_?_?,,,,,,,,,,,,,,,,,,,,,,,,,,,,,,,,,,,,,,,
9540,125_26_40,126_16_25,119_16_25,178_2_3,983_?_?,,,,,,,,,,,,,,,,,,,,,,,,,,,,,,,,,,,
9541,125_11_20,124_11_20,117_1_1,983_?_?,,,,,,,,,,,,,,,,,,,,,,,,,,,,,,,,,,,,
9542,125_26_40,119_16_25,123_16_25,182_1_2,983_?_?,,,,,,,,,,,,,,,,,,,,,,,,,,,,,,,,,,,
9543,124_6_10,125_21_30,112_2_2,983_?_?,,,,,,,,,,,,,,,,,,,,,,,,,,,,,,,,,,,,
9544,98_1_5,96_1_5,99_1_5,97_1_5,983_?_?,,,,,,,,,,,,,,,,,,,,,,,,,,,,,,,,,,,
9545,99_5_20,983_?_?,,,,,,,,,,,,,,,,,,,,,,,,,,,,,,,,,,,,,,
9546,97_5_20,983_?_?,,,,,,,,,,,,,,,,,,,,,,,,,,,,,,,,,,,,,,
9547,96_5_20,983_?_?,,,,,,,,,,,,,,,,,,,,,,,,,,,,,,,,,,,,,,
9548,98_5_20,983_?_?,,,,,,,,,,,,,,,,,,,,,,,,,,,,,,,,,,,,,,
9549,124_11_20,119_16_25,123_16_25,115_4_5,983_?_?,,,,,,,,,,,,,,,,,,,,,,,,,,,,,,,,,,,
9550,805_64_64,,,,,,,,,,,,,,,,,,,,,,,,,,,,,,,,,,,,,,,
9552,983_?_?,,,,,,,,,,,,,,,,,,,,,,,,,,,,,,,,,,,,,,,
9553,983_?_?,,,,,,,,,,,,,,,,,,,,,,,,,,,,,,,,,,,,,,,
9554,983_?_?,,,,,,,,,,,,,,,,,,,,,,,,,,,,,,,,,,,,,,,
9555,983_?_?,,,,,,,,,,,,,,,,,,,,,,,,,,,,,,,,,,,,,,,
9556,983_?_?,,,,,,,,,,,,,,,,,,,,,,,,,,,,,,,,,,,,,,,
9558,233_?_?,233_?_?,,,,,,,,,,,,,,,,,,,,,,,,,,,,,,,,,,,,,,
9567,125_21_30,178_2_3,138_16_25,182_1_1,983_?_?,,,,,,,,,,,,,,,,,,,,,,,,,,,,,,,,,,,
9569,125_31_45,115_3_4,178_1_1,138_11_15,983_?_?,,,,,,,,,,,,,,,,,,,,,,,,,,,,,,,,,,,
9575,125_16_30,124_11_15,112_2_3,983_?_?,,,,,,,,,,,,,,,,,,,,,,,,,,,,,,,,,,,,
9576,124_11_15,115_1_2,138_11_15,117_1_1,983_?_?,,,,,,,,,,,,,,,,,,,,,,,,,,,,,,,,,,,
9577,811_?_?,,,,,,,,,,,,,,,,,,,,,,,,,,,,,,,,,,,,,,,
9578,983_?_?,,,,,,,,,,,,,,,,,,,,,,,,,,,,,,,,,,,,,,,
9579,983_?_?,,,,,,,,,,,,,,,,,,,,,,,,,,,,,,,,,,,,,,,
9580,983_?_?,,,,,,,,,,,,,,,,,,,,,,,,,,,,,,,,,,,,,,,
9581,983_?_?,,,,,,,,,,,,,,,,,,,,,,,,,,,,,,,,,,,,,,,
9582,138_50_50,214_5_5,211_5_5,213_5_5,210_5_5,212_5_5,,,,,,,,,,,,,,,,,,,,,,,,,,,,,,,,,,
9583,983_?_?,,,,,,,,,,,,,,,,,,,,,,,,,,,,,,,,,,,,,,,
9590,983_?_?,,,,,,,,,,,,,,,,,,,,,,,,,,,,,,,,,,,,,,,
9591,983_?_?,,,,,,,,,,,,,,,,,,,,,,,,,,,,,,,,,,,,,,,
9592,983_?_?,,,,,,,,,,,,,,,,,,,,,,,,,,,,,,,,,,,,,,,
9593,983_?_?,,,,,,,,,,,,,,,,,,,,,,,,,,,,,,,,,,,,,,,
9594,800_?_?,808_64_64,983_?_?,,,,,,,,,,,,,,,,,,,,,,,,,,,,,,,,,,,,,
9596,983_?_?,,,,,,,,,,,,,,,,,,,,,,,,,,,,,,,,,,,,,,,
9597,197_1_1,,,,,,,,,,,,,,,,,,,,,,,,,,,,,,,,,,,,,,,
9617,800_?_?,808_64_64,806_0_0,807_0_0,983_?_?,,,,,,,,,,,,,,,,,,,,,,,,,,,,,,,,,,,
9618,983_?_?,,,,,,,,,,,,,,,,,,,,,,,,,,,,,,,,,,,,,,,
9619,800_?_?,808_64_64,983_?_?,,,,,,,,,,,,,,,,,,,,,,,,,,,,,,,,,,,,,
9620,800_?_?,808_64_64,983_?_?,,,,,,,,,,,,,,,,,,,,,,,,,,,,,,,,,,,,,
9621,605_10000_10000,983_64_64,,,,,,,,,,,,,,,,,,,,,,,,,,,,,,,,,,,,,,
9622,983_64_64,,,,,,,,,,,,,,,,,,,,,,,,,,,,,,,,,,,,,,,
9623,800_?_?,808_64_64,806_0_0,807_0_0,983_?_?,,,,,,,,,,,,,,,,,,,,,,,,,,,,,,,,,,,
9624,800_?_?,808_64_64,983_?_?,,,,,,,,,,,,,,,,,,,,,,,,,,,,,,,,,,,,,
9625,176_30_30,811_?_?,,,,,,,,,,,,,,,,,,,,,,,,,,,,,,,,,,,,,,
9626,118_50_50,811_?_?,,,,,,,,,,,,,,,,,,,,,,,,,,,,,,,,,,,,,,
9627,100_1_1,149_2358_2358,983_64_64,205_2000_2000,,,,,,,,,,,,,,,,,,,,,,,,,,,,,,,,,,,,
9628,126_50_50,811_?_?,,,,,,,,,,,,,,,,,,,,,,,,,,,,,,,,,,,,,,
9629,123_50_50,811_?_?,,,,,,,,,,,,,,,,,,,,,,,,,,,,,,,,,,,,,,
9630,119_50_50,811_?_?,,,,,,,,,,,,,,,,,,,,,,,,,,,,,,,,,,,,,,
9631,125_150_150,811_?_?,,,,,,,,,,,,,,,,,,,,,,,,,,,,,,,,,,,,,,
9632,124_30_30,811_?_?,,,,,,,,,,,,,,,,,,,,,,,,,,,,,,,,,,,,,,
9633,176_100_100,811_?_?,,,,,,,,,,,,,,,,,,,,,,,,,,,,,,,,,,,,,,
9634,124_100_100,811_?_?,,,,,,,,,,,,,,,,,,,,,,,,,,,,,,,,,,,,,,
9635,2150_2599_2599,,,,,,,,,,,,,,,,,,,,,,,,,,,,,,,,,,,,,,,
9636,2150_?_?,,,,,,,,,,,,,,,,,,,,,,,,,,,,,,,,,,,,,,,
9637,2150_?_?,,,,,,,,,,,,,,,,,,,,,,,,,,,,,,,,,,,,,,,
9638,2150_?_?,,,,,,,,,,,,,,,,,,,,,,,,,,,,,,,,,,,,,,,
9639,2150_?_?,,,,,,,,,,,,,,,,,,,,,,,,,,,,,,,,,,,,,,,
9640,2150_?_?,,,,,,,,,,,,,,,,,,,,,,,,,,,,,,,,,,,,,,,
9641,2150_?_?,,,,,,,,,,,,,,,,,,,,,,,,,,,,,,,,,,,,,,,
9642,2150_?_?,,,,,,,,,,,,,,,,,,,,,,,,,,,,,,,,,,,,,,,
9643,2150_?_?,,,,,,,,,,,,,,,,,,,,,,,,,,,,,,,,,,,,,,,
9644,983_?_?,,,,,,,,,,,,,,,,,,,,,,,,,,,,,,,,,,,,,,,
9645,983_?_?,,,,,,,,,,,,,,,,,,,,,,,,,,,,,,,,,,,,,,,
9646,983_?_?,221_?_?,221_?_?,221_?_?,221_?_?,221_?_?,221_?_?,,,,,,,,,,,,,,,,,,,,,,,,,,,,,,,,,
9647,983_?_?,,,,,,,,,,,,,,,,,,,,,,,,,,,,,,,,,,,,,,,
9648,983_?_?,,,,,,,,,,,,,,,,,,,,,,,,,,,,,,,,,,,,,,,
9649,983_?_?,,,,,,,,,,,,,,,,,,,,,,,,,,,,,,,,,,,,,,,
9650,983_?_?,,,,,,,,,,,,,,,,,,,,,,,,,,,,,,,,,,,,,,,
9651,229_58_58,983_?_?,,,,,,,,,,,,,,,,,,,,,,,,,,,,,,,,,,,,,,
9652,125_26_40,123_16_25,112_3_4,983_?_?,,,,,,,,,,,,,,,,,,,,,,,,,,,,,,,,,,,,
9653,125_31_50,115_2_3,138_11_15,182_1_1,983_?_?,,,,,,,,,,,,,,,,,,,,,,,,,,,,,,,,,,,
9654,124_11_15,123_16_25,112_2_3,174_51_75,983_?_?,,,,,,,,,,,,,,,,,,,,,,,,,,,,,,,,,,,
9655,124_11_15,123_16_25,112_3_4,983_?_?,,,,,,,,,,,,,,,,,,,,,,,,,,,,,,,,,,,,
9656,125_31_50,115_2_3,112_1_2,182_1_1,983_?_?,,,,,,,,,,,,,,,,,,,,,,,,,,,,,,,,,,,
9657,100_9_12,115_2_3,182_1_1,983_?_?,,,,,,,,,,,,,,,,,,,,,,,,,,,,,,,,,,,,
9658,125_21_30,124_6_10,123_16_25,112_2_3,983_?_?,,,,,,,,,,,,,,,,,,,,,,,,,,,,,,,,,,,
9659,125_31_50,115_2_3,178_1_2,182_1_1,983_?_?,,,,,,,,,,,,,,,,,,,,,,,,,,,,,,,,,,,
9660,125_21_30,126_16_25,119_16_25,117_1_1,182_1_1,983_?_?,,,,,,,,,,,,,,,,,,,,,,,,,,,,,,,,,,
9662,125_21_30,124_11_20,178_1_2,983_?_?,,,,,,,,,,,,,,,,,,,,,,,,,,,,,,,,,,,,
9663,125_21_30,124_11_20,119_21_30,112_1_2,983_?_?,,,,,,,,,,,,,,,,,,,,,,,,,,,,,,,,,,,
9667,126_11_20,119_11_20,178_3_4,983_?_?,,,,,,,,,,,,,,,,,,,,,,,,,,,,,,,,,,,,
9668,197_1_1,,,,,,,,,,,,,,,,,,,,,,,,,,,,,,,,,,,,,,,
9669,197_1_1,,,,,,,,,,,,,,,,,,,,,,,,,,,,,,,,,,,,,,,
9670,197_1_1,,,,,,,,,,,,,,,,,,,,,,,,,,,,,,,,,,,,,,,
9672,197_1_1,,,,,,,,,,,,,,,,,,,,,,,,,,,,,,,,,,,,,,,
9673,197_1_1,,,,,,,,,,,,,,,,,,,,,,,,,,,,,,,,,,,,,,,
9686,705_32_32,,,,,,,,,,,,,,,,,,,,,,,,,,,,,,,,,,,,,,,
9687,705_64_64,,,,,,,,,,,,,,,,,,,,,,,,,,,,,,,,,,,,,,,
9688,705_96_96,,,,,,,,,,,,,,,,,,,,,,,,,,,,,,,,,,,,,,,
9689,705_?_?,,,,,,,,,,,,,,,,,,,,,,,,,,,,,,,,,,,,,,,
9690,705_?_?,,,,,,,,,,,,,,,,,,,,,,,,,,,,,,,,,,,,,,,
9706,98_11_17,983_?_?,740_?_?,,,,,,,,,,,,,,,,,,,,,,,,,,,,,,,,,,,,,
9707,99_13_24,983_?_?,740_28_28,,,,,,,,,,,,,,,,,,,,,,,,,,,,,,,,,,,,,
9708,96_14_33,983_?_?,740_32_32,,,,,,,,,,,,,,,,,,,,,,,,,,,,,,,,,,,,,
9709,97_16_35,983_?_?,740_?_?,,,,,,,,,,,,,,,,,,,,,,,,,,,,,,,,,,,,,
9710,98_4_8,96_4_8,99_4_8,97_4_8,983_?_?,740_46_46,,,,,,,,,,,,,,,,,,,,,,,,,,,,,,,,,,
9711,99_5_12,983_?_?,740_?_?,,,,,,,,,,,,,,,,,,,,,,,,,,,,,,,,,,,,,
9712,96_6_15,983_?_?,740_28_28,,,,,,,,,,,,,,,,,,,,,,,,,,,,,,,,,,,,,
9713,97_6_15,983_?_?,740_32_32,,,,,,,,,,,,,,,,,,,,,,,,,,,,,,,,,,,,,
9714,118_10_10,742_0_0,,,,,,,,,,,,,,,,,,,,,,,,,,,,,,,,,,,,,,
9715,118_20_20,742_0_0,,,,,,,,,,,,,,,,,,,,,,,,,,,,,,,,,,,,,,
9716,98_11_16,983_?_?,740_?_?,,,,,,,,,,,,,,,,,,,,,,,,,,,,,,,,,,,,,
9717,98_3_5,96_3_5,99_3_5,97_3_5,983_?_?,740_46_46,,,,,,,,,,,,,,,,,,,,,,,,,,,,,,,,,,
9718,983_64_64,,,,,,,,,,,,,,,,,,,,,,,,,,,,,,,,,,,,,,,
9719,731_1_1,,,,,,,,,,,,,,,,,,,,,,,,,,,,,,,,,,,,,,,
9720,983_64_64,,,,,,,,,,,,,,,,,,,,,,,,,,,,,,,,,,,,,,,
9722,731_2_2,,,,,,,,,,,,,,,,,,,,,,,,,,,,,,,,,,,,,,,
9723,731_3_3,,,,,,,,,,,,,,,,,,,,,,,,,,,,,,,,,,,,,,,
9724,96_9_15,983_?_?,740_?_?,,,,,,,,,,,,,,,,,,,,,,,,,,,,,,,,,,,,,
9725,97_14_20,983_?_?,740_28_28,,,,,,,,,,,,,,,,,,,,,,,,,,,,,,,,,,,,,
9726,98_19_25,983_?_?,740_32_32,,,,,,,,,,,,,,,,,,,,,,,,,,,,,,,,,,,,,
9727,99_20_26,983_?_?,740_?_?,,,,,,,,,,,,,,,,,,,,,,,,,,,,,,,,,,,,,
9728,98_5_7,96_5_7,99_5_7,97_5_7,983_?_?,740_46_46,,,,,,,,,,,,,,,,,,,,,,,,,,,,,,,,,,
9729,97_8_13,983_?_?,740_?_?,,,,,,,,,,,,,,,,,,,,,,,,,,,,,,,,,,,,,
9730,98_10_15,983_?_?,740_28_28,,,,,,,,,,,,,,,,,,,,,,,,,,,,,,,,,,,,,
9731,99_9_18,983_?_?,740_32_32,,,,,,,,,,,,,,,,,,,,,,,,,,,,,,,,,,,,,
9735,96_13_22,983_?_?,740_?_?,,,,,,,,,,,,,,,,,,,,,,,,,,,,,,,,,,,,,
9736,98_2_5,96_2_5,99_2_5,97_2_5,983_?_?,740_46_46,,,,,,,,,,,,,,,,,,,,,,,,,,,,,,,,,,
9739,98_5_12,983_?_?,740_?_?,,,,,,,,,,,,,,,,,,,,,,,,,,,,,,,,,,,,,
9741,99_8_15,983_?_?,740_28_28,,,,,,,,,,,,,,,,,,,,,,,,,,,,,,,,,,,,,
9742,96_8_21,983_?_?,740_32_32,,,,,,,,,,,,,,,,,,,,,,,,,,,,,,,,,,,,,
9743,97_13_20,983_?_?,740_?_?,,,,,,,,,,,,,,,,,,,,,,,,,,,,,,,,,,,,,
9744,98_1_4,96_1_4,99_1_4,97_1_4,983_?_?,740_46_46,,,,,,,,,,,,,,,,,,,,,,,,,,,,,,,,,,
9745,99_5_12,983_?_?,740_?_?,,,,,,,,,,,,,,,,,,,,,,,,,,,,,,,,,,,,,
9746,96_7_16,983_?_?,740_28_28,,,,,,,,,,,,,,,,,,,,,,,,,,,,,,,,,,,,,
9747,97_8_19,983_?_?,740_32_32,,,,,,,,,,,,,,,,,,,,,,,,,,,,,,,,,,,,,
9748,98_8_21,983_?_?,740_?_?,,,,,,,,,,,,,,,,,,,,,,,,,,,,,,,,,,,,,
9749,98_3_7,96_3_7,99_3_7,97_3_7,983_?_?,740_46_46,,,,,,,,,,,,,,,,,,,,,,,,,,,,,,,,,,
9750,96_8_20,983_?_?,740_?_?,,,,,,,,,,,,,,,,,,,,,,,,,,,,,,,,,,,,,
9751,97_14_23,983_?_?,740_28_28,,,,,,,,,,,,,,,,,,,,,,,,,,,,,,,,,,,,,
9752,98_19_28,983_?_?,740_32_32,,,,,,,,,,,,,,,,,,,,,,,,,,,,,,,,,,,,,
9753,99_21_30,983_?_?,740_?_?,,,,,,,,,,,,,,,,,,,,,,,,,,,,,,,,,,,,,
9754,98_4_8,96_4_8,99_4_8,97_4_8,983_?_?,740_46_46,,,,,,,,,,,,,,,,,,,,,,,,,,,,,,,,,,
9755,97_7_15,983_?_?,740_?_?,,,,,,,,,,,,,,,,,,,,,,,,,,,,,,,,,,,,,
9756,98_11_18,983_?_?,740_28_28,,,,,,,,,,,,,,,,,,,,,,,,,,,,,,,,,,,,,
9757,99_11_19,983_?_?,740_32_32,,,,,,,,,,,,,,,,,,,,,,,,,,,,,,,,,,,,,
9758,96_14_22,983_?_?,740_?_?,,,,,,,,,,,,,,,,,,,,,,,,,,,,,,,,,,,,,
9759,98_4_7,96_4_7,99_4_7,97_4_7,983_?_?,740_46_46,,,,,,,,,,,,,,,,,,,,,,,,,,,,,,,,,,
9760,118_40_40,742_0_0,,,,,,,,,,,,,,,,,,,,,,,,,,,,,,,,,,,,,,
9778,110_300_300,139_100_100,,,,,,,,,,,,,,,,,,,,,,,,,,,,,,,,,,,,,,
9780,110_500_500,139_200_200,,,,,,,,,,,,,,,,,,,,,,,,,,,,,,,,,,,,,,
9781,110_666_666,139_666_666,,,,,,,,,,,,,,,,,,,,,,,,,,,,,,,,,,,,,,
9782,110_666_666,139_666_666,605_666_666,607_1_1,,,,,,,,,,,,,,,,,,,,,,,,,,,,,,,,,,,,
9783,110_500_500,139_500_500,605_500_500,,,,,,,,,,,,,,,,,,,,,,,,,,,,,,,,,,,,,
9784,110_500_500,139_500_500,605_500_500,609_1_1,,,,,,,,,,,,,,,,,,,,,,,,,,,,,,,,,,,,
9785,800_?_?,808_64_64,983_?_?,,,,,,,,,,,,,,,,,,,,,,,,,,,,,,,,,,,,,
9787,126_10_10,742_0_0,,,,,,,,,,,,,,,,,,,,,,,,,,,,,,,,,,,,,,
9788,126_20_20,742_0_0,,,,,,,,,,,,,,,,,,,,,,,,,,,,,,,,,,,,,,
9789,126_40_40,742_0_0,,,,,,,,,,,,,,,,,,,,,,,,,,,,,,,,,,,,,,
9790,123_10_10,742_0_0,,,,,,,,,,,,,,,,,,,,,,,,,,,,,,,,,,,,,,
9791,123_20_20,742_0_0,,,,,,,,,,,,,,,,,,,,,,,,,,,,,,,,,,,,,,
9792,123_40_40,742_0_0,,,,,,,,,,,,,,,,,,,,,,,,,,,,,,,,,,,,,,
9793,119_10_10,742_0_0,,,,,,,,,,,,,,,,,,,,,,,,,,,,,,,,,,,,,,
9794,119_20_20,742_0_0,,,,,,,,,,,,,,,,,,,,,,,,,,,,,,,,,,,,,,
9795,119_40_40,742_0_0,,,,,,,,,,,,,,,,,,,,,,,,,,,,,,,,,,,,,,
9796,125_10_10,742_0_0,,,,,,,,,,,,,,,,,,,,,,,,,,,,,,,,,,,,,,
9797,125_20_20,742_0_0,,,,,,,,,,,,,,,,,,,,,,,,,,,,,,,,,,,,,,
9798,125_40_40,742_0_0,,,,,,,,,,,,,,,,,,,,,,,,,,,,,,,,,,,,,,
9799,124_5_5,742_0_0,,,,,,,,,,,,,,,,,,,,,,,,,,,,,,,,,,,,,,
9800,124_10_10,742_0_0,,,,,,,,,,,,,,,,,,,,,,,,,,,,,,,,,,,,,,
9801,124_20_20,742_0_0,,,,,,,,,,,,,,,,,,,,,,,,,,,,,,,,,,,,,,
9802,176_2_2,742_0_0,,,,,,,,,,,,,,,,,,,,,,,,,,,,,,,,,,,,,,
9803,176_4_4,742_0_0,,,,,,,,,,,,,,,,,,,,,,,,,,,,,,,,,,,,,,
9804,176_8_8,742_0_0,,,,,,,,,,,,,,,,,,,,,,,,,,,,,,,,,,,,,,
9805,115_1_1,742_0_0,,,,,,,,,,,,,,,,,,,,,,,,,,,,,,,,,,,,,,
9806,115_2_2,742_0_0,,,,,,,,,,,,,,,,,,,,,,,,,,,,,,,,,,,,,,
9807,115_4_4,742_0_0,,,,,,,,,,,,,,,,,,,,,,,,,,,,,,,,,,,,,,
9808,983_?_?,,,,,,,,,,,,,,,,,,,,,,,,,,,,,,,,,,,,,,,
9809,197_1_1,,,,,,,,,,,,,,,,,,,,,,,,,,,,,,,,,,,,,,,
9813,983_?_?,,,,,,,,,,,,,,,,,,,,,,,,,,,,,,,,,,,,,,,
9814,983_?_?,,,,,,,,,,,,,,,,,,,,,,,,,,,,,,,,,,,,,,,
9815,983_?_?,,,,,,,,,,,,,,,,,,,,,,,,,,,,,,,,,,,,,,,
9816,983_?_?,,,,,,,,,,,,,,,,,,,,,,,,,,,,,,,,,,,,,,,
9817,983_?_?,,,,,,,,,,,,,,,,,,,,,,,,,,,,,,,,,,,,,,,
9818,983_?_?,,,,,,,,,,,,,,,,,,,,,,,,,,,,,,,,,,,,,,,
9819,983_?_?,,,,,,,,,,,,,,,,,,,,,,,,,,,,,,,,,,,,,,,
9820,983_?_?,,,,,,,,,,,,,,,,,,,,,,,,,,,,,,,,,,,,,,,
9821,983_?_?,,,,,,,,,,,,,,,,,,,,,,,,,,,,,,,,,,,,,,,
9822,983_?_?,,,,,,,,,,,,,,,,,,,,,,,,,,,,,,,,,,,,,,,
9823,983_?_?,,,,,,,,,,,,,,,,,,,,,,,,,,,,,,,,,,,,,,,
9824,983_?_?,,,,,,,,,,,,,,,,,,,,,,,,,,,,,,,,,,,,,,,
9825,983_?_?,,,,,,,,,,,,,,,,,,,,,,,,,,,,,,,,,,,,,,,
9826,983_?_?,,,,,,,,,,,,,,,,,,,,,,,,,,,,,,,,,,,,,,,
9827,983_?_?,,,,,,,,,,,,,,,,,,,,,,,,,,,,,,,,,,,,,,,
9828,983_?_?,,,,,,,,,,,,,,,,,,,,,,,,,,,,,,,,,,,,,,,
9829,983_?_?,,,,,,,,,,,,,,,,,,,,,,,,,,,,,,,,,,,,,,,
9830,983_?_?,,,,,,,,,,,,,,,,,,,,,,,,,,,,,,,,,,,,,,,
9831,983_?_?,,,,,,,,,,,,,,,,,,,,,,,,,,,,,,,,,,,,,,,
9832,983_?_?,,,,,,,,,,,,,,,,,,,,,,,,,,,,,,,,,,,,,,,
9833,983_?_?,,,,,,,,,,,,,,,,,,,,,,,,,,,,,,,,,,,,,,,
9834,983_?_?,,,,,,,,,,,,,,,,,,,,,,,,,,,,,,,,,,,,,,,
9835,983_?_?,,,,,,,,,,,,,,,,,,,,,,,,,,,,,,,,,,,,,,,
9836,983_?_?,,,,,,,,,,,,,,,,,,,,,,,,,,,,,,,,,,,,,,,
9837,983_?_?,,,,,,,,,,,,,,,,,,,,,,,,,,,,,,,,,,,,,,,
9838,983_?_?,,,,,,,,,,,,,,,,,,,,,,,,,,,,,,,,,,,,,,,
9839,983_?_?,,,,,,,,,,,,,,,,,,,,,,,,,,,,,,,,,,,,,,,
9840,983_?_?,,,,,,,,,,,,,,,,,,,,,,,,,,,,,,,,,,,,,,,
9841,983_?_?,,,,,,,,,,,,,,,,,,,,,,,,,,,,,,,,,,,,,,,
9842,983_?_?,,,,,,,,,,,,,,,,,,,,,,,,,,,,,,,,,,,,,,,
9843,983_?_?,,,,,,,,,,,,,,,,,,,,,,,,,,,,,,,,,,,,,,,
9844,983_?_?,,,,,,,,,,,,,,,,,,,,,,,,,,,,,,,,,,,,,,,
9845,983_?_?,,,,,,,,,,,,,,,,,,,,,,,,,,,,,,,,,,,,,,,
9846,983_?_?,,,,,,,,,,,,,,,,,,,,,,,,,,,,,,,,,,,,,,,
9847,983_?_?,,,,,,,,,,,,,,,,,,,,,,,,,,,,,,,,,,,,,,,
9848,983_?_?,,,,,,,,,,,,,,,,,,,,,,,,,,,,,,,,,,,,,,,
9849,983_?_?,,,,,,,,,,,,,,,,,,,,,,,,,,,,,,,,,,,,,,,
9850,983_?_?,,,,,,,,,,,,,,,,,,,,,,,,,,,,,,,,,,,,,,,
9851,983_?_?,,,,,,,,,,,,,,,,,,,,,,,,,,,,,,,,,,,,,,,
9852,983_?_?,,,,,,,,,,,,,,,,,,,,,,,,,,,,,,,,,,,,,,,
9868,811_?_?,,,,,,,,,,,,,,,,,,,,,,,,,,,,,,,,,,,,,,,
9869,193_?_?,949_1_1,,,,,,,,,,,,,,,,,,,,,,,,,,,,,,,,,,,,,,
9870,193_?_?,949_1_1,,,,,,,,,,,,,,,,,,,,,,,,,,,,,,,,,,,,,,
9882,193_?_?,949_1_1,,,,,,,,,,,,,,,,,,,,,,,,,,,,,,,,,,,,,,
9883,193_?_?,949_1_1,,,,,,,,,,,,,,,,,,,,,,,,,,,,,,,,,,,,,,
9884,193_?_?,949_1_1,,,,,,,,,,,,,,,,,,,,,,,,,,,,,,,,,,,,,,
9885,193_?_?,949_1_1,,,,,,,,,,,,,,,,,,,,,,,,,,,,,,,,,,,,,,
9886,193_?_?,949_1_1,,,,,,,,,,,,,,,,,,,,,,,,,,,,,,,,,,,,,,
9887,193_?_?,949_1_1,,,,,,,,,,,,,,,,,,,,,,,,,,,,,,,,,,,,,,
9888,193_?_?,949_1_1,,,,,,,,,,,,,,,,,,,,,,,,,,,,,,,,,,,,,,
9889,983_?_?,,,,,,,,,,,,,,,,,,,,,,,,,,,,,,,,,,,,,,,
9890,983_?_?,,,,,,,,,,,,,,,,,,,,,,,,,,,,,,,,,,,,,,,
9891,983_?_?,,,,,,,,,,,,,,,,,,,,,,,,,,,,,,,,,,,,,,,
9892,983_?_?,,,,,,,,,,,,,,,,,,,,,,,,,,,,,,,,,,,,,,,
9893,983_?_?,,,,,,,,,,,,,,,,,,,,,,,,,,,,,,,,,,,,,,,
9894,983_?_?,,,,,,,,,,,,,,,,,,,,,,,,,,,,,,,,,,,,,,,
9895,983_?_?,,,,,,,,,,,,,,,,,,,,,,,,,,,,,,,,,,,,,,,
9896,983_?_?,,,,,,,,,,,,,,,,,,,,,,,,,,,,,,,,,,,,,,,
9897,648_0_0,,,,,,,,,,,,,,,,,,,,,,,,,,,,,,,,,,,,,,,
9898,646_200_200,,,,,,,,,,,,,,,,,,,,,,,,,,,,,,,,,,,,,,,
9899,646_400_400,,,,,,,,,,,,,,,,,,,,,,,,,,,,,,,,,,,,,,,
9900,646_800_800,,,,,,,,,,,,,,,,,,,,,,,,,,,,,,,,,,,,,,,
9901,731_4_4,,,,,,,,,,,,,,,,,,,,,,,,,,,,,,,,,,,,,,,
9902,731_5_5,,,,,,,,,,,,,,,,,,,,,,,,,,,,,,,,,,,,,,,
9903,983_64_64,725_?_?,,,,,,,,,,,,,,,,,,,,,,,,,,,,,,,,,,,,,,
9904,149_?_?,205_0_0,760_0_0,,,,,,,,,,,,,,,,,,,,,,,,,,,,,,,,,,,,,
9905,149_?_?,205_0_0,760_0_0,,,,,,,,,,,,,,,,,,,,,,,,,,,,,,,,,,,,,
9906,149_67_67,205_0_0,760_0_0,,,,,,,,,,,,,,,,,,,,,,,,,,,,,,,,,,,,,
9907,149_?_?,205_0_0,760_0_0,,,,,,,,,,,,,,,,,,,,,,,,,,,,,,,,,,,,,
9908,149_?_?,205_0_0,760_0_0,,,,,,,,,,,,,,,,,,,,,,,,,,,,,,,,,,,,,
9909,149_?_?,205_0_0,760_0_0,,,,,,,,,,,,,,,,,,,,,,,,,,,,,,,,,,,,,
9910,149_?_?,205_0_0,760_0_0,,,,,,,,,,,,,,,,,,,,,,,,,,,,,,,,,,,,,
9911,149_?_?,205_0_0,760_0_0,,,,,,,,,,,,,,,,,,,,,,,,,,,,,,,,,,,,,
9912,149_78_78,,,,,,,,,,,,,,,,,,,,,,,,,,,,,,,,,,,,,,,
9916,604_832_832,,,,,,,,,,,,,,,,,,,,,,,,,,,,,,,,,,,,,,,
9917,805_64_64,,,,,,,,,,,,,,,,,,,,,,,,,,,,,,,,,,,,,,,
9919,983_64_64,149_2358_2358,785_0_0,,,,,,,,,,,,,,,,,,,,,,,,,,,,,,,,,,,,,
9920,805_64_64,,,,,,,,,,,,,,,,,,,,,,,,,,,,,,,,,,,,,,,
9921,125_16_25,178_2_3,117_1_1,983_?_?,,,,,,,,,,,,,,,,,,,,,,,,,,,,,,,,,,,,
9922,125_16_25,126_6_15,178_2_3,983_?_?,,,,,,,,,,,,,,,,,,,,,,,,,,,,,,,,,,,,
9923,178_2_3,138_11_15,182_1_1,983_?_?,,,,,,,,,,,,,,,,,,,,,,,,,,,,,,,,,,,,
9924,123_16_25,115_2_3,138_6_10,117_1_1,983_?_?,,,,,,,,,,,,,,,,,,,,,,,,,,,,,,,,,,,
9925,123_16_25,115_1_2,112_1_2,983_?_?,,,,,,,,,,,,,,,,,,,,,,,,,,,,,,,,,,,,
9926,96_11_17,123_6_15,124_6_15,983_?_?,,,,,,,,,,,,,,,,,,,,,,,,,,,,,,,,,,,,
9927,125_31_50,123_16_25,115_2_3,174_51_100,983_?_?,,,,,,,,,,,,,,,,,,,,,,,,,,,,,,,,,,,
9928,124_11_15,178_1_1,138_11_15,182_1_1,983_?_?,,,,,,,,,,,,,,,,,,,,,,,,,,,,,,,,,,,
9929,125_36_45,112_1_2,138_11_15,983_?_?,,,,,,,,,,,,,,,,,,,,,,,,,,,,,,,,,,,,
9930,125_16_20,124_6_10,115_1_2,138_11_15,983_?_?,,,,,,,,,,,,,,,,,,,,,,,,,,,,,,,,,,,
9931,115_2_3,178_2_3,174_51_100,983_?_?,,,,,,,,,,,,,,,,,,,,,,,,,,,,,,,,,,,,
9933,125_16_25,178_2_3,138_11_15,983_?_?,,,,,,,,,,,,,,,,,,,,,,,,,,,,,,,,,,,,
9936,118_21_30,124_11_15,115_1_2,983_?_?,,,,,,,,,,,,,,,,,,,,,,,,,,,,,,,,,,,,
9937,125_11_20,124_11_15,123_16_25,983_?_?,,,,,,,,,,,,,,,,,,,,,,,,,,,,,,,,,,,,
9938,100_11_20,118_11_20,124_6_10,983_?_?,,,,,,,,,,,,,,,,,,,,,,,,,,,,,,,,,,,,
9939,96_8_12,125_21_30,123_21_30,983_?_?,,,,,,,,,,,,,,,,,,,,,,,,,,,,,,,,,,,,
9942,118_16_25,125_16_25,112_1_2,983_?_?,,,,,,,,,,,,,,,,,,,,,,,,,,,,,,,,,,,,
9943,124_11_15,123_16_25,117_1_1,983_?_?,,,,,,,,,,,,,,,,,,,,,,,,,,,,,,,,,,,,
9944,125_16_25,124_11_15,123_16_25,115_2_3,983_?_?,,,,,,,,,,,,,,,,,,,,,,,,,,,,,,,,,,,
9945,118_21_30,125_11_20,117_1_1,983_?_?,,,,,,,,,,,,,,,,,,,,,,,,,,,,,,,,,,,,
9961,100_1_1,175_10_10,122_5_5,157_15_15,,,,,,,,,,,,,,,,,,,,,,,,,,,,,,,,,,,,
9964,229_?_?,983_?_?,,,,,,,,,,,,,,,,,,,,,,,,,,,,,,,,,,,,,,
9972,100_2_3,,,,,,,,,,,,,,,,,,,,,,,,,,,,,,,,,,,,,,,
9974,100_2_3,,,,,,,,,,,,,,,,,,,,,,,,,,,,,,,,,,,,,,,
9980,110_75_75,,,,,,,,,,,,,,,,,,,,,,,,,,,,,,,,,,,,,,,
9982,110_201_250,,,,,,,,,,,,,,,,,,,,,,,,,,,,,,,,,,,,,,,
9983,110_10_10,139_51_100,,,,,,,,,,,,,,,,,,,,,,,,,,,,,,,,,,,,,,
9993,148_?_?,811_1_1,,,,,,,,,,,,,,,,,,,,,,,,,,,,,,,,,,,,,,
9996,791_100_100,,,,,,,,,,,,,,,,,,,,,,,,,,,,,,,,,,,,,,,
10001,791_10_10,,,,,,,,,,,,,,,,,,,,,,,,,,,,,,,,,,,,,,,
10002,791_1_1,,,,,,,,,,,,,,,,,,,,,,,,,,,,,,,,,,,,,,,
10009,148_?_?,811_3_3,,,,,,,,,,,,,,,,,,,,,,,,,,,,,,,,,,,,,,
10025,811_2_2,122_10_10,,,,,,,,,,,,,,,,,,,,,,,,,,,,,,,,,,,,,,
10036,208_?_?,,,,,,,,,,,,,,,,,,,,,,,,,,,,,,,,,,,,,,,
10042,208_260_260,,,,,,,,,,,,,,,,,,,,,,,,,,,,,,,,,,,,,,,
10043,149_?_?,811_1_1,,,,,,,,,,,,,,,,,,,,,,,,,,,,,,,,,,,,,,
10044,193_?_?,,,,,,,,,,,,,,,,,,,,,,,,,,,,,,,,,,,,,,,
10052,710_1_1,616_?_?,,,,,,,,,,,,,,,,,,,,,,,,,,,,,,,,,,,,,,
10054,125_31_50,138_16_20,158_151_200,983_?_?,,,,,,,,,,,,,,,,,,,,,,,,,,,,,,,,,,,,
10055,118_21_30,125_21_30,124_11_15,182_2_2,983_?_?,,,,,,,,,,,,,,,,,,,,,,,,,,,,,,,,,,,
10056,125_21_30,123_21_30,174_201_250,983_?_?,,,,,,,,,,,,,,,,,,,,,,,,,,,,,,,,,,,,
10057,701_1_1,,,,,,,,,,,,,,,,,,,,,,,,,,,,,,,,,,,,,,,
10058,125_21_30,126_21_30,117_1_1,983_?_?,,,,,,,,,,,,,,,,,,,,,,,,,,,,,,,,,,,,
10061,125_21_30,119_21_30,115_2_3,112_1_1,983_?_?,,,,,,,,,,,,,,,,,,,,,,,,,,,,,,,,,,,
10063,149_?_?,,,,,,,,,,,,,,,,,,,,,,,,,,,,,,,,,,,,,,,
10073,724_13_13,,,,,,,,,,,,,,,,,,,,,,,,,,,,,,,,,,,,,,,
10076,724_12_12,254_21_25,253_21_25,250_16_20,261_12_15,262_12_15,,,,,,,,,,,,,,,,,,,,,,,,,,,,,,,,,,
10077,148_?_?,811_1_1,,,,,,,,,,,,,,,,,,,,,,,,,,,,,,,,,,,,,,
10078,148_?_?,811_0_0,122_10_10,171_10_10,,,,,,,,,,,,,,,,,,,,,,,,,,,,,,,,,,,,
10079,110_501_600,,,,,,,,,,,,,,,,,,,,,,,,,,,,,,,,,,,,,,,
10083,110_81_120,139_41_60,,,,,,,,,,,,,,,,,,,,,,,,,,,,,,,,,,,,,,
10085,983_64_64,,,,,,,,,,,,,,,,,,,,,,,,,,,,,,,,,,,,,,,
10102,125_21_30,124_11_15,112_1_2,983_?_?,,,,,,,,,,,,,,,,,,,,,,,,,,,,,,,,,,,,
10106,800_?_?,808_64_64,983_?_?,,,,,,,,,,,,,,,,,,,,,,,,,,,,,,,,,,,,,
10107,800_?_?,808_64_64,983_?_?,,,,,,,,,,,,,,,,,,,,,,,,,,,,,,,,,,,,,
10118,148_?_?,811_0_0,,,,,,,,,,,,,,,,,,,,,,,,,,,,,,,,,,,,,,
10119,149_?_?,811_?_?,721_0_0,724_1_1,,,,,,,,,,,,,,,,,,,,,,,,,,,,,,,,,,,,
10125,98_1_5,96_1_5,99_1_5,97_1_5,983_?_?,,,,,,,,,,,,,,,,,,,,,,,,,,,,,,,,,,,
10126,98_1_5,96_1_5,99_1_5,97_1_5,983_?_?,,,,,,,,,,,,,,,,,,,,,,,,,,,,,,,,,,,
10127,98_1_5,96_1_5,99_1_5,97_1_5,983_?_?,,,,,,,,,,,,,,,,,,,,,,,,,,,,,,,,,,,
10131,983_?_?,,,,,,,,,,,,,,,,,,,,,,,,,,,,,,,,,,,,,,,
10132,983_?_?,,,,,,,,,,,,,,,,,,,,,,,,,,,,,,,,,,,,,,,
10133,98_1_5,96_1_5,99_1_5,97_1_5,983_?_?,,,,,,,,,,,,,,,,,,,,,,,,,,,,,,,,,,,
10140,983_?_?,,,,,,,,,,,,,,,,,,,,,,,,,,,,,,,,,,,,,,,
10141,983_?_?,,,,,,,,,,,,,,,,,,,,,,,,,,,,,,,,,,,,,,,
10142,983_?_?,,,,,,,,,,,,,,,,,,,,,,,,,,,,,,,,,,,,,,,
10143,983_?_?,,,,,,,,,,,,,,,,,,,,,,,,,,,,,,,,,,,,,,,
10144,983_?_?,,,,,,,,,,,,,,,,,,,,,,,,,,,,,,,,,,,,,,,
10145,983_?_?,,,,,,,,,,,,,,,,,,,,,,,,,,,,,,,,,,,,,,,
10146,983_?_?,,,,,,,,,,,,,,,,,,,,,,,,,,,,,,,,,,,,,,,
10147,983_?_?,,,,,,,,,,,,,,,,,,,,,,,,,,,,,,,,,,,,,,,
10148,983_?_?,,,,,,,,,,,,,,,,,,,,,,,,,,,,,,,,,,,,,,,
10149,983_?_?,,,,,,,,,,,,,,,,,,,,,,,,,,,,,,,,,,,,,,,
10150,983_?_?,,,,,,,,,,,,,,,,,,,,,,,,,,,,,,,,,,,,,,,
10151,983_?_?,,,,,,,,,,,,,,,,,,,,,,,,,,,,,,,,,,,,,,,
10152,983_?_?,,,,,,,,,,,,,,,,,,,,,,,,,,,,,,,,,,,,,,,
10153,983_?_?,,,,,,,,,,,,,,,,,,,,,,,,,,,,,,,,,,,,,,,
10155,125_21_30,112_2_3,174_101_150,983_?_?,,,,,,,,,,,,,,,,,,,,,,,,,,,,,,,,,,,,
10156,125_21_30,112_2_3,138_6_10,983_?_?,,,,,,,,,,,,,,,,,,,,,,,,,,,,,,,,,,,,
10157,125_21_40,112_3_4,983_?_?,,,,,,,,,,,,,,,,,,,,,,,,,,,,,,,,,,,,,
10158,724_11_11,2151_?_?,,,,,,,,,,,,,,,,,,,,,,,,,,,,,,,,,,,,,,
10159,724_10_10,,,,,,,,,,,,,,,,,,,,,,,,,,,,,,,,,,,,,,,
10160,724_?_?,,,,,,,,,,,,,,,,,,,,,,,,,,,,,,,,,,,,,,,
10161,724_?_?,,,,,,,,,,,,,,,,,,,,,,,,,,,,,,,,,,,,,,,
10162,724_?_?,,,,,,,,,,,,,,,,,,,,,,,,,,,,,,,,,,,,,,,
10163,724_?_?,,,,,,,,,,,,,,,,,,,,,,,,,,,,,,,,,,,,,,,
10164,724_?_?,,,,,,,,,,,,,,,,,,,,,,,,,,,,,,,,,,,,,,,
10165,724_?_?,,,,,,,,,,,,,,,,,,,,,,,,,,,,,,,,,,,,,,,
10166,724_9_9,,,,,,,,,,,,,,,,,,,,,,,,,,,,,,,,,,,,,,,
10167,724_8_8,,,,,,,,,,,,,,,,,,,,,,,,,,,,,,,,,,,,,,,
10168,125_21_40,119_16_25,112_1_2,138_6_10,983_?_?,,,,,,,,,,,,,,,,,,,,,,,,,,,,,,,,,,,
10169,252_1_2,983_?_?,,,,,,,,,,,,,,,,,,,,,,,,,,,,,,,,,,,,,,
10170,125_41_60,119_21_30,115_1_2,983_?_?,,,,,,,,,,,,,,,,,,,,,,,,,,,,,,,,,,,,
10171,119_16_30,112_1_3,983_?_?,,,,,,,,,,,,,,,,,,,,,,,,,,,,,,,,,,,,,
10172,126_21_35,112_3_4,983_?_?,,,,,,,,,,,,,,,,,,,,,,,,,,,,,,,,,,,,,
10173,124_11_15,126_21_35,174_51_100,983_?_?,,,,,,,,,,,,,,,,,,,,,,,,,,,,,,,,,,,,
10174,125_21_35,126_21_35,117_1_1,983_?_?,,,,,,,,,,,,,,,,,,,,,,,,,,,,,,,,,,,,
10175,125_21_35,124_6_10,126_21_35,138_6_10,983_?_?,,,,,,,,,,,,,,,,,,,,,,,,,,,,,,,,,,,
10180,125_21_35,124_6_10,123_21_35,138_6_10,983_?_?,,,,,,,,,,,,,,,,,,,,,,,,,,,,,,,,,,,
10181,983_?_?,123_11_15,117_1_1,,,,,,,,,,,,,,,,,,,,,,,,,,,,,,,,,,,,,
10182,251_1_2,983_?_?,,,,,,,,,,,,,,,,,,,,,,,,,,,,,,,,,,,,,,
10183,125_21_35,124_11_15,123_21_35,983_?_?,,,,,,,,,,,,,,,,,,,,,,,,,,,,,,,,,,,,
10184,118_21_35,115_2_3,112_1_2,138_6_10,983_?_?,,,,,,,,,,,,,,,,,,,,,,,,,,,,,,,,,,,
10185,118_21_35,125_21_35,115_3_6,983_?_?,,,,,,,,,,,,,,,,,,,,,,,,,,,,,,,,,,,,
10186,118_21_35,125_21_40,115_1_2,112_1_1,983_?_?,,,,,,,,,,,,,,,,,,,,,,,,,,,,,,,,,,,
10187,100_8_9,118_21_30,125_21_30,115_1_1,983_?_?,,,,,,,,,,,,,,,,,,,,,,,,,,,,,,,,,,,
10188,125_21_30,124_6_10,115_1_2,112_1_2,182_1_1,983_?_?,,,,,,,,,,,,,,,,,,,,,,,,,,,,,,,,,,
10189,125_21_30,115_1_2,178_1_2,182_1_1,983_?_?,,,,,,,,,,,,,,,,,,,,,,,,,,,,,,,,,,,
10190,125_21_30,119_11_15,112_1_2,182_1_1,983_?_?,,,,,,,,,,,,,,,,,,,,,,,,,,,,,,,,,,,
10191,125_21_30,124_6_10,182_1_1,174_51_100,983_?_?,,,,,,,,,,,,,,,,,,,,,,,,,,,,,,,,,,,
10192,983_?_?,,,,,,,,,,,,,,,,,,,,,,,,,,,,,,,,,,,,,,,
10193,983_?_?,,,,,,,,,,,,,,,,,,,,,,,,,,,,,,,,,,,,,,,
10194,983_?_?,,,,,,,,,,,,,,,,,,,,,,,,,,,,,,,,,,,,,,,
10195,983_?_?,,,,,,,,,,,,,,,,,,,,,,,,,,,,,,,,,,,,,,,
10207,814_620_620,814_621_621,814_622_622,814_?_?,814_?_?,814_?_?,814_?_?,814_?_?,814_?_?,814_?_?,814_?_?,814_?_?,814_?_?,814_?_?,814_?_?,814_?_?,814_?_?,814_?_?,814_?_?,814_?_?,814_2073_2073,814_2096_2096,814_2097_2097,814_?_?,814_?_?,814_?_?,814_?_?,814_2161_2161,814_?_?,814_?_?,814_2311_2311,814_?_?,814_2420_2420,814_2426_2426,814_?_?,814_?_?,814_?_?,814_?_?,814_?_?,814_2080_2080
10208,601_?_?,,,,,,,,,,,,,,,,,,,,,,,,,,,,,,,,,,,,,,,
10209,601_136_136,,,,,,,,,,,,,,,,,,,,,,,,,,,,,,,,,,,,,,,
10210,601_145_145,,,,,,,,,,,,,,,,,,,,,,,,,,,,,,,,,,,,,,,
10211,601_?_?,,,,,,,,,,,,,,,,,,,,,,,,,,,,,,,,,,,,,,,
10212,601_?_?,,,,,,,,,,,,,,,,,,,,,,,,,,,,,,,,,,,,,,,
10213,601_138_138,,,,,,,,,,,,,,,,,,,,,,,,,,,,,,,,,,,,,,,
10214,601_?_?,,,,,,,,,,,,,,,,,,,,,,,,,,,,,,,,,,,,,,,
10215,601_?_?,,,,,,,,,,,,,,,,,,,,,,,,,,,,,,,,,,,,,,,
10216,601_?_?,,,,,,,,,,,,,,,,,,,,,,,,,,,,,,,,,,,,,,,
10217,601_?_?,,,,,,,,,,,,,,,,,,,,,,,,,,,,,,,,,,,,,,,
10218,601_?_?,,,,,,,,,,,,,,,,,,,,,,,,,,,,,,,,,,,,,,,
10219,601_?_?,,,,,,,,,,,,,,,,,,,,,,,,,,,,,,,,,,,,,,,
10227,628_?_?,628_?_?,628_?_?,628_?_?,628_?_?,628_?_?,628_399_399,628_398_398,,,,,,,,,,,,,,,,,,,,,,,,,,,,,,,,
10228,628_93_93,628_94_94,628_94_94,628_94_94,628_65_65,628_65_65,628_65_65,628_65_65,,,,,,,,,,,,,,,,,,,,,,,,,,,,,,,,
10229,628_?_?,628_22_22,628_?_?,628_30_30,628_?_?,628_?_?,628_?_?,628_?_?,,,,,,,,,,,,,,,,,,,,,,,,,,,,,,,,
10230,628_?_?,628_37_37,628_37_37,628_37_37,628_?_?,628_39_39,628_38_38,628_37_37,,,,,,,,,,,,,,,,,,,,,,,,,,,,,,,,
10231,628_?_?,628_?_?,628_?_?,628_?_?,628_?_?,628_?_?,628_?_?,628_?_?,,,,,,,,,,,,,,,,,,,,,,,,,,,,,,,,
10233,628_?_?,628_?_?,628_?_?,628_?_?,628_?_?,628_?_?,628_?_?,628_?_?,,,,,,,,,,,,,,,,,,,,,,,,,,,,,,,,
10234,628_318_318,628_35_35,628_35_35,628_?_?,628_?_?,628_35_35,628_?_?,628_?_?,,,,,,,,,,,,,,,,,,,,,,,,,,,,,,,,
10235,628_71_71,628_258_258,628_258_258,628_259_259,628_259_259,628_?_?,628_?_?,628_?_?,,,,,,,,,,,,,,,,,,,,,,,,,,,,,,,,
10236,628_55_55,628_38_38,628_38_38,628_38_38,628_?_?,628_39_39,628_38_38,628_37_37,,,,,,,,,,,,,,,,,,,,,,,,,,,,,,,,
10237,628_?_?,628_324_324,628_328_328,628_?_?,628_?_?,628_326_326,628_328_328,628_324_324,,,,,,,,,,,,,,,,,,,,,,,,,,,,,,,,
10238,628_?_?,628_111_111,628_?_?,628_?_?,628_?_?,628_?_?,628_?_?,628_?_?,,,,,,,,,,,,,,,,,,,,,,,,,,,,,,,,
10239,628_?_?,628_113_113,628_?_?,628_?_?,628_?_?,628_?_?,628_?_?,628_?_?,,,,,,,,,,,,,,,,,,,,,,,,,,,,,,,,
10240,628_?_?,628_112_112,628_?_?,628_?_?,628_?_?,628_?_?,628_?_?,628_?_?,,,,,,,,,,,,,,,,,,,,,,,,,,,,,,,,
10241,628_?_?,628_114_114,628_?_?,628_?_?,628_?_?,628_?_?,628_?_?,628_?_?,,,,,,,,,,,,,,,,,,,,,,,,,,,,,,,,
10242,628_?_?,628_?_?,628_?_?,628_?_?,628_?_?,628_?_?,628_?_?,628_?_?,,,,,,,,,,,,,,,,,,,,,,,,,,,,,,,,
10244,628_79_79,628_?_?,628_340_340,628_?_?,628_?_?,628_?_?,628_?_?,628_?_?,,,,,,,,,,,,,,,,,,,,,,,,,,,,,,,,
10245,628_?_?,628_?_?,628_36_36,628_123_123,628_?_?,628_123_123,628_36_36,628_?_?,,,,,,,,,,,,,,,,,,,,,,,,,,,,,,,,
10246,628_238_238,628_?_?,628_212_212,628_213_213,628_214_214,,,,,,,,,,,,,,,,,,,,,,,,,,,,,,,,,,,
10247,628_?_?,628_125_125,628_125_125,628_125_125,628_125_125,628_?_?,628_?_?,628_?_?,,,,,,,,,,,,,,,,,,,,,,,,,,,,,,,,
10248,628_?_?,628_?_?,628_?_?,628_?_?,628_?_?,628_?_?,628_?_?,,,,,,,,,,,,,,,,,,,,,,,,,,,,,,,,,
10249,628_56_56,628_39_39,628_39_39,628_39_39,628_?_?,628_39_39,628_38_38,628_37_37,,,,,,,,,,,,,,,,,,,,,,,,,,,,,,,,
10250,628_121_121,628_337_337,628_338_338,628_339_339,,,,,,,,,,,,,,,,,,,,,,,,,,,,,,,,,,,,
10251,628_?_?,628_?_?,628_?_?,628_?_?,628_?_?,628_?_?,628_?_?,628_?_?,,,,,,,,,,,,,,,,,,,,,,,,,,,,,,,,
10252,628_403_403,628_428_428,628_429_429,628_?_?,628_?_?,628_?_?,628_424_424,628_425_425,,,,,,,,,,,,,,,,,,,,,,,,,,,,,,,,
10253,628_?_?,628_418_418,628_418_418,628_419_419,628_419_419,628_?_?,628_?_?,628_418_418,,,,,,,,,,,,,,,,,,,,,,,,,,,,,,,,
10254,628_?_?,628_?_?,628_66_66,628_?_?,628_?_?,628_?_?,628_66_66,628_?_?,,,,,,,,,,,,,,,,,,,,,,,,,,,,,,,,
10255,628_?_?,628_?_?,628_?_?,,,,,,,,,,,,,,,,,,,,,,,,,,,,,,,,,,,,,
10256,628_?_?,,,,,,,,,,,,,,,,,,,,,,,,,,,,,,,,,,,,,,,
10257,628_?_?,628_?_?,628_?_?,628_?_?,628_?_?,628_?_?,628_?_?,628_?_?,,,,,,,,,,,,,,,,,,,,,,,,,,,,,,,,
10258,628_?_?,628_?_?,628_?_?,628_?_?,628_?_?,628_?_?,,,,,,,,,,,,,,,,,,,,,,,,,,,,,,,,,,
10259,628_?_?,628_395_395,628_395_395,628_395_395,628_395_395,628_?_?,628_?_?,628_?_?,,,,,,,,,,,,,,,,,,,,,,,,,,,,,,,,
10260,628_242_242,628_243_243,628_244_244,628_245_245,628_264_264,628_242_242,,,,,,,,,,,,,,,,,,,,,,,,,,,,,,,,,,
10261,628_430_430,628_?_?,628_?_?,628_?_?,,,,,,,,,,,,,,,,,,,,,,,,,,,,,,,,,,,,
10262,628_?_?,628_?_?,628_?_?,628_?_?,628_?_?,628_39_39,628_38_38,628_37_37,,,,,,,,,,,,,,,,,,,,,,,,,,,,,,,,
10263,628_?_?,628_?_?,628_?_?,628_?_?,628_?_?,628_?_?,628_?_?,628_?_?,,,,,,,,,,,,,,,,,,,,,,,,,,,,,,,,
10264,628_?_?,628_?_?,628_?_?,628_?_?,628_?_?,628_?_?,628_?_?,628_?_?,,,,,,,,,,,,,,,,,,,,,,,,,,,,,,,,
10265,628_?_?,628_79_79,628_?_?,628_340_340,628_?_?,628_?_?,628_?_?,628_?_?,,,,,,,,,,,,,,,,,,,,,,,,,,,,,,,,
10266,628_?_?,628_?_?,628_?_?,628_?_?,628_401_401,628_?_?,628_?_?,628_?_?,,,,,,,,,,,,,,,,,,,,,,,,,,,,,,,,
10267,628_?_?,,,,,,,,,,,,,,,,,,,,,,,,,,,,,,,,,,,,,,,
10268,628_101_101,628_102_102,628_104_104,,,,,,,,,,,,,,,,,,,,,,,,,,,,,,,,,,,,,
10269,628_487_487,628_486_486,628_485_485,628_484_484,628_483_483,628_482_482,628_481_481,628_481_481,,,,,,,,,,,,,,,,,,,,,,,,,,,,,,,,
10270,628_415_415,628_?_?,628_?_?,628_416_416,628_417_417,628_413_413,628_414_414,628_414_414,,,,,,,,,,,,,,,,,,,,,,,,,,,,,,,,
10278,628_356_356,628_?_?,628_?_?,628_357_357,628_389_389,628_?_?,628_?_?,628_?_?,,,,,,,,,,,,,,,,,,,,,,,,,,,,,,,,
10287,805_64_64,176_100_100,,,,,,,,,,,,,,,,,,,,,,,,,,,,,,,,,,,,,,
10289,805_64_64,,,,,,,,,,,,,,,,,,,,,,,,,,,,,,,,,,,,,,,
10290,805_64_64,,,,,,,,,,,,,,,,,,,,,,,,,,,,,,,,,,,,,,,
10291,805_64_64,,,,,,,,,,,,,,,,,,,,,,,,,,,,,,,,,,,,,,,
10292,805_64_64,,,,,,,,,,,,,,,,,,,,,,,,,,,,,,,,,,,,,,,
10293,805_64_64,,,,,,,,,,,,,,,,,,,,,,,,,,,,,,,,,,,,,,,
10294,805_64_64,,,,,,,,,,,,,,,,,,,,,,,,,,,,,,,,,,,,,,,
10295,805_64_64,,,,,,,,,,,,,,,,,,,,,,,,,,,,,,,,,,,,,,,
10296,805_64_64,,,,,,,,,,,,,,,,,,,,,,,,,,,,,,,,,,,,,,,
10297,805_64_64,,,,,,,,,,,,,,,,,,,,,,,,,,,,,,,,,,,,,,,
10298,805_64_64,,,,,,,,,,,,,,,,,,,,,,,,,,,,,,,,,,,,,,,
10299,805_64_64,,,,,,,,,,,,,,,,,,,,,,,,,,,,,,,,,,,,,,,
10300,805_64_64,,,,,,,,,,,,,,,,,,,,,,,,,,,,,,,,,,,,,,,
10325,983_?_?,,,,,,,,,,,,,,,,,,,,,,,,,,,,,,,,,,,,,,,
10326,983_?_?,,,,,,,,,,,,,,,,,,,,,,,,,,,,,,,,,,,,,,,
10327,983_?_?,,,,,,,,,,,,,,,,,,,,,,,,,,,,,,,,,,,,,,,
10328,983_?_?,,,,,,,,,,,,,,,,,,,,,,,,,,,,,,,,,,,,,,,
10330,983_?_?,,,,,,,,,,,,,,,,,,,,,,,,,,,,,,,,,,,,,,,
10331,983_?_?,,,,,,,,,,,,,,,,,,,,,,,,,,,,,,,,,,,,,,,
10332,983_?_?,,,,,,,,,,,,,,,,,,,,,,,,,,,,,,,,,,,,,,,
10333,983_?_?,,,,,,,,,,,,,,,,,,,,,,,,,,,,,,,,,,,,,,,
10334,983_?_?,,,,,,,,,,,,,,,,,,,,,,,,,,,,,,,,,,,,,,,
10335,983_?_?,,,,,,,,,,,,,,,,,,,,,,,,,,,,,,,,,,,,,,,
10336,983_?_?,,,,,,,,,,,,,,,,,,,,,,,,,,,,,,,,,,,,,,,
10337,983_?_?,,,,,,,,,,,,,,,,,,,,,,,,,,,,,,,,,,,,,,,
10338,983_?_?,,,,,,,,,,,,,,,,,,,,,,,,,,,,,,,,,,,,,,,
10339,983_?_?,,,,,,,,,,,,,,,,,,,,,,,,,,,,,,,,,,,,,,,
10340,983_?_?,,,,,,,,,,,,,,,,,,,,,,,,,,,,,,,,,,,,,,,
10341,983_?_?,,,,,,,,,,,,,,,,,,,,,,,,,,,,,,,,,,,,,,,
10342,983_?_?,,,,,,,,,,,,,,,,,,,,,,,,,,,,,,,,,,,,,,,
10343,983_?_?,,,,,,,,,,,,,,,,,,,,,,,,,,,,,,,,,,,,,,,
10344,983_?_?,,,,,,,,,,,,,,,,,,,,,,,,,,,,,,,,,,,,,,,
10345,983_?_?,,,,,,,,,,,,,,,,,,,,,,,,,,,,,,,,,,,,,,,
10346,983_?_?,,,,,,,,,,,,,,,,,,,,,,,,,,,,,,,,,,,,,,,
10347,983_?_?,,,,,,,,,,,,,,,,,,,,,,,,,,,,,,,,,,,,,,,
10348,983_?_?,,,,,,,,,,,,,,,,,,,,,,,,,,,,,,,,,,,,,,,
10349,983_?_?,,,,,,,,,,,,,,,,,,,,,,,,,,,,,,,,,,,,,,,
10350,983_?_?,,,,,,,,,,,,,,,,,,,,,,,,,,,,,,,,,,,,,,,
10351,983_?_?,,,,,,,,,,,,,,,,,,,,,,,,,,,,,,,,,,,,,,,
10352,983_?_?,,,,,,,,,,,,,,,,,,,,,,,,,,,,,,,,,,,,,,,
10353,983_?_?,,,,,,,,,,,,,,,,,,,,,,,,,,,,,,,,,,,,,,,
10354,983_?_?,,,,,,,,,,,,,,,,,,,,,,,,,,,,,,,,,,,,,,,
10355,983_?_?,,,,,,,,,,,,,,,,,,,,,,,,,,,,,,,,,,,,,,,
10356,983_?_?,,,,,,,,,,,,,,,,,,,,,,,,,,,,,,,,,,,,,,,
10357,983_?_?,,,,,,,,,,,,,,,,,,,,,,,,,,,,,,,,,,,,,,,
10358,983_?_?,,,,,,,,,,,,,,,,,,,,,,,,,,,,,,,,,,,,,,,
10359,983_?_?,,,,,,,,,,,,,,,,,,,,,,,,,,,,,,,,,,,,,,,
10360,983_?_?,,,,,,,,,,,,,,,,,,,,,,,,,,,,,,,,,,,,,,,
10361,983_?_?,,,,,,,,,,,,,,,,,,,,,,,,,,,,,,,,,,,,,,,
10382,614_64_64,,,,,,,,,,,,,,,,,,,,,,,,,,,,,,,,,,,,,,,
10383,614_64_64,,,,,,,,,,,,,,,,,,,,,,,,,,,,,,,,,,,,,,,
10384,614_64_64,,,,,,,,,,,,,,,,,,,,,,,,,,,,,,,,,,,,,,,
10385,614_64_64,,,,,,,,,,,,,,,,,,,,,,,,,,,,,,,,,,,,,,,
10386,614_64_64,,,,,,,,,,,,,,,,,,,,,,,,,,,,,,,,,,,,,,,
10387,614_64_64,,,,,,,,,,,,,,,,,,,,,,,,,,,,,,,,,,,,,,,
10388,614_64_64,,,,,,,,,,,,,,,,,,,,,,,,,,,,,,,,,,,,,,,
10389,614_64_64,,,,,,,,,,,,,,,,,,,,,,,,,,,,,,,,,,,,,,,
10390,614_64_64,,,,,,,,,,,,,,,,,,,,,,,,,,,,,,,,,,,,,,,
10391,614_64_64,,,,,,,,,,,,,,,,,,,,,,,,,,,,,,,,,,,,,,,
10392,614_64_64,,,,,,,,,,,,,,,,,,,,,,,,,,,,,,,,,,,,,,,
10393,614_64_64,,,,,,,,,,,,,,,,,,,,,,,,,,,,,,,,,,,,,,,
10394,614_64_64,,,,,,,,,,,,,,,,,,,,,,,,,,,,,,,,,,,,,,,
10395,614_64_64,,,,,,,,,,,,,,,,,,,,,,,,,,,,,,,,,,,,,,,
10396,614_64_64,,,,,,,,,,,,,,,,,,,,,,,,,,,,,,,,,,,,,,,
10397,614_64_64,,,,,,,,,,,,,,,,,,,,,,,,,,,,,,,,,,,,,,,
10398,614_64_64,,,,,,,,,,,,,,,,,,,,,,,,,,,,,,,,,,,,,,,
10399,614_64_64,,,,,,,,,,,,,,,,,,,,,,,,,,,,,,,,,,,,,,,
10400,614_64_64,,,,,,,,,,,,,,,,,,,,,,,,,,,,,,,,,,,,,,,
10401,614_64_64,,,,,,,,,,,,,,,,,,,,,,,,,,,,,,,,,,,,,,,
10402,614_64_64,,,,,,,,,,,,,,,,,,,,,,,,,,,,,,,,,,,,,,,
10403,614_64_64,,,,,,,,,,,,,,,,,,,,,,,,,,,,,,,,,,,,,,,
10404,614_64_64,,,,,,,,,,,,,,,,,,,,,,,,,,,,,,,,,,,,,,,
10405,614_64_64,,,,,,,,,,,,,,,,,,,,,,,,,,,,,,,,,,,,,,,
10407,614_64_64,,,,,,,,,,,,,,,,,,,,,,,,,,,,,,,,,,,,,,,
10414,115_1_1,118_1_1,125_1_1,983_?_?,,,,,,,,,,,,,,,,,,,,,,,,,,,,,,,,,,,,
10417,623_0_0,,,,,,,,,,,,,,,,,,,,,,,,,,,,,,,,,,,,,,,
10418,623_0_0,,,,,,,,,,,,,,,,,,,,,,,,,,,,,,,,,,,,,,,
10456,601_?_?,193_?_?,,,,,,,,,,,,,,,,,,,,,,,,,,,,,,,,,,,,,,
10457,601_?_?,193_?_?,,,,,,,,,,,,,,,,,,,,,,,,,,,,,,,,,,,,,,
10458,601_124_124,193_?_?,,,,,,,,,,,,,,,,,,,,,,,,,,,,,,,,,,,,,,
10459,601_?_?,193_?_?,,,,,,,,,,,,,,,,,,,,,,,,,,,,,,,,,,,,,,
10460,601_160_160,193_?_?,,,,,,,,,,,,,,,,,,,,,,,,,,,,,,,,,,,,,,
10461,601_135_135,193_?_?,,,,,,,,,,,,,,,,,,,,,,,,,,,,,,,,,,,,,,
10462,601_?_?,193_?_?,,,,,,,,,,,,,,,,,,,,,,,,,,,,,,,,,,,,,,
10463,601_?_?,193_?_?,,,,,,,,,,,,,,,,,,,,,,,,,,,,,,,,,,,,,,
10464,601_152_152,193_?_?,,,,,,,,,,,,,,,,,,,,,,,,,,,,,,,,,,,,,,
10465,601_152_152,193_?_?,,,,,,,,,,,,,,,,,,,,,,,,,,,,,,,,,,,,,,
10466,601_152_152,193_?_?,,,,,,,,,,,,,,,,,,,,,,,,,,,,,,,,,,,,,,
10467,601_?_?,193_?_?,,,,,,,,,,,,,,,,,,,,,,,,,,,,,,,,,,,,,,
10468,601_?_?,193_?_?,,,,,,,,,,,,,,,,,,,,,,,,,,,,,,,,,,,,,,
10469,601_193_193,193_?_?,,,,,,,,,,,,,,,,,,,,,,,,,,,,,,,,,,,,,,
10470,601_193_193,193_?_?,,,,,,,,,,,,,,,,,,,,,,,,,,,,,,,,,,,,,,
10471,601_193_193,193_?_?,,,,,,,,,,,,,,,,,,,,,,,,,,,,,,,,,,,,,,
10472,601_193_193,193_?_?,,,,,,,,,,,,,,,,,,,,,,,,,,,,,,,,,,,,,,
10473,601_151_151,193_?_?,,,,,,,,,,,,,,,,,,,,,,,,,,,,,,,,,,,,,,
10474,601_?_?,193_?_?,,,,,,,,,,,,,,,,,,,,,,,,,,,,,,,,,,,,,,
10475,601_152_152,193_?_?,,,,,,,,,,,,,,,,,,,,,,,,,,,,,,,,,,,,,,
10476,601_?_?,193_?_?,,,,,,,,,,,,,,,,,,,,,,,,,,,,,,,,,,,,,,
10477,601_?_?,193_?_?,,,,,,,,,,,,,,,,,,,,,,,,,,,,,,,,,,,,,,
10478,601_110_110,193_?_?,,,,,,,,,,,,,,,,,,,,,,,,,,,,,,,,,,,,,,
10479,601_?_?,193_?_?,,,,,,,,,,,,,,,,,,,,,,,,,,,,,,,,,,,,,,
10480,601_161_161,193_?_?,,,,,,,,,,,,,,,,,,,,,,,,,,,,,,,,,,,,,,
10481,601_?_?,193_?_?,,,,,,,,,,,,,,,,,,,,,,,,,,,,,,,,,,,,,,
10482,601_?_?,193_?_?,,,,,,,,,,,,,,,,,,,,,,,,,,,,,,,,,,,,,,
10483,601_180_180,193_?_?,,,,,,,,,,,,,,,,,,,,,,,,,,,,,,,,,,,,,,
10484,601_119_119,193_?_?,,,,,,,,,,,,,,,,,,,,,,,,,,,,,,,,,,,,,,
10485,601_?_?,193_?_?,,,,,,,,,,,,,,,,,,,,,,,,,,,,,,,,,,,,,,
10486,601_152_152,193_?_?,,,,,,,,,,,,,,,,,,,,,,,,,,,,,,,,,,,,,,
10487,601_152_152,193_?_?,,,,,,,,,,,,,,,,,,,,,,,,,,,,,,,,,,,,,,
10488,601_152_152,193_?_?,,,,,,,,,,,,,,,,,,,,,,,,,,,,,,,,,,,,,,
10489,601_144_144,193_?_?,,,,,,,,,,,,,,,,,,,,,,,,,,,,,,,,,,,,,,
10490,601_?_?,193_?_?,,,,,,,,,,,,,,,,,,,,,,,,,,,,,,,,,,,,,,
10491,601_152_152,193_?_?,,,,,,,,,,,,,,,,,,,,,,,,,,,,,,,,,,,,,,
10492,601_152_152,193_?_?,,,,,,,,,,,,,,,,,,,,,,,,,,,,,,,,,,,,,,
10493,601_152_152,193_?_?,,,,,,,,,,,,,,,,,,,,,,,,,,,,,,,,,,,,,,
10494,601_152_152,193_?_?,,,,,,,,,,,,,,,,,,,,,,,,,,,,,,,,,,,,,,
10495,601_?_?,193_?_?,,,,,,,,,,,,,,,,,,,,,,,,,,,,,,,,,,,,,,
10496,601_166_166,193_2900_2900,,,,,,,,,,,,,,,,,,,,,,,,,,,,,,,,,,,,,,
10497,601_144_144,193_2901_2901,,,,,,,,,,,,,,,,,,,,,,,,,,,,,,,,,,,,,,
10498,601_169_169,193_2902_2902,,,,,,,,,,,,,,,,,,,,,,,,,,,,,,,,,,,,,,
10499,601_185_185,193_2903_2903,,,,,,,,,,,,,,,,,,,,,,,,,,,,,,,,,,,,,,
10500,601_184_184,193_2904_2904,,,,,,,,,,,,,,,,,,,,,,,,,,,,,,,,,,,,,,
10501,601_?_?,193_2905_2905,,,,,,,,,,,,,,,,,,,,,,,,,,,,,,,,,,,,,,
10502,601_?_?,193_2906_2906,,,,,,,,,,,,,,,,,,,,,,,,,,,,,,,,,,,,,,
10503,601_?_?,193_2907_2907,,,,,,,,,,,,,,,,,,,,,,,,,,,,,,,,,,,,,,
10504,601_?_?,193_2908_2908,,,,,,,,,,,,,,,,,,,,,,,,,,,,,,,,,,,,,,
10506,604_828_828,,,,,,,,,,,,,,,,,,,,,,,,,,,,,,,,,,,,,,,
10507,604_?_?,,,,,,,,,,,,,,,,,,,,,,,,,,,,,,,,,,,,,,,
10508,604_?_?,,,,,,,,,,,,,,,,,,,,,,,,,,,,,,,,,,,,,,,
10509,604_855_855,,,,,,,,,,,,,,,,,,,,,,,,,,,,,,,,,,,,,,,
10510,604_841_841,,,,,,,,,,,,,,,,,,,,,,,,,,,,,,,,,,,,,,,
10511,604_837_837,,,,,,,,,,,,,,,,,,,,,,,,,,,,,,,,,,,,,,,
10512,604_850_850,,,,,,,,,,,,,,,,,,,,,,,,,,,,,,,,,,,,,,,
10513,604_846_846,,,,,,,,,,,,,,,,,,,,,,,,,,,,,,,,,,,,,,,
10515,983_?_?,,,,,,,,,,,,,,,,,,,,,,,,,,,,,,,,,,,,,,,
10516,197_1_1,811_1_1,785_0_0,,,,,,,,,,,,,,,,,,,,,,,,,,,,,,,,,,,,,
10544,800_?_?,808_64_64,983_?_?,,,,,,,,,,,,,,,,,,,,,,,,,,,,,,,,,,,,,
10552,125_21_40,112_2_4,983_?_?,,,,,,,,,,,,,,,,,,,,,,,,,,,,,,,,,,,,,
10553,118_16_25,123_16_25,112_2_3,983_?_?,,,,,,,,,,,,,,,,,,,,,,,,,,,,,,,,,,,,
10554,126_16_25,119_16_25,112_2_3,983_?_?,,,,,,,,,,,,,,,,,,,,,,,,,,,,,,,,,,,,
10555,252_2_3,983_?_?,,,,,,,,,,,,,,,,,,,,,,,,,,,,,,,,,,,,,,
10556,251_2_3,983_?_?,,,,,,,,,,,,,,,,,,,,,,,,,,,,,,,,,,,,,,
10557,118_11_15,123_11_15,117_1_1,983_?_?,,,,,,,,,,,,,,,,,,,,,,,,,,,,,,,,,,,,
10558,126_11_15,119_11_15,117_1_1,983_?_?,,,,,,,,,,,,,,,,,,,,,,,,,,,,,,,,,,,,
10559,118_16_25,123_16_25,124_11_15,115_1_2,983_?_?,,,,,,,,,,,,,,,,,,,,,,,,,,,,,,,,,,,
10560,119_16_25,126_16_25,124_11_15,115_1_2,983_?_?,,,,,,,,,,,,,,,,,,,,,,,,,,,,,,,,,,,
10561,118_16_25,123_16_25,125_21_30,112_1_2,983_?_?,,,,,,,,,,,,,,,,,,,,,,,,,,,,,,,,,,,
10562,119_16_25,126_16_25,125_21_30,112_1_2,983_?_?,,,,,,,,,,,,,,,,,,,,,,,,,,,,,,,,,,,
10563,983_64_64,,,,,,,,,,,,,,,,,,,,,,,,,,,,,,,,,,,,,,,
10564,983_64_64,,,,,,,,,,,,,,,,,,,,,,,,,,,,,,,,,,,,,,,
10598,983_?_?,,,,,,,,,,,,,,,,,,,,,,,,,,,,,,,,,,,,,,,
10602,604_814_814,,,,,,,,,,,,,,,,,,,,,,,,,,,,,,,,,,,,,,,
10603,604_?_?,,,,,,,,,,,,,,,,,,,,,,,,,,,,,,,,,,,,,,,
10604,604_724_724,,,,,,,,,,,,,,,,,,,,,,,,,,,,,,,,,,,,,,,
10605,604_?_?,,,,,,,,,,,,,,,,,,,,,,,,,,,,,,,,,,,,,,,
10606,628_?_?,628_?_?,628_?_?,628_?_?,628_?_?,628_?_?,628_?_?,628_?_?,,,,,,,,,,,,,,,,,,,,,,,,,,,,,,,,
10608,601_?_?,193_2970_2970,,,,,,,,,,,,,,,,,,,,,,,,,,,,,,,,,,,,,,
10613,701_3_3,,,,,,,,,,,,,,,,,,,,,,,,,,,,,,,,,,,,,,,
10615,701_3_3,,,,,,,,,,,,,,,,,,,,,,,,,,,,,,,,,,,,,,,
10616,701_10_10,,,,,,,,,,,,,,,,,,,,,,,,,,,,,,,,,,,,,,,
10618,701_3_3,,,,,,,,,,,,,,,,,,,,,,,,,,,,,,,,,,,,,,,
10619,701_10_10,,,,,,,,,,,,,,,,,,,,,,,,,,,,,,,,,,,,,,,
10621,805_64_64,,,,,,,,,,,,,,,,,,,,,,,,,,,,,,,,,,,,,,,
10622,100_18_27,983_?_?,,,,,,,,,,,,,,,,,,,,,,,,,,,,,,,,,,,,,,
10623,118_16_20,124_16_20,138_6_10,112_1_2,983_?_?,,,,,,,,,,,,,,,,,,,,,,,,,,,,,,,,,,,
10624,118_16_20,125_16_20,112_2_3,983_?_?,,,,,,,,,,,,,,,,,,,,,,,,,,,,,,,,,,,,
10625,118_16_25,125_16_25,124_6_10,117_1_1,983_?_?,,,,,,,,,,,,,,,,,,,,,,,,,,,,,,,,,,,
10626,97_15_22,983_?_?,,,,,,,,,,,,,,,,,,,,,,,,,,,,,,,,,,,,,,
10627,124_11_15,118_11_15,182_1_1,983_?_?,,,,,,,,,,,,,,,,,,,,,,,,,,,,,,,,,,,,
10628,125_21_30,118_16_25,112_2_3,983_?_?,,,,,,,,,,,,,,,,,,,,,,,,,,,,,,,,,,,,
10629,125_21_30,118_16_25,115_1_2,117_1_1,983_?_?,,,,,,,,,,,,,,,,,,,,,,,,,,,,,,,,,,,
10630,98_5_13,983_?_?,,,,,,,,,,,,,,,,,,,,,,,,,,,,,,,,,,,,,,
10631,138_6_10,115_3_4,119_16_25,983_?_?,,,,,,,,,,,,,,,,,,,,,,,,,,,,,,,,,,,,
10632,125_21_30,119_16_25,112_2_3,983_?_?,,,,,,,,,,,,,,,,,,,,,,,,,,,,,,,,,,,,
10633,125_21_30,124_6_10,119_16_25,983_?_?,,,,,,,,,,,,,,,,,,,,,,,,,,,,,,,,,,,,
10634,96_9_18,983_?_?,,,,,,,,,,,,,,,,,,,,,,,,,,,,,,,,,,,,,,
10635,123_16_25,112_1_2,117_1_1,983_?_?,,,,,,,,,,,,,,,,,,,,,,,,,,,,,,,,,,,,
10636,124_6_10,123_16_25,115_2_3,983_?_?,,,,,,,,,,,,,,,,,,,,,,,,,,,,,,,,,,,,
10637,125_31_50,123_16_25,117_1_1,983_?_?,,,,,,,,,,,,,,,,,,,,,,,,,,,,,,,,,,,,
10638,99_16_25,983_?_?,,,,,,,,,,,,,,,,,,,,,,,,,,,,,,,,,,,,,,
10639,126_16_25,178_1_2,117_1_1,983_?_?,,,,,,,,,,,,,,,,,,,,,,,,,,,,,,,,,,,,
10640,124_11_15,126_16_25,178_1_2,983_?_?,,,,,,,,,,,,,,,,,,,,,,,,,,,,,,,,,,,,
10641,126_16_25,119_16_25,178_2_3,983_?_?,,,,,,,,,,,,,,,,,,,,,,,,,,,,,,,,,,,,
10642,96_16_25,983_?_?,,,,,,,,,,,,,,,,,,,,,,,,,,,,,,,,,,,,,,
10643,125_16_25,123_16_25,115_1_2,174_51_100,983_?_?,,,,,,,,,,,,,,,,,,,,,,,,,,,,,,,,,,,
10644,125_41_60,119_16_25,123_16_25,983_?_?,,,,,,,,,,,,,,,,,,,,,,,,,,,,,,,,,,,,
10645,125_41_60,123_16_25,112_1_2,983_?_?,,,,,,,,,,,,,,,,,,,,,,,,,,,,,,,,,,,,
10647,983_?_?,,,,,,,,,,,,,,,,,,,,,,,,,,,,,,,,,,,,,,,
10648,983_?_?,,,,,,,,,,,,,,,,,,,,,,,,,,,,,,,,,,,,,,,
10649,983_?_?,,,,,,,,,,,,,,,,,,,,,,,,,,,,,,,,,,,,,,,
10650,983_?_?,,,,,,,,,,,,,,,,,,,,,,,,,,,,,,,,,,,,,,,
10651,983_?_?,,,,,,,,,,,,,,,,,,,,,,,,,,,,,,,,,,,,,,,
10652,983_?_?,,,,,,,,,,,,,,,,,,,,,,,,,,,,,,,,,,,,,,,
10653,983_?_?,,,,,,,,,,,,,,,,,,,,,,,,,,,,,,,,,,,,,,,
10654,983_?_?,,,,,,,,,,,,,,,,,,,,,,,,,,,,,,,,,,,,,,,
10655,983_?_?,,,,,,,,,,,,,,,,,,,,,,,,,,,,,,,,,,,,,,,
10656,983_?_?,,,,,,,,,,,,,,,,,,,,,,,,,,,,,,,,,,,,,,,
10657,800_?_?,808_64_64,983_?_?,,,,,,,,,,,,,,,,,,,,,,,,,,,,,,,,,,,,,
10659,983_?_?,,,,,,,,,,,,,,,,,,,,,,,,,,,,,,,,,,,,,,,
10660,983_?_?,,,,,,,,,,,,,,,,,,,,,,,,,,,,,,,,,,,,,,,
10662,701_3_3,,,,,,,,,,,,,,,,,,,,,,,,,,,,,,,,,,,,,,,
10663,110_70_70,,,,,,,,,,,,,,,,,,,,,,,,,,,,,,,,,,,,,,,
10664,621_0_0,,,,,,,,,,,,,,,,,,,,,,,,,,,,,,,,,,,,,,,
10665,193_?_?,2150_?_?,,,,,,,,,,,,,,,,,,,,,,,,,,,,,,,,,,,,,,
10667,805_64_64,,,,,,,,,,,,,,,,,,,,,,,,,,,,,,,,,,,,,,,
10668,811_14_14,176_20_20,,,,,,,,,,,,,,,,,,,,,,,,,,,,,,,,,,,,,,
10669,193_?_?,,,,,,,,,,,,,,,,,,,,,,,,,,,,,,,,,,,,,,,
10670,193_?_?,983_64_64,,,,,,,,,,,,,,,,,,,,,,,,,,,,,,,,,,,,,,
10673,193_?_?,110_101_150,139_26_50,,,,,,,,,,,,,,,,,,,,,,,,,,,,,,,,,,,,,
10674,811_1_1,146_?_?,,,,,,,,,,,,,,,,,,,,,,,,,,,,,,,,,,,,,,
10676,811_14_14,176_100_100,124_100_100,,,,,,,,,,,,,,,,,,,,,,,,,,,,,,,,,,,,,
10677,983_64_64,2150_?_?,,,,,,,,,,,,,,,,,,,,,,,,,,,,,,,,,,,,,,
10678,620_92_92,,,,,,,,,,,,,,,,,,,,,,,,,,,,,,,,,,,,,,,
10681,149_?_?,811_1_1,,,,,,,,,,,,,,,,,,,,,,,,,,,,,,,,,,,,,,
10682,176_20_20,811_14_14,,,,,,,,,,,,,,,,,,,,,,,,,,,,,,,,,,,,,,
10685,125_31_40,124_11_15,115_4_5,138_16_20,983_?_?,,,,,,,,,,,,,,,,,,,,,,,,,,,,,,,,,,,
10686,124_11_15,112_3_4,138_21_25,983_?_?,,,,,,,,,,,,,,,,,,,,,,,,,,,,,,,,,,,,
10687,125_31_40,178_1_2,138_11_15,983_?_?,,,,,,,,,,,,,,,,,,,,,,,,,,,,,,,,,,,,
10688,125_31_40,124_11_15,138_16_20,117_1_1,983_?_?,,,,,,,,,,,,,,,,,,,,,,,,,,,,,,,,,,,
10689,983_?_?,,,,,,,,,,,,,,,,,,,,,,,,,,,,,,,,,,,,,,,
10690,983_?_?,,,,,,,,,,,,,,,,,,,,,,,,,,,,,,,,,,,,,,,
10691,983_?_?,,,,,,,,,,,,,,,,,,,,,,,,,,,,,,,,,,,,,,,
10692,983_?_?,,,,,,,,,,,,,,,,,,,,,,,,,,,,,,,,,,,,,,,
10693,983_?_?,,,,,,,,,,,,,,,,,,,,,,,,,,,,,,,,,,,,,,,
10694,983_?_?,,,,,,,,,,,,,,,,,,,,,,,,,,,,,,,,,,,,,,,
10695,983_?_?,,,,,,,,,,,,,,,,,,,,,,,,,,,,,,,,,,,,,,,
10696,983_?_?,,,,,,,,,,,,,,,,,,,,,,,,,,,,,,,,,,,,,,,
10697,983_?_?,,,,,,,,,,,,,,,,,,,,,,,,,,,,,,,,,,,,,,,
10698,983_?_?,,,,,,,,,,,,,,,,,,,,,,,,,,,,,,,,,,,,,,,
10699,983_?_?,,,,,,,,,,,,,,,,,,,,,,,,,,,,,,,,,,,,,,,
10700,983_?_?,,,,,,,,,,,,,,,,,,,,,,,,,,,,,,,,,,,,,,,
10701,983_?_?,,,,,,,,,,,,,,,,,,,,,,,,,,,,,,,,,,,,,,,
10702,983_?_?,,,,,,,,,,,,,,,,,,,,,,,,,,,,,,,,,,,,,,,
10703,983_?_?,,,,,,,,,,,,,,,,,,,,,,,,,,,,,,,,,,,,,,,
10704,983_?_?,,,,,,,,,,,,,,,,,,,,,,,,,,,,,,,,,,,,,,,
10705,983_?_?,,,,,,,,,,,,,,,,,,,,,,,,,,,,,,,,,,,,,,,
10706,983_?_?,,,,,,,,,,,,,,,,,,,,,,,,,,,,,,,,,,,,,,,
10707,983_?_?,,,,,,,,,,,,,,,,,,,,,,,,,,,,,,,,,,,,,,,
10708,983_?_?,,,,,,,,,,,,,,,,,,,,,,,,,,,,,,,,,,,,,,,
10709,983_?_?,,,,,,,,,,,,,,,,,,,,,,,,,,,,,,,,,,,,,,,
10710,983_?_?,,,,,,,,,,,,,,,,,,,,,,,,,,,,,,,,,,,,,,,
10711,983_?_?,,,,,,,,,,,,,,,,,,,,,,,,,,,,,,,,,,,,,,,
10712,983_?_?,,,,,,,,,,,,,,,,,,,,,,,,,,,,,,,,,,,,,,,
10750,939_?_?,,,,,,,,,,,,,,,,,,,,,,,,,,,,,,,,,,,,,,,
10751,939_2171_2171,,,,,,,,,,,,,,,,,,,,,,,,,,,,,,,,,,,,,,,
10752,939_?_?,,,,,,,,,,,,,,,,,,,,,,,,,,,,,,,,,,,,,,,
10753,939_?_?,939_?_?,939_?_?,939_?_?,,,,,,,,,,,,,,,,,,,,,,,,,,,,,,,,,,,,
10754,939_?_?,,,,,,,,,,,,,,,,,,,,,,,,,,,,,,,,,,,,,,,
10755,939_?_?,,,,,,,,,,,,,,,,,,,,,,,,,,,,,,,,,,,,,,,
10756,939_2591_2591,,,,,,,,,,,,,,,,,,,,,,,,,,,,,,,,,,,,,,,
10757,939_?_?,,,,,,,,,,,,,,,,,,,,,,,,,,,,,,,,,,,,,,,
10758,939_2597_2597,,,,,,,,,,,,,,,,,,,,,,,,,,,,,,,,,,,,,,,
10759,939_?_?,,,,,,,,,,,,,,,,,,,,,,,,,,,,,,,,,,,,,,,
10760,939_?_?,,,,,,,,,,,,,,,,,,,,,,,,,,,,,,,,,,,,,,,
10761,939_?_?,,,,,,,,,,,,,,,,,,,,,,,,,,,,,,,,,,,,,,,
10763,939_?_?,,,,,,,,,,,,,,,,,,,,,,,,,,,,,,,,,,,,,,,
10764,939_?_?,,,,,,,,,,,,,,,,,,,,,,,,,,,,,,,,,,,,,,,
10765,939_?_?,,,,,,,,,,,,,,,,,,,,,,,,,,,,,,,,,,,,,,,
10766,939_?_?,,,,,,,,,,,,,,,,,,,,,,,,,,,,,,,,,,,,,,,
10767,939_?_?,,,,,,,,,,,,,,,,,,,,,,,,,,,,,,,,,,,,,,,
10768,939_?_?,,,,,,,,,,,,,,,,,,,,,,,,,,,,,,,,,,,,,,,
10769,939_?_?,939_?_?,939_?_?,939_?_?,939_?_?,939_?_?,,,,,,,,,,,,,,,,,,,,,,,,,,,,,,,,,,
10770,939_?_?,,,,,,,,,,,,,,,,,,,,,,,,,,,,,,,,,,,,,,,
10771,939_?_?,,,,,,,,,,,,,,,,,,,,,,,,,,,,,,,,,,,,,,,
10772,939_?_?,,,,,,,,,,,,,,,,,,,,,,,,,,,,,,,,,,,,,,,
10773,939_2013_2013,,,,,,,,,,,,,,,,,,,,,,,,,,,,,,,,,,,,,,,
10774,939_?_?,,,,,,,,,,,,,,,,,,,,,,,,,,,,,,,,,,,,,,,
10775,939_?_?,,,,,,,,,,,,,,,,,,,,,,,,,,,,,,,,,,,,,,,
10776,939_2594_2594,,,,,,,,,,,,,,,,,,,,,,,,,,,,,,,,,,,,,,,
10777,939_2593_2593,,,,,,,,,,,,,,,,,,,,,,,,,,,,,,,,,,,,,,,
10778,939_?_?,,,,,,,,,,,,,,,,,,,,,,,,,,,,,,,,,,,,,,,
10779,939_2598_2598,,,,,,,,,,,,,,,,,,,,,,,,,,,,,,,,,,,,,,,
10780,939_?_?,,,,,,,,,,,,,,,,,,,,,,,,,,,,,,,,,,,,,,,
10781,939_2930_2930,,,,,,,,,,,,,,,,,,,,,,,,,,,,,,,,,,,,,,,
10782,939_2639_2639,,,,,,,,,,,,,,,,,,,,,,,,,,,,,,,,,,,,,,,
10783,939_?_?,,,,,,,,,,,,,,,,,,,,,,,,,,,,,,,,,,,,,,,
10784,125_1_1,174_1_1,983_?_?,,,,,,,,,,,,,,,,,,,,,,,,,,,,,,,,,,,,,
10785,125_1_1,174_1_1,983_?_?,,,,,,,,,,,,,,,,,,,,,,,,,,,,,,,,,,,,,
10792,110_10_10,983_?_?,,,,,,,,,,,,,,,,,,,,,,,,,,,,,,,,,,,,,,
10793,110_10_10,983_?_?,,,,,,,,,,,,,,,,,,,,,,,,,,,,,,,,,,,,,,
10794,125_1_1,174_1_1,983_?_?,,,,,,,,,,,,,,,,,,,,,,,,,,,,,,,,,,,,,
10795,110_10_10,983_?_?,,,,,,,,,,,,,,,,,,,,,,,,,,,,,,,,,,,,,,
10796,110_10_10,983_?_?,,,,,,,,,,,,,,,,,,,,,,,,,,,,,,,,,,,,,,
10797,95_2_4,125_1_1,983_?_?,,,,,,,,,,,,,,,,,,,,,,,,,,,,,,,,,,,,,
10798,254_1_1,983_?_?,,,,,,,,,,,,,,,,,,,,,,,,,,,,,,,,,,,,,,
10799,125_1_1,174_1_1,983_?_?,,,,,,,,,,,,,,,,,,,,,,,,,,,,,,,,,,,,,
10800,125_1_1,174_1_1,983_?_?,,,,,,,,,,,,,,,,,,,,,,,,,,,,,,,,,,,,,
10801,125_1_1,174_1_1,983_?_?,,,,,,,,,,,,,,,,,,,,,,,,,,,,,,,,,,,,,
10802,800_?_?,808_64_64,983_?_?,,,,,,,,,,,,,,,,,,,,,,,,,,,,,,,,,,,,,
10804,983_?_?,,,,,,,,,,,,,,,,,,,,,,,,,,,,,,,,,,,,,,,
10805,197_1_1,,,,,,,,,,,,,,,,,,,,,,,,,,,,,,,,,,,,,,,
10809,939_?_?,,,,,,,,,,,,,,,,,,,,,,,,,,,,,,,,,,,,,,,
10811,939_?_?,,,,,,,,,,,,,,,,,,,,,,,,,,,,,,,,,,,,,,,
10818,100_1_4,174_10_10,,,,,,,,,,,,,,,,,,,,,,,,,,,,,,,,,,,,,,
10825,149_?_?,811_2_2,,,,,,,,,,,,,,,,,,,,,,,,,,,,,,,,,,,,,,
10826,805_64_64,,,,,,,,,,,,,,,,,,,,,,,,,,,,,,,,,,,,,,,
10827,193_?_?,110_50_50,,,,,,,,,,,,,,,,,,,,,,,,,,,,,,,,,,,,,,
10828,244_1_7,240_1_7,,,,,,,,,,,,,,,,,,,,,,,,,,,,,,,,,,,,,,
10829,130_21_30,100_9_14,125_6_10,174_21_30,,,,,,,,,,,,,,,,,,,,,,,,,,,,,,,,,,,,
10830,138_11_15,174_31_40,125_11_15,,,,,,,,,,,,,,,,,,,,,,,,,,,,,,,,,,,,,
10832,621_0_0,,,,,,,,,,,,,,,,,,,,,,,,,,,,,,,,,,,,,,,
10833,193_?_?,110_250_250,,,,,,,,,,,,,,,,,,,,,,,,,,,,,,,,,,,,,,
10834,125_6_10,174_11_15,,,,,,,,,,,,,,,,,,,,,,,,,,,,,,,,,,,,,,
10836,123_21_30,112_2_3,117_1_1,111_1_1,,,,,,,,,,,,,,,,,,,,,,,,,,,,,,,,,,,,
10838,811_1_1,,,,,,,,,,,,,,,,,,,,,,,,,,,,,,,,,,,,,,,
10839,905_0_0,,,,,,,,,,,,,,,,,,,,,,,,,,,,,,,,,,,,,,,
10840,110_50_50,193_?_?,,,,,,,,,,,,,,,,,,,,,,,,,,,,,,,,,,,,,,
10841,811_1_1,,,,,,,,,,,,,,,,,,,,,,,,,,,,,,,,,,,,,,,
10842,149_2329_2329,811_1_1,,,,,,,,,,,,,,,,,,,,,,,,,,,,,,,,,,,,,,
10843,805_64_64,,,,,,,,,,,,,,,,,,,,,,,,,,,,,,,,,,,,,,,
10844,146_?_?,811_1_1,,,,,,,,,,,,,,,,,,,,,,,,,,,,,,,,,,,,,,
10846,125_41_50,138_21_30,117_1_1,158_101_150,174_201_250,148_616_616,,,,,,,,,,,,,,,,,,,,,,,,,,,,,,,,,,
10847,126_16_20,178_1_2,128_1_1,182_1_1,983_?_?,,,,,,,,,,,,,,,,,,,,,,,,,,,,,,,,,,,
10848,118_16_20,125_21_30,128_1_1,182_1_1,983_?_?,,,,,,,,,,,,,,,,,,,,,,,,,,,,,,,,,,,
10849,125_31_40,126_21_25,115_3_4,112_2_3,983_?_?,,,,,,,,,,,,,,,,,,,,,,,,,,,,,,,,,,,
10850,118_26_35,125_41_50,138_11_15,117_1_1,983_?_?,,,,,,,,,,,,,,,,,,,,,,,,,,,,,,,,,,,
10851,125_41_50,123_21_30,117_1_1,158_251_300,983_?_?,,,,,,,,,,,,,,,,,,,,,,,,,,,,,,,,,,,
10852,126_21_25,111_1_1,174_101_150,983_?_?,,,,,,,,,,,,,,,,,,,,,,,,,,,,,,,,,,,,
10853,123_16_20,112_1_1,111_1_1,182_1_1,983_?_?,,,,,,,,,,,,,,,,,,,,,,,,,,,,,,,,,,,
10854,118_16_20,124_16_20,112_1_2,983_?_?,,,,,,,,,,,,,,,,,,,,,,,,,,,,,,,,,,,,
10855,124_11_15,123_16_20,115_2_3,138_6_10,983_?_?,,,,,,,,,,,,,,,,,,,,,,,,,,,,,,,,,,,
10856,99_11_15,98_4_6,983_?_?,,,,,,,,,,,,,,,,,,,,,,,,,,,,,,,,,,,,,
10857,97_13_19,983_?_?,,,,,,,,,,,,,,,,,,,,,,,,,,,,,,,,,,,,,,
10858,96_12_22,983_?_?,,,,,,,,,,,,,,,,,,,,,,,,,,,,,,,,,,,,,,
10860,850_0_0,983_64_64,,,,,,,,,,,,,,,,,,,,,,,,,,,,,,,,,,,,,,
10861,851_0_0,983_64_64,,,,,,,,,,,,,,,,,,,,,,,,,,,,,,,,,,,,,,
10862,852_0_0,983_64_64,,,,,,,,,,,,,,,,,,,,,,,,,,,,,,,,,,,,,,
10863,800_?_?,808_64_64,983_?_?,,,,,,,,,,,,,,,,,,,,,,,,,,,,,,,,,,,,,
10864,800_?_?,808_64_64,983_?_?,,,,,,,,,,,,,,,,,,,,,,,,,,,,,,,,,,,,,
10865,800_?_?,808_64_64,983_?_?,,,,,,,,,,,,,,,,,,,,,,,,,,,,,,,,,,,,,
10866,800_?_?,808_64_64,983_?_?,,,,,,,,,,,,,,,,,,,,,,,,,,,,,,,,,,,,,
10871,983_?_?,,,,,,,,,,,,,,,,,,,,,,,,,,,,,,,,,,,,,,,
10872,983_?_?,,,,,,,,,,,,,,,,,,,,,,,,,,,,,,,,,,,,,,,
10873,983_?_?,,,,,,,,,,,,,,,,,,,,,,,,,,,,,,,,,,,,,,,
10874,983_?_?,,,,,,,,,,,,,,,,,,,,,,,,,,,,,,,,,,,,,,,
10883,939_?_?,,,,,,,,,,,,,,,,,,,,,,,,,,,,,,,,,,,,,,,
10884,939_?_?,,,,,,,,,,,,,,,,,,,,,,,,,,,,,,,,,,,,,,,
10885,939_?_?,,,,,,,,,,,,,,,,,,,,,,,,,,,,,,,,,,,,,,,
10886,939_?_?,,,,,,,,,,,,,,,,,,,,,,,,,,,,,,,,,,,,,,,
10887,983_?_?,,,,,,,,,,,,,,,,,,,,,,,,,,,,,,,,,,,,,,,
10888,983_?_?,,,,,,,,,,,,,,,,,,,,,,,,,,,,,,,,,,,,,,,
10889,983_?_?,,,,,,,,,,,,,,,,,,,,,,,,,,,,,,,,,,,,,,,
10890,983_?_?,,,,,,,,,,,,,,,,,,,,,,,,,,,,,,,,,,,,,,,
10891,983_?_?,,,,,,,,,,,,,,,,,,,,,,,,,,,,,,,,,,,,,,,
10892,983_?_?,,,,,,,,,,,,,,,,,,,,,,,,,,,,,,,,,,,,,,,
10893,983_?_?,,,,,,,,,,,,,,,,,,,,,,,,,,,,,,,,,,,,,,,
10894,983_?_?,,,,,,,,,,,,,,,,,,,,,,,,,,,,,,,,,,,,,,,
10895,983_?_?,,,,,,,,,,,,,,,,,,,,,,,,,,,,,,,,,,,,,,,
10896,983_?_?,,,,,,,,,,,,,,,,,,,,,,,,,,,,,,,,,,,,,,,
10897,983_?_?,,,,,,,,,,,,,,,,,,,,,,,,,,,,,,,,,,,,,,,
10898,983_?_?,,,,,,,,,,,,,,,,,,,,,,,,,,,,,,,,,,,,,,,
10899,100_11_17,983_?_?,,,,,,,,,,,,,,,,,,,,,,,,,,,,,,,,,,,,,,
10900,983_64_64,,,,,,,,,,,,,,,,,,,,,,,,,,,,,,,,,,,,,,,
10901,983_64_64,,,,,,,,,,,,,,,,,,,,,,,,,,,,,,,,,,,,,,,
10904,128_1_1,138_21_30,724_15_15,983_64_64,,,,,,,,,,,,,,,,,,,,,,,,,,,,,,,,,,,,
10906,983_64_64,252_1_1,251_1_1,253_1_1,250_1_1,254_1_1,724_14_14,,,,,,,,,,,,,,,,,,,,,,,,,,,,,,,,,
10908,983_?_?,,,,,,,,,,,,,,,,,,,,,,,,,,,,,,,,,,,,,,,
10910,983_?_?,,,,,,,,,,,,,,,,,,,,,,,,,,,,,,,,,,,,,,,
10911,193_?_?,825_0_0,,,,,,,,,,,,,,,,,,,,,,,,,,,,,,,,,,,,,,
10912,222_6_6,,,,,,,,,,,,,,,,,,,,,,,,,,,,,,,,,,,,,,,
10913,222_7_7,,,,,,,,,,,,,,,,,,,,,,,,,,,,,,,,,,,,,,,
10914,222_8_8,,,,,,,,,,,,,,,,,,,,,,,,,,,,,,,,,,,,,,,
10915,805_64_64,,,,,,,,,,,,,,,,,,,,,,,,,,,,,,,,,,,,,,,
10916,805_64_64,,,,,,,,,,,,,,,,,,,,,,,,,,,,,,,,,,,,,,,
10920,983_64_64,,,,,,,,,,,,,,,,,,,,,,,,,,,,,,,,,,,,,,,
10921,983_64_64,,,,,,,,,,,,,,,,,,,,,,,,,,,,,,,,,,,,,,,
10922,724_16_16,983_64_64,,,,,,,,,,,,,,,,,,,,,,,,,,,,,,,,,,,,,,
10923,724_17_17,983_64_64,,,,,,,,,,,,,,,,,,,,,,,,,,,,,,,,,,,,,,
10924,724_18_18,983_64_64,,,,,,,,,,,,,,,,,,,,,,,,,,,,,,,,,,,,,,
10925,724_19_19,983_64_64,,,,,,,,,,,,,,,,,,,,,,,,,,,,,,,,,,,,,,
10926,724_?_?,983_64_64,,,,,,,,,,,,,,,,,,,,,,,,,,,,,,,,,,,,,,
10927,724_?_?,983_64_64,,,,,,,,,,,,,,,,,,,,,,,,,,,,,,,,,,,,,,
10928,724_?_?,983_64_64,,,,,,,,,,,,,,,,,,,,,,,,,,,,,,,,,,,,,,
10929,724_?_?,983_64_64,,,,,,,,,,,,,,,,,,,,,,,,,,,,,,,,,,,,,,
10930,724_?_?,983_64_64,,,,,,,,,,,,,,,,,,,,,,,,,,,,,,,,,,,,,,
10931,724_?_?,983_64_64,,,,,,,,,,,,,,,,,,,,,,,,,,,,,,,,,,,,,,
10932,724_20_20,983_64_64,,,,,,,,,,,,,,,,,,,,,,,,,,,,,,,,,,,,,,
10933,724_21_21,983_64_64,,,,,,,,,,,,,,,,,,,,,,,,,,,,,,,,,,,,,,
10934,724_22_22,983_64_64,,,,,,,,,,,,,,,,,,,,,,,,,,,,,,,,,,,,,,
10935,724_23_23,983_64_64,,,,,,,,,,,,,,,,,,,,,,,,,,,,,,,,,,,,,,
10936,724_24_24,983_64_64,,,,,,,,,,,,,,,,,,,,,,,,,,,,,,,,,,,,,,
10937,724_25_25,983_64_64,,,,,,,,,,,,,,,,,,,,,,,,,,,,,,,,,,,,,,
10938,724_26_26,983_64_64,,,,,,,,,,,,,,,,,,,,,,,,,,,,,,,,,,,,,,
10939,724_27_27,983_64_64,,,,,,,,,,,,,,,,,,,,,,,,,,,,,,,,,,,,,,
10940,724_28_28,983_64_64,,,,,,,,,,,,,,,,,,,,,,,,,,,,,,,,,,,,,,
10941,724_29_29,983_64_64,,,,,,,,,,,,,,,,,,,,,,,,,,,,,,,,,,,,,,
10942,724_?_?,983_64_64,,,,,,,,,,,,,,,,,,,,,,,,,,,,,,,,,,,,,,
10943,724_?_?,983_64_64,,,,,,,,,,,,,,,,,,,,,,,,,,,,,,,,,,,,,,
10944,724_?_?,983_64_64,,,,,,,,,,,,,,,,,,,,,,,,,,,,,,,,,,,,,,
10945,724_?_?,983_64_64,,,,,,,,,,,,,,,,,,,,,,,,,,,,,,,,,,,,,,
10946,724_?_?,983_64_64,,,,,,,,,,,,,,,,,,,,,,,,,,,,,,,,,,,,,,
10947,724_?_?,983_64_64,,,,,,,,,,,,,,,,,,,,,,,,,,,,,,,,,,,,,,
10948,724_30_30,983_64_64,,,,,,,,,,,,,,,,,,,,,,,,,,,,,,,,,,,,,,
10949,724_31_31,983_64_64,,,,,,,,,,,,,,,,,,,,,,,,,,,,,,,,,,,,,,
10950,724_32_32,983_64_64,,,,,,,,,,,,,,,,,,,,,,,,,,,,,,,,,,,,,,
10951,724_33_33,983_64_64,,,,,,,,,,,,,,,,,,,,,,,,,,,,,,,,,,,,,,
10952,724_34_34,983_64_64,,,,,,,,,,,,,,,,,,,,,,,,,,,,,,,,,,,,,,
10953,724_35_35,983_64_64,,,,,,,,,,,,,,,,,,,,,,,,,,,,,,,,,,,,,,
10954,724_36_36,983_64_64,,,,,,,,,,,,,,,,,,,,,,,,,,,,,,,,,,,,,,
10955,124_6_10,119_16_20,983_?_?,,,,,,,,,,,,,,,,,,,,,,,,,,,,,,,,,,,,,
10956,125_21_25,119_16_20,138_6_10,983_?_?,,,,,,,,,,,,,,,,,,,,,,,,,,,,,,,,,,,,
10957,119_16_20,112_2_3,983_?_?,,,,,,,,,,,,,,,,,,,,,,,,,,,,,,,,,,,,,
10958,119_16_20,117_1_1,983_?_?,,,,,,,,,,,,,,,,,,,,,,,,,,,,,,,,,,,,,
10959,98_21_25,125_26_30,119_26_30,983_?_?,,,,,,,,,,,,,,,,,,,,,,,,,,,,,,,,,,,,
10960,983_?_?,,,,,,,,,,,,,,,,,,,,,,,,,,,,,,,,,,,,,,,
10961,983_?_?,,,,,,,,,,,,,,,,,,,,,,,,,,,,,,,,,,,,,,,
10966,149_?_?,811_1_1,785_0_0,,,,,,,,,,,,,,,,,,,,,,,,,,,,,,,,,,,,,
10967,193_?_?,110_10_10,,,,,,,,,,,,,,,,,,,,,,,,,,,,,,,,,,,,,,
10968,149_?_?,811_1_1,146_66_66,785_0_0,,,,,,,,,,,,,,,,,,,,,,,,,,,,,,,,,,,,
10969,193_?_?,110_21_40,,,,,,,,,,,,,,,,,,,,,,,,,,,,,,,,,,,,,,
10971,158_201_250,,,,,,,,,,,,,,,,,,,,,,,,,,,,,,,,,,,,,,,
10972,148_?_?,811_1_1,,,,,,,,,,,,,,,,,,,,,,,,,,,,,,,,,,,,,,
10974,208_?_?,,,,,,,,,,,,,,,,,,,,,,,,,,,,,,,,,,,,,,,
10985,800_?_?,808_64_64,983_?_?,,,,,,,,,,,,,,,,,,,,,,,,,,,,,,,,,,,,,
10991,983_?_?,,,,,,,,,,,,,,,,,,,,,,,,,,,,,,,,,,,,,,,
11010,939_?_?,,,,,,,,,,,,,,,,,,,,,,,,,,,,,,,,,,,,,,,
11011,800_?_?,808_64_64,983_?_?,,,,,,,,,,,,,,,,,,,,,,,,,,,,,,,,,,,,,
11036,939_?_?,,,,,,,,,,,,,,,,,,,,,,,,,,,,,,,,,,,,,,,
11049,126_16_20,117_1_1,983_?_?,,,,,,,,,,,,,,,,,,,,,,,,,,,,,,,,,,,,,
11050,124_11_15,126_16_20,983_?_?,,,,,,,,,,,,,,,,,,,,,,,,,,,,,,,,,,,,,
11051,125_41_50,126_11_15,983_?_?,,,,,,,,,,,,,,,,,,,,,,,,,,,,,,,,,,,,,
11052,243_2_3,174_31_40,126_16_20,124_6_10,,,,,,,,,,,,,,,,,,,,,,,,,,,,,,,,,,,,
11055,118_21_30,158_151_200,240_7_9,,,,,,,,,,,,,,,,,,,,,,,,,,,,,,,,,,,,,
11056,118_21_30,124_6_10,244_7_9,,,,,,,,,,,,,,,,,,,,,,,,,,,,,,,,,,,,,
11057,118_21_30,125_21_30,174_151_200,,,,,,,,,,,,,,,,,,,,,,,,,,,,,,,,,,,,,
11058,118_16_20,112_2_3,,,,,,,,,,,,,,,,,,,,,,,,,,,,,,,,,,,,,,
11063,983_?_?,,,,,,,,,,,,,,,,,,,,,,,,,,,,,,,,,,,,,,,
11064,983_?_?,,,,,,,,,,,,,,,,,,,,,,,,,,,,,,,,,,,,,,,
11065,983_?_?,,,,,,,,,,,,,,,,,,,,,,,,,,,,,,,,,,,,,,,
11066,983_?_?,,,,,,,,,,,,,,,,,,,,,,,,,,,,,,,,,,,,,,,
11067,983_?_?,,,,,,,,,,,,,,,,,,,,,,,,,,,,,,,,,,,,,,,
11068,983_?_?,,,,,,,,,,,,,,,,,,,,,,,,,,,,,,,,,,,,,,,
11069,983_?_?,,,,,,,,,,,,,,,,,,,,,,,,,,,,,,,,,,,,,,,
11072,983_?_?,,,,,,,,,,,,,,,,,,,,,,,,,,,,,,,,,,,,,,,
11073,983_?_?,,,,,,,,,,,,,,,,,,,,,,,,,,,,,,,,,,,,,,,
11074,983_?_?,,,,,,,,,,,,,,,,,,,,,,,,,,,,,,,,,,,,,,,
11075,983_?_?,,,,,,,,,,,,,,,,,,,,,,,,,,,,,,,,,,,,,,,
11100,222_9_9,,,,,,,,,,,,,,,,,,,,,,,,,,,,,,,,,,,,,,,
11465,800_?_?,808_64_64,806_0_0,807_0_0,983_?_?,,,,,,,,,,,,,,,,,,,,,,,,,,,,,,,,,,,
11467,939_?_?,,,,,,,,,,,,,,,,,,,,,,,,,,,,,,,,,,,,,,,
11468,983_?_?,,,,,,,,,,,,,,,,,,,,,,,,,,,,,,,,,,,,,,,
11471,983_64_64,,,,,,,,,,,,,,,,,,,,,,,,,,,,,,,,,,,,,,,
11472,983_64_64,,,,,,,,,,,,,,,,,,,,,,,,,,,,,,,,,,,,,,,
11473,983_64_64,,,,,,,,,,,,,,,,,,,,,,,,,,,,,,,,,,,,,,,
11477,983_?_?,,,,,,,,,,,,,,,,,,,,,,,,,,,,,,,,,,,,,,,
11480,983_?_?,,,,,,,,,,,,,,,,,,,,,,,,,,,,,,,,,,,,,,,
11482,983_?_?,,,,,,,,,,,,,,,,,,,,,,,,,,,,,,,,,,,,,,,
11485,983_?_?,,,,,,,,,,,,,,,,,,,,,,,,,,,,,,,,,,,,,,,
11487,983_?_?,,,,,,,,,,,,,,,,,,,,,,,,,,,,,,,,,,,,,,,
11489,983_?_?,,,,,,,,,,,,,,,,,,,,,,,,,,,,,,,,,,,,,,,
11490,983_?_?,,,,,,,,,,,,,,,,,,,,,,,,,,,,,,,,,,,,,,,
11491,983_?_?,,,,,,,,,,,,,,,,,,,,,,,,,,,,,,,,,,,,,,,
11492,983_?_?,,,,,,,,,,,,,,,,,,,,,,,,,,,,,,,,,,,,,,,
11493,983_?_?,,,,,,,,,,,,,,,,,,,,,,,,,,,,,,,,,,,,,,,
11494,983_?_?,,,,,,,,,,,,,,,,,,,,,,,,,,,,,,,,,,,,,,,
11495,983_?_?,,,,,,,,,,,,,,,,,,,,,,,,,,,,,,,,,,,,,,,
11496,983_?_?,,,,,,,,,,,,,,,,,,,,,,,,,,,,,,,,,,,,,,,
11497,983_?_?,,,,,,,,,,,,,,,,,,,,,,,,,,,,,,,,,,,,,,,
11498,983_64_64,,,,,,,,,,,,,,,,,,,,,,,,,,,,,,,,,,,,,,,
11499,983_64_64,,,,,,,,,,,,,,,,,,,,,,,,,,,,,,,,,,,,,,,
11500,983_64_64,,,,,,,,,,,,,,,,,,,,,,,,,,,,,,,,,,,,,,,
11501,983_64_64,,,,,,,,,,,,,,,,,,,,,,,,,,,,,,,,,,,,,,,
11508,197_1_1,785_1_1,,,,,,,,,,,,,,,,,,,,,,,,,,,,,,,,,,,,,,
11509,197_1_1,785_1_1,,,,,,,,,,,,,,,,,,,,,,,,,,,,,,,,,,,,,,
11510,197_1_1,785_1_1,,,,,,,,,,,,,,,,,,,,,,,,,,,,,,,,,,,,,,
11539,100_16_34,92_4_6,91_4_6,125_251_300,118_31_50,123_31_50,124_21_35,176_21_25,212_5_7,213_5_7,112_5_7,182_1_1,115_2_3,,,,,,,,,,,,,,,,,,,,,,,,,,,
11542,174_551_650,125_201_250,118_41_60,123_41_60,138_11_15,226_21_30,124_21_30,176_11_20,210_6_10,214_6_10,112_6_10,,,,,,,,,,,,,,,,,,,,,,,,,,,,,
11543,125_151_200,118_21_40,123_21_40,124_21_35,176_11_20,210_5_7,212_5_7,112_3_5,115_1_2,117_1_1,,,,,,,,,,,,,,,,,,,,,,,,,,,,,,
11544,174_201_300,125_151_200,126_21_40,119_21_40,138_11_15,241_6_10,124_26_35,176_11_20,214_6_10,112_6_10,178_3_5,182_1_1,,,,,,,,,,,,,,,,,,,,,,,,,,,,
11545,125_201_250,118_31_50,123_31_50,138_11_15,226_21_30,240_6_10,124_21_30,176_21_30,211_6_10,112_6_10,182_1_1,115_2_3,,,,,,,,,,,,,,,,,,,,,,,,,,,,
11546,111_1_1,174_151_250,125_201_250,126_31_50,119_31_50,138_11_15,244_2_5,243_6_10,124_21_35,176_21_30,112_6_10,115_2_3,117_1_1,,,,,,,,,,,,,,,,,,,,,,,,,,,
11547,128_1_1,125_201_250,126_31_50,119_31_50,138_11_15,226_16_25,124_21_30,176_21_30,211_6_10,213_6_10,112_6_10,115_2_3,,,,,,,,,,,,,,,,,,,,,,,,,,,,
11548,125_251_300,126_41_60,119_41_60,124_21_35,176_16_25,211_6_10,212_6_10,112_6_10,178_5_7,182_1_1,115_2_3,,,,,,,,,,,,,,,,,,,,,,,,,,,,,
11549,194_30000_30000,983_64_64,,,,,,,,,,,,,,,,,,,,,,,,,,,,,,,,,,,,,,
11550,811_0_0,2156_26_26,,,,,,,,,,,,,,,,,,,,,,,,,,,,,,,,,,,,,,
11551,811_0_0,2156_?_?,,,,,,,,,,,,,,,,,,,,,,,,,,,,,,,,,,,,,,
11552,153_200_200,157_200_200,155_200_200,154_200_200,152_200_200,811_0_0,,,,,,,,,,,,,,,,,,,,,,,,,,,,,,,,,,
11554,800_?_?,808_64_64,806_0_0,807_0_0,983_?_?,,,,,,,,,,,,,,,,,,,,,,,,,,,,,,,,,,,
11555,983_?_?,,,,,,,,,,,,,,,,,,,,,,,,,,,,,,,,,,,,,,,
11556,983_?_?,,,,,,,,,,,,,,,,,,,,,,,,,,,,,,,,,,,,,,,
11557,983_?_?,,,,,,,,,,,,,,,,,,,,,,,,,,,,,,,,,,,,,,,
11567,628_?_?,628_?_?,628_?_?,628_?_?,628_?_?,,,,,,,,,,,,,,,,,,,,,,,,,,,,,,,,,,,
11568,628_492_492,628_?_?,628_?_?,628_?_?,628_?_?,,,,,,,,,,,,,,,,,,,,,,,,,,,,,,,,,,,
11573,110_250_250,139_75_75,,,,,,,,,,,,,,,,,,,,,,,,,,,,,,,,,,,,,,
11574,110_400_400,139_150_150,,,,,,,,,,,,,,,,,,,,,,,,,,,,,,,,,,,,,,
11621,983_64_64,,,,,,,,,,,,,,,,,,,,,,,,,,,,,,,,,,,,,,,
11623,983_64_64,,,,,,,,,,,,,,,,,,,,,,,,,,,,,,,,,,,,,,,
11702,800_?_?,808_64_64,806_0_0,807_0_0,983_?_?,,,,,,,,,,,,,,,,,,,,,,,,,,,,,,,,,,,
11703,983_?_?,,,,,,,,,,,,,,,,,,,,,,,,,,,,,,,,,,,,,,,
11706,983_?_?,939_?_?,,,,,,,,,,,,,,,,,,,,,,,,,,,,,,,,,,,,,,
11707,983_64_64,,,,,,,,,,,,,,,,,,,,,,,,,,,,,,,,,,,,,,,
11708,983_?_?,,,,,,,,,,,,,,,,,,,,,,,,,,,,,,,,,,,,,,,
11709,983_?_?,,,,,,,,,,,,,,,,,,,,,,,,,,,,,,,,,,,,,,,
11710,983_?_?,,,,,,,,,,,,,,,,,,,,,,,,,,,,,,,,,,,,,,,
11711,800_?_?,808_64_64,806_0_0,807_0_0,983_?_?,,,,,,,,,,,,,,,,,,,,,,,,,,,,,,,,,,,
11712,983_?_?,,,,,,,,,,,,,,,,,,,,,,,,,,,,,,,,,,,,,,,
11713,983_?_?,,,,,,,,,,,,,,,,,,,,,,,,,,,,,,,,,,,,,,,
11714,983_?_?,,,,,,,,,,,,,,,,,,,,,,,,,,,,,,,,,,,,,,,
11715,800_?_?,808_64_64,983_?_?,,,,,,,,,,,,,,,,,,,,,,,,,,,,,,,,,,,,,
11717,724_37_37,983_64_64,,,,,,,,,,,,,,,,,,,,,,,,,,,,,,,,,,,,,,
11719,800_?_?,808_64_64,806_0_0,807_0_0,983_64_64,,,,,,,,,,,,,,,,,,,,,,,,,,,,,,,,,,,
11723,939_?_?,,,,,,,,,,,,,,,,,,,,,,,,,,,,,,,,,,,,,,,
11724,983_?_?,,,,,,,,,,,,,,,,,,,,,,,,,,,,,,,,,,,,,,,
11725,983_?_?,,,,,,,,,,,,,,,,,,,,,,,,,,,,,,,,,,,,,,,
11726,983_?_?,,,,,,,,,,,,,,,,,,,,,,,,,,,,,,,,,,,,,,,
11727,800_?_?,808_64_64,806_0_0,807_0_0,983_?_?,,,,,,,,,,,,,,,,,,,,,,,,,,,,,,,,,,,
11729,800_?_?,808_64_64,806_0_0,807_0_0,983_?_?,,,,,,,,,,,,,,,,,,,,,,,,,,,,,,,,,,,
11732,724_38_38,983_64_64,,,,,,,,,,,,,,,,,,,,,,,,,,,,,,,,,,,,,,
11733,724_39_39,,,,,,,,,,,,,,,,,,,,,,,,,,,,,,,,,,,,,,,
11734,724_?_?,,,,,,,,,,,,,,,,,,,,,,,,,,,,,,,,,,,,,,,
11735,724_?_?,,,,,,,,,,,,,,,,,,,,,,,,,,,,,,,,,,,,,,,
11738,939_?_?,,,,,,,,,,,,,,,,,,,,,,,,,,,,,,,,,,,,,,,
11741,939_?_?,,,,,,,,,,,,,,,,,,,,,,,,,,,,,,,,,,,,,,,
11742,939_?_?,,,,,,,,,,,,,,,,,,,,,,,,,,,,,,,,,,,,,,,
11745,98_21_35,96_21_35,99_21_35,100_21_35,97_21_35,84_3_3,111_5_5,128_5_5,125_1500_1500,123_500_500,126_500_500,118_500_500,119_500_500,124_500_500,212_30_30,211_30_30,213_30_30,214_30_30,210_30_30,283_32_32,284_32_32,289_1_1,282_1_1,281_?_?,149_2440_2440,983_-1_-1,285_1_1,285_1_1,285_1_1,285_1_1,,,,,,,,,,
11747,983_?_?,,,,,,,,,,,,,,,,,,,,,,,,,,,,,,,,,,,,,,,
11748,983_?_?,,,,,,,,,,,,,,,,,,,,,,,,,,,,,,,,,,,,,,,
11749,983_?_?,,,,,,,,,,,,,,,,,,,,,,,,,,,,,,,,,,,,,,,
11750,983_?_?,,,,,,,,,,,,,,,,,,,,,,,,,,,,,,,,,,,,,,,
11751,983_?_?,,,,,,,,,,,,,,,,,,,,,,,,,,,,,,,,,,,,,,,
11752,983_?_?,,,,,,,,,,,,,,,,,,,,,,,,,,,,,,,,,,,,,,,
11753,983_?_?,,,,,,,,,,,,,,,,,,,,,,,,,,,,,,,,,,,,,,,
11754,724_?_?,983_?_?,,,,,,,,,,,,,,,,,,,,,,,,,,,,,,,,,,,,,,
11755,800_?_?,808_64_64,983_?_?,,,,,,,,,,,,,,,,,,,,,,,,,,,,,,,,,,,,,
11756,983_?_?,,,,,,,,,,,,,,,,,,,,,,,,,,,,,,,,,,,,,,,
11757,983_?_?,,,,,,,,,,,,,,,,,,,,,,,,,,,,,,,,,,,,,,,
11758,983_?_?,,,,,,,,,,,,,,,,,,,,,,,,,,,,,,,,,,,,,,,
11759,983_?_?,,,,,,,,,,,,,,,,,,,,,,,,,,,,,,,,,,,,,,,
11760,983_?_?,,,,,,,,,,,,,,,,,,,,,,,,,,,,,,,,,,,,,,,
11761,99_30_50,94_16_30,125_600_600,126_600_600,119_500_500,124_400_400,117_5_5,111_3_3,128_3_3,112_50_50,138_150_150,115_20_20,148_434_434,149_?_?,983_64_64,,,,,,,,,,,,,,,,,,,,,,,,,
11765,939_?_?,,,,,,,,,,,,,,,,,,,,,,,,,,,,,,,,,,,,,,,
11766,983_?_?,,,,,,,,,,,,,,,,,,,,,,,,,,,,,,,,,,,,,,,
11769,939_?_?,,,,,,,,,,,,,,,,,,,,,,,,,,,,,,,,,,,,,,,
11771,983_-1_-1,,,,,,,,,,,,,,,,,,,,,,,,,,,,,,,,,,,,,,,
11772,983_?_?,,,,,,,,,,,,,,,,,,,,,,,,,,,,,,,,,,,,,,,
11773,983_?_?,,,,,,,,,,,,,,,,,,,,,,,,,,,,,,,,,,,,,,,
11774,983_?_?,,,,,,,,,,,,,,,,,,,,,,,,,,,,,,,,,,,,,,,
11775,800_?_?,808_64_64,983_?_?,,,,,,,,,,,,,,,,,,,,,,,,,,,,,,,,,,,,,
11778,939_?_?,,,,,,,,,,,,,,,,,,,,,,,,,,,,,,,,,,,,,,,
11781,983_?_?,800_?_?,808_64_64,,,,,,,,,,,,,,,,,,,,,,,,,,,,,,,,,,,,,
11784,939_?_?,,,,,,,,,,,,,,,,,,,,,,,,,,,,,,,,,,,,,,,
11802,939_?_?,,,,,,,,,,,,,,,,,,,,,,,,,,,,,,,,,,,,,,,
11804,800_?_?,808_64_64,,,,,,,,,,,,,,,,,,,,,,,,,,,,,,,,,,,,,,
11807,939_?_?,,,,,,,,,,,,,,,,,,,,,,,,,,,,,,,,,,,,,,,
11809,800_?_?,808_64_64,806_0_0,807_0_0,983_?_?,,,,,,,,,,,,,,,,,,,,,,,,,,,,,,,,,,,
11811,2050_0_0,,,,,,,,,,,,,,,,,,,,,,,,,,,,,,,,,,,,,,,
11812,983_?_?,,,,,,,,,,,,,,,,,,,,,,,,,,,,,,,,,,,,,,,
12004,983_-1_-1,,,,,,,,,,,,,,,,,,,,,,,,,,,,,,,,,,,,,,,
12005,983_-1_-1,,,,,,,,,,,,,,,,,,,,,,,,,,,,,,,,,,,,,,,
12006,983_-1_-1,,,,,,,,,,,,,,,,,,,,,,,,,,,,,,,,,,,,,,,
12007,983_-1_-1,,,,,,,,,,,,,,,,,,,,,,,,,,,,,,,,,,,,,,,
12010,983_-1_-1,,,,,,,,,,,,,,,,,,,,,,,,,,,,,,,,,,,,,,,
12011,983_-1_-1,,,,,,,,,,,,,,,,,,,,,,,,,,,,,,,,,,,,,,,
12012,983_-1_-1,,,,,,,,,,,,,,,,,,,,,,,,,,,,,,,,,,,,,,,
12013,983_-1_-1,,,,,,,,,,,,,,,,,,,,,,,,,,,,,,,,,,,,,,,
12014,983_-1_-1,,,,,,,,,,,,,,,,,,,,,,,,,,,,,,,,,,,,,,,
12015,983_-1_-1,,,,,,,,,,,,,,,,,,,,,,,,,,,,,,,,,,,,,,,
12016,983_-1_-1,,,,,,,,,,,,,,,,,,,,,,,,,,,,,,,,,,,,,,,
12017,983_-1_-1,,,,,,,,,,,,,,,,,,,,,,,,,,,,,,,,,,,,,,,
12018,983_-1_-1,,,,,,,,,,,,,,,,,,,,,,,,,,,,,,,,,,,,,,,
12019,983_-1_-1,,,,,,,,,,,,,,,,,,,,,,,,,,,,,,,,,,,,,,,
12020,983_-1_-1,,,,,,,,,,,,,,,,,,,,,,,,,,,,,,,,,,,,,,,
12021,983_-1_-1,,,,,,,,,,,,,,,,,,,,,,,,,,,,,,,,,,,,,,,
12022,983_-1_-1,,,,,,,,,,,,,,,,,,,,,,,,,,,,,,,,,,,,,,,
12023,983_-1_-1,,,,,,,,,,,,,,,,,,,,,,,,,,,,,,,,,,,,,,,
12024,983_-1_-1,,,,,,,,,,,,,,,,,,,,,,,,,,,,,,,,,,,,,,,
12025,983_-1_-1,,,,,,,,,,,,,,,,,,,,,,,,,,,,,,,,,,,,,,,
12150,983_190_190,,,,,,,,,,,,,,,,,,,,,,,,,,,,,,,,,,,,,,,
12151,973_11_11,971_1_1,972_1_1,983_190_190,808_64_64,974_0_0,975_?_?,,,,,,,,,,,,,,,,,,,,,,,,,,,,,,,,,
12152,973_10_10,971_1_1,972_1_1,983_190_190,808_64_64,974_0_0,975_?_?,,,,,,,,,,,,,,,,,,,,,,,,,,,,,,,,,
12650,97_16_25,983_-1_-1,,,,,,,,,,,,,,,,,,,,,,,,,,,,,,,,,,,,,,
12651,983_-1_-1,,,,,,,,,,,,,,,,,,,,,,,,,,,,,,,,,,,,,,,
12652,983_-1_-1,,,,,,,,,,,,,,,,,,,,,,,,,,,,,,,,,,,,,,,
12653,983_-1_-1,,,,,,,,,,,,,,,,,,,,,,,,,,,,,,,,,,,,,,,
12654,983_-1_-1,,,,,,,,,,,,,,,,,,,,,,,,,,,,,,,,,,,,,,,
12655,99_16_25,983_-1_-1,,,,,,,,,,,,,,,,,,,,,,,,,,,,,,,,,,,,,,
12656,983_-1_-1,,,,,,,,,,,,,,,,,,,,,,,,,,,,,,,,,,,,,,,
12657,983_-1_-1,,,,,,,,,,,,,,,,,,,,,,,,,,,,,,,,,,,,,,,
12658,983_-1_-1,,,,,,,,,,,,,,,,,,,,,,,,,,,,,,,,,,,,,,,
12659,983_-1_-1,,,,,,,,,,,,,,,,,,,,,,,,,,,,,,,,,,,,,,,
12660,96_16_25,983_-1_-1,,,,,,,,,,,,,,,,,,,,,,,,,,,,,,,,,,,,,,
12661,983_-1_-1,,,,,,,,,,,,,,,,,,,,,,,,,,,,,,,,,,,,,,,
12662,983_-1_-1,,,,,,,,,,,,,,,,,,,,,,,,,,,,,,,,,,,,,,,
12663,983_-1_-1,,,,,,,,,,,,,,,,,,,,,,,,,,,,,,,,,,,,,,,
12664,983_-1_-1,,,,,,,,,,,,,,,,,,,,,,,,,,,,,,,,,,,,,,,
12665,98_16_25,983_-1_-1,,,,,,,,,,,,,,,,,,,,,,,,,,,,,,,,,,,,,,
12666,983_-1_-1,,,,,,,,,,,,,,,,,,,,,,,,,,,,,,,,,,,,,,,
12667,983_-1_-1,,,,,,,,,,,,,,,,,,,,,,,,,,,,,,,,,,,,,,,
12668,983_-1_-1,,,,,,,,,,,,,,,,,,,,,,,,,,,,,,,,,,,,,,,
12669,983_-1_-1,,,,,,,,,,,,,,,,,,,,,,,,,,,,,,,,,,,,,,,
12670,97_16_25,983_-1_-1,,,,,,,,,,,,,,,,,,,,,,,,,,,,,,,,,,,,,,
12671,983_-1_-1,,,,,,,,,,,,,,,,,,,,,,,,,,,,,,,,,,,,,,,
12672,983_-1_-1,,,,,,,,,,,,,,,,,,,,,,,,,,,,,,,,,,,,,,,
12673,983_-1_-1,,,,,,,,,,,,,,,,,,,,,,,,,,,,,,,,,,,,,,,
12674,983_-1_-1,,,,,,,,,,,,,,,,,,,,,,,,,,,,,,,,,,,,,,,
12675,99_16_25,983_-1_-1,,,,,,,,,,,,,,,,,,,,,,,,,,,,,,,,,,,,,,
12676,983_-1_-1,,,,,,,,,,,,,,,,,,,,,,,,,,,,,,,,,,,,,,,
12677,983_-1_-1,,,,,,,,,,,,,,,,,,,,,,,,,,,,,,,,,,,,,,,
12678,983_-1_-1,,,,,,,,,,,,,,,,,,,,,,,,,,,,,,,,,,,,,,,
12679,983_-1_-1,,,,,,,,,,,,,,,,,,,,,,,,,,,,,,,,,,,,,,,
12680,96_16_25,983_-1_-1,,,,,,,,,,,,,,,,,,,,,,,,,,,,,,,,,,,,,,
12681,983_-1_-1,,,,,,,,,,,,,,,,,,,,,,,,,,,,,,,,,,,,,,,
12682,983_-1_-1,,,,,,,,,,,,,,,,,,,,,,,,,,,,,,,,,,,,,,,
12683,983_-1_-1,,,,,,,,,,,,,,,,,,,,,,,,,,,,,,,,,,,,,,,
12684,983_-1_-1,,,,,,,,,,,,,,,,,,,,,,,,,,,,,,,,,,,,,,,
12685,98_16_25,983_-1_-1,,,,,,,,,,,,,,,,,,,,,,,,,,,,,,,,,,,,,,
12686,983_-1_-1,,,,,,,,,,,,,,,,,,,,,,,,,,,,,,,,,,,,,,,
12687,983_-1_-1,,,,,,,,,,,,,,,,,,,,,,,,,,,,,,,,,,,,,,,
12688,983_-1_-1,,,,,,,,,,,,,,,,,,,,,,,,,,,,,,,,,,,,,,,
12689,983_-1_-1,,,,,,,,,,,,,,,,,,,,,,,,,,,,,,,,,,,,,,,
12690,97_16_25,983_-1_-1,,,,,,,,,,,,,,,,,,,,,,,,,,,,,,,,,,,,,,
12691,983_-1_-1,,,,,,,,,,,,,,,,,,,,,,,,,,,,,,,,,,,,,,,
12692,983_-1_-1,,,,,,,,,,,,,,,,,,,,,,,,,,,,,,,,,,,,,,,
12693,983_-1_-1,,,,,,,,,,,,,,,,,,,,,,,,,,,,,,,,,,,,,,,
12694,983_-1_-1,,,,,,,,,,,,,,,,,,,,,,,,,,,,,,,,,,,,,,,
12695,99_16_25,983_-1_-1,,,,,,,,,,,,,,,,,,,,,,,,,,,,,,,,,,,,,,
12696,983_-1_-1,,,,,,,,,,,,,,,,,,,,,,,,,,,,,,,,,,,,,,,
12697,983_-1_-1,,,,,,,,,,,,,,,,,,,,,,,,,,,,,,,,,,,,,,,
12698,983_-1_-1,,,,,,,,,,,,,,,,,,,,,,,,,,,,,,,,,,,,,,,
12699,983_-1_-1,,,,,,,,,,,,,,,,,,,,,,,,,,,,,,,,,,,,,,,
12700,96_16_25,983_-1_-1,,,,,,,,,,,,,,,,,,,,,,,,,,,,,,,,,,,,,,
12701,983_-1_-1,,,,,,,,,,,,,,,,,,,,,,,,,,,,,,,,,,,,,,,
12702,983_-1_-1,,,,,,,,,,,,,,,,,,,,,,,,,,,,,,,,,,,,,,,
12703,983_-1_-1,,,,,,,,,,,,,,,,,,,,,,,,,,,,,,,,,,,,,,,
12704,983_-1_-1,,,,,,,,,,,,,,,,,,,,,,,,,,,,,,,,,,,,,,,
12705,98_16_25,983_-1_-1,,,,,,,,,,,,,,,,,,,,,,,,,,,,,,,,,,,,,,
12706,983_-1_-1,,,,,,,,,,,,,,,,,,,,,,,,,,,,,,,,,,,,,,,
12707,983_-1_-1,,,,,,,,,,,,,,,,,,,,,,,,,,,,,,,,,,,,,,,
12708,983_-1_-1,,,,,,,,,,,,,,,,,,,,,,,,,,,,,,,,,,,,,,,
12709,983_-1_-1,,,,,,,,,,,,,,,,,,,,,,,,,,,,,,,,,,,,,,,
12710,97_16_25,983_-1_-1,,,,,,,,,,,,,,,,,,,,,,,,,,,,,,,,,,,,,,
12711,983_-1_-1,,,,,,,,,,,,,,,,,,,,,,,,,,,,,,,,,,,,,,,
12712,983_-1_-1,,,,,,,,,,,,,,,,,,,,,,,,,,,,,,,,,,,,,,,
12713,983_-1_-1,,,,,,,,,,,,,,,,,,,,,,,,,,,,,,,,,,,,,,,
12714,983_-1_-1,,,,,,,,,,,,,,,,,,,,,,,,,,,,,,,,,,,,,,,
12715,99_16_25,983_-1_-1,,,,,,,,,,,,,,,,,,,,,,,,,,,,,,,,,,,,,,
12716,983_-1_-1,,,,,,,,,,,,,,,,,,,,,,,,,,,,,,,,,,,,,,,
12717,983_-1_-1,,,,,,,,,,,,,,,,,,,,,,,,,,,,,,,,,,,,,,,
12718,983_-1_-1,,,,,,,,,,,,,,,,,,,,,,,,,,,,,,,,,,,,,,,
12719,983_-1_-1,,,,,,,,,,,,,,,,,,,,,,,,,,,,,,,,,,,,,,,
12720,96_16_25,983_-1_-1,,,,,,,,,,,,,,,,,,,,,,,,,,,,,,,,,,,,,,
12721,983_-1_-1,,,,,,,,,,,,,,,,,,,,,,,,,,,,,,,,,,,,,,,
12722,983_-1_-1,,,,,,,,,,,,,,,,,,,,,,,,,,,,,,,,,,,,,,,
12723,983_-1_-1,,,,,,,,,,,,,,,,,,,,,,,,,,,,,,,,,,,,,,,
12724,983_-1_-1,,,,,,,,,,,,,,,,,,,,,,,,,,,,,,,,,,,,,,,
12725,98_16_25,983_-1_-1,,,,,,,,,,,,,,,,,,,,,,,,,,,,,,,,,,,,,,
12726,983_-1_-1,,,,,,,,,,,,,,,,,,,,,,,,,,,,,,,,,,,,,,,
12727,983_-1_-1,,,,,,,,,,,,,,,,,,,,,,,,,,,,,,,,,,,,,,,
12728,983_-1_-1,,,,,,,,,,,,,,,,,,,,,,,,,,,,,,,,,,,,,,,
12729,983_-1_-1,,,,,,,,,,,,,,,,,,,,,,,,,,,,,,,,,,,,,,,
12732,983_?_?,,,,,,,,,,,,,,,,,,,,,,,,,,,,,,,,,,,,,,,
12733,983_?_?,,,,,,,,,,,,,,,,,,,,,,,,,,,,,,,,,,,,,,,
12734,983_?_?,,,,,,,,,,,,,,,,,,,,,,,,,,,,,,,,,,,,,,,
12735,2150_?_?,,,,,,,,,,,,,,,,,,,,,,,,,,,,,,,,,,,,,,,
12736,2150_?_?,,,,,,,,,,,,,,,,,,,,,,,,,,,,,,,,,,,,,,,
12737,2150_?_?,,,,,,,,,,,,,,,,,,,,,,,,,,,,,,,,,,,,,,,
12738,2150_?_?,,,,,,,,,,,,,,,,,,,,,,,,,,,,,,,,,,,,,,,
12739,2150_?_?,,,,,,,,,,,,,,,,,,,,,,,,,,,,,,,,,,,,,,,
12741,126_80_80,811_5_5,,,,,,,,,,,,,,,,,,,,,,,,,,,,,,,,,,,,,,
12742,123_80_80,811_5_5,,,,,,,,,,,,,,,,,,,,,,,,,,,,,,,,,,,,,,
12743,119_80_80,811_5_5,,,,,,,,,,,,,,,,,,,,,,,,,,,,,,,,,,,,,,
12744,125_200_200,811_5_5,,,,,,,,,,,,,,,,,,,,,,,,,,,,,,,,,,,,,,
12745,118_80_80,811_5_5,,,,,,,,,,,,,,,,,,,,,,,,,,,,,,,,,,,,,,
12746,983_?_?,,,,,,,,,,,,,,,,,,,,,,,,,,,,,,,,,,,,,,,
12747,800_?_?,808_64_64,806_0_0,807_0_0,983_?_?,,,,,,,,,,,,,,,,,,,,,,,,,,,,,,,,,,,
12751,939_?_?,,,,,,,,,,,,,,,,,,,,,,,,,,,,,,,,,,,,,,,
12753,983_?_?,,,,,,,,,,,,,,,,,,,,,,,,,,,,,,,,,,,,,,,
12754,983_?_?,,,,,,,,,,,,,,,,,,,,,,,,,,,,,,,,,,,,,,,
12755,983_?_?,,,,,,,,,,,,,,,,,,,,,,,,,,,,,,,,,,,,,,,
12756,983_?_?,,,,,,,,,,,,,,,,,,,,,,,,,,,,,,,,,,,,,,,
12757,983_?_?,,,,,,,,,,,,,,,,,,,,,,,,,,,,,,,,,,,,,,,
12758,983_?_?,,,,,,,,,,,,,,,,,,,,,,,,,,,,,,,,,,,,,,,
12759,983_?_?,,,,,,,,,,,,,,,,,,,,,,,,,,,,,,,,,,,,,,,
12760,983_?_?,,,,,,,,,,,,,,,,,,,,,,,,,,,,,,,,,,,,,,,
12761,800_?_?,808_64_64,806_0_0,807_0_0,983_?_?,,,,,,,,,,,,,,,,,,,,,,,,,,,,,,,,,,,
12763,939_?_?,,,,,,,,,,,,,,,,,,,,,,,,,,,,,,,,,,,,,,,
12766,983_?_?,,,,,,,,,,,,,,,,,,,,,,,,,,,,,,,,,,,,,,,
12767,983_?_?,,,,,,,,,,,,,,,,,,,,,,,,,,,,,,,,,,,,,,,
12768,983_?_?,,,,,,,,,,,,,,,,,,,,,,,,,,,,,,,,,,,,,,,
12769,983_?_?,,,,,,,,,,,,,,,,,,,,,,,,,,,,,,,,,,,,,,,
12770,983_?_?,,,,,,,,,,,,,,,,,,,,,,,,,,,,,,,,,,,,,,,
12771,983_?_?,,,,,,,,,,,,,,,,,,,,,,,,,,,,,,,,,,,,,,,
12772,983_?_?,,,,,,,,,,,,,,,,,,,,,,,,,,,,,,,,,,,,,,,
12773,983_?_?,,,,,,,,,,,,,,,,,,,,,,,,,,,,,,,,,,,,,,,
12775,983_?_?,,,,,,,,,,,,,,,,,,,,,,,,,,,,,,,,,,,,,,,
12776,138_50_50,214_5_5,211_5_5,213_5_5,210_5_5,212_5_5,,,,,,,,,,,,,,,,,,,,,,,,,,,,,,,,,,
12777,229_59_59,983_?_?,,,,,,,,,,,,,,,,,,,,,,,,,,,,,,,,,,,,,,
12778,149_455_455,811_1_1,,,,,,,,,,,,,,,,,,,,,,,,,,,,,,,,,,,,,,
12779,149_455_455,146_66_66,811_1_1,,,,,,,,,,,,,,,,,,,,,,,,,,,,,,,,,,,,,
12780,111_1_1,138_50_50,,,,,,,,,,,,,,,,,,,,,,,,,,,,,,,,,,,,,,
12781,983_?_?,,,,,,,,,,,,,,,,,,,,,,,,,,,,,,,,,,,,,,,
12782,100_5_10,96_5_10,99_5_10,101_1_1,983_64_64,,,,,,,,,,,,,,,,,,,,,,,,,,,,,,,,,,,
12783,100_11_15,96_11_15,99_11_15,101_1_1,983_64_64,,,,,,,,,,,,,,,,,,,,,,,,,,,,,,,,,,,
12784,96_7_10,97_7_10,99_7_10,98_7_10,101_1_1,983_64_64,,,,,,,,,,,,,,,,,,,,,,,,,,,,,,,,,,
12785,93_8_10,92_8_10,101_1_1,983_64_64,,,,,,,,,,,,,,,,,,,,,,,,,,,,,,,,,,,,
12786,96_6_8,97_6_8,99_6_8,98_6_8,101_1_1,983_64_64,,,,,,,,,,,,,,,,,,,,,,,,,,,,,,,,,,
12787,96_2_13,97_2_13,99_2_13,98_2_13,101_1_1,983_64_64,,,,,,,,,,,,,,,,,,,,,,,,,,,,,,,,,,
12788,96_5_7,99_5_7,98_5_7,101_1_1,983_64_64,,,,,,,,,,,,,,,,,,,,,,,,,,,,,,,,,,,
12789,100_9_13,99_9_13,98_9_13,101_1_1,983_64_64,,,,,,,,,,,,,,,,,,,,,,,,,,,,,,,,,,,
12790,96_6_9,97_6_9,99_6_9,98_6_9,101_1_1,983_64_64,,,,,,,,,,,,,,,,,,,,,,,,,,,,,,,,,,
12791,96_4_8,97_4_8,99_4_8,98_4_8,101_1_1,983_64_64,,,,,,,,,,,,,,,,,,,,,,,,,,,,,,,,,,
12792,96_4_5,97_4_5,99_4_5,98_4_5,101_1_1,983_64_64,,,,,,,,,,,,,,,,,,,,,,,,,,,,,,,,,,
12793,96_4_14,97_4_14,99_4_14,98_4_14,101_1_1,983_64_64,,,,,,,,,,,,,,,,,,,,,,,,,,,,,,,,,,
12794,983_?_?,,,,,,,,,,,,,,,,,,,,,,,,,,,,,,,,,,,,,,,
12795,983_?_?,,,,,,,,,,,,,,,,,,,,,,,,,,,,,,,,,,,,,,,
12796,983_?_?,,,,,,,,,,,,,,,,,,,,,,,,,,,,,,,,,,,,,,,
12797,983_?_?,,,,,,,,,,,,,,,,,,,,,,,,,,,,,,,,,,,,,,,
12798,983_?_?,,,,,,,,,,,,,,,,,,,,,,,,,,,,,,,,,,,,,,,
12799,983_?_?,,,,,,,,,,,,,,,,,,,,,,,,,,,,,,,,,,,,,,,
12800,983_?_?,,,,,,,,,,,,,,,,,,,,,,,,,,,,,,,,,,,,,,,
12801,983_?_?,,,,,,,,,,,,,,,,,,,,,,,,,,,,,,,,,,,,,,,
12802,805_64_64,,,,,,,,,,,,,,,,,,,,,,,,,,,,,,,,,,,,,,,
12803,805_64_64,,,,,,,,,,,,,,,,,,,,,,,,,,,,,,,,,,,,,,,
12805,856_0_0,,,,,,,,,,,,,,,,,,,,,,,,,,,,,,,,,,,,,,,
12806,149_?_?,,,,,,,,,,,,,,,,,,,,,,,,,,,,,,,,,,,,,,,
12807,229_?_?,983_64_64,,,,,,,,,,,,,,,,,,,,,,,,,,,,,,,,,,,,,,
12808,805_64_64,,,,,,,,,,,,,,,,,,,,,,,,,,,,,,,,,,,,,,,
12809,983_?_?,,,,,,,,,,,,,,,,,,,,,,,,,,,,,,,,,,,,,,,
12810,983_?_?,,,,,,,,,,,,,,,,,,,,,,,,,,,,,,,,,,,,,,,
12811,983_?_?,,,,,,,,,,,,,,,,,,,,,,,,,,,,,,,,,,,,,,,
12812,983_?_?,,,,,,,,,,,,,,,,,,,,,,,,,,,,,,,,,,,,,,,
12814,983_?_?,,,,,,,,,,,,,,,,,,,,,,,,,,,,,,,,,,,,,,,
12815,983_?_?,,,,,,,,,,,,,,,,,,,,,,,,,,,,,,,,,,,,,,,
12816,983_?_?,,,,,,,,,,,,,,,,,,,,,,,,,,,,,,,,,,,,,,,
12817,800_?_?,808_64_64,806_0_0,807_0_0,983_?_?,,,,,,,,,,,,,,,,,,,,,,,,,,,,,,,,,,,
12818,800_?_?,808_64_64,806_0_0,807_0_0,983_?_?,,,,,,,,,,,,,,,,,,,,,,,,,,,,,,,,,,,
12822,939_3212_3212,,,,,,,,,,,,,,,,,,,,,,,,,,,,,,,,,,,,,,,
12825,939_3211_3211,,,,,,,,,,,,,,,,,,,,,,,,,,,,,,,,,,,,,,,
12827,128_1_1,112_10_10,,,,,,,,,,,,,,,,,,,,,,,,,,,,,,,,,,,,,,
12828,229_?_?,983_-1_-1,,,,,,,,,,,,,,,,,,,,,,,,,,,,,,,,,,,,,,
12833,724_?_?,724_?_?,723_4_4,,,,,,,,,,,,,,,,,,,,,,,,,,,,,,,,,,,,,
12834,724_?_?,724_?_?,723_4_4,,,,,,,,,,,,,,,,,,,,,,,,,,,,,,,,,,,,,
12835,724_?_?,724_?_?,723_4_4,,,,,,,,,,,,,,,,,,,,,,,,,,,,,,,,,,,,,
12836,724_41_41,,,,,,,,,,,,,,,,,,,,,,,,,,,,,,,,,,,,,,,
12837,724_40_40,,,,,,,,,,,,,,,,,,,,,,,,,,,,,,,,,,,,,,,
12838,724_?_?,,,,,,,,,,,,,,,,,,,,,,,,,,,,,,,,,,,,,,,
12839,222_37_37,,,,,,,,,,,,,,,,,,,,,,,,,,,,,,,,,,,,,,,
12840,193_?_?,,,,,,,,,,,,,,,,,,,,,,,,,,,,,,,,,,,,,,,
12841,601_151_151,,,,,,,,,,,,,,,,,,,,,,,,,,,,,,,,,,,,,,,
12842,983_-1_-1,601_?_?,193_?_?,,,,,,,,,,,,,,,,,,,,,,,,,,,,,,,,,,,,,
12843,110_100_100,193_?_?,983_-1_-1,,,,,,,,,,,,,,,,,,,,,,,,,,,,,,,,,,,,,
12844,973_10_10,971_1_1,972_1_1,983_?_?,808_64_64,974_0_0,975_?_?,,,,,,,,,,,,,,,,,,,,,,,,,,,,,,,,,
12845,973_11_11,971_1_1,972_1_1,983_?_?,808_64_64,974_0_0,975_?_?,,,,,,,,,,,,,,,,,,,,,,,,,,,,,,,,,
12846,983_?_?,,,,,,,,,,,,,,,,,,,,,,,,,,,,,,,,,,,,,,,
12847,724_42_42,983_64_64,,,,,,,,,,,,,,,,,,,,,,,,,,,,,,,,,,,,,,
12848,724_43_43,983_64_64,,,,,,,,,,,,,,,,,,,,,,,,,,,,,,,,,,,,,,
12849,724_44_44,983_64_64,,,,,,,,,,,,,,,,,,,,,,,,,,,,,,,,,,,,,,
12850,983_-1_-1,,,,,,,,,,,,,,,,,,,,,,,,,,,,,,,,,,,,,,,
12851,983_-1_-1,,,,,,,,,,,,,,,,,,,,,,,,,,,,,,,,,,,,,,,
12852,983_-1_-1,,,,,,,,,,,,,,,,,,,,,,,,,,,,,,,,,,,,,,,
12853,983_-1_-1,,,,,,,,,,,,,,,,,,,,,,,,,,,,,,,,,,,,,,,
12854,983_-1_-1,,,,,,,,,,,,,,,,,,,,,,,,,,,,,,,,,,,,,,,
12855,983_-1_-1,,,,,,,,,,,,,,,,,,,,,,,,,,,,,,,,,,,,,,,
12856,983_-1_-1,,,,,,,,,,,,,,,,,,,,,,,,,,,,,,,,,,,,,,,
12857,983_-1_-1,,,,,,,,,,,,,,,,,,,,,,,,,,,,,,,,,,,,,,,
12858,983_-1_-1,,,,,,,,,,,,,,,,,,,,,,,,,,,,,,,,,,,,,,,
12859,983_-1_-1,,,,,,,,,,,,,,,,,,,,,,,,,,,,,,,,,,,,,,,
12860,983_-1_-1,,,,,,,,,,,,,,,,,,,,,,,,,,,,,,,,,,,,,,,
12861,983_-1_-1,,,,,,,,,,,,,,,,,,,,,,,,,,,,,,,,,,,,,,,
12862,983_-1_-1,,,,,,,,,,,,,,,,,,,,,,,,,,,,,,,,,,,,,,,
12863,983_-1_-1,,,,,,,,,,,,,,,,,,,,,,,,,,,,,,,,,,,,,,,
12864,983_-1_-1,,,,,,,,,,,,,,,,,,,,,,,,,,,,,,,,,,,,,,,
12865,983_-1_-1,,,,,,,,,,,,,,,,,,,,,,,,,,,,,,,,,,,,,,,
12866,983_-1_-1,,,,,,,,,,,,,,,,,,,,,,,,,,,,,,,,,,,,,,,
12867,983_-1_-1,,,,,,,,,,,,,,,,,,,,,,,,,,,,,,,,,,,,,,,
12868,983_-1_-1,,,,,,,,,,,,,,,,,,,,,,,,,,,,,,,,,,,,,,,
12869,983_-1_-1,,,,,,,,,,,,,,,,,,,,,,,,,,,,,,,,,,,,,,,
12870,983_-1_-1,,,,,,,,,,,,,,,,,,,,,,,,,,,,,,,,,,,,,,,
12871,983_-1_-1,,,,,,,,,,,,,,,,,,,,,,,,,,,,,,,,,,,,,,,
12872,983_-1_-1,,,,,,,,,,,,,,,,,,,,,,,,,,,,,,,,,,,,,,,
12873,983_-1_-1,,,,,,,,,,,,,,,,,,,,,,,,,,,,,,,,,,,,,,,
12874,983_-1_-1,,,,,,,,,,,,,,,,,,,,,,,,,,,,,,,,,,,,,,,
12875,983_-1_-1,,,,,,,,,,,,,,,,,,,,,,,,,,,,,,,,,,,,,,,
12876,983_-1_-1,,,,,,,,,,,,,,,,,,,,,,,,,,,,,,,,,,,,,,,
12877,983_-1_-1,,,,,,,,,,,,,,,,,,,,,,,,,,,,,,,,,,,,,,,
12878,983_-1_-1,,,,,,,,,,,,,,,,,,,,,,,,,,,,,,,,,,,,,,,
12879,983_-1_-1,,,,,,,,,,,,,,,,,,,,,,,,,,,,,,,,,,,,,,,
12880,983_-1_-1,,,,,,,,,,,,,,,,,,,,,,,,,,,,,,,,,,,,,,,
12881,983_-1_-1,,,,,,,,,,,,,,,,,,,,,,,,,,,,,,,,,,,,,,,
12882,983_-1_-1,,,,,,,,,,,,,,,,,,,,,,,,,,,,,,,,,,,,,,,
12935,973_52_52,971_1_1,972_1_1,983_190_190,808_64_64,974_0_0,975_?_?,,,,,,,,,,,,,,,,,,,,,,,,,,,,,,,,,
12936,973_11_11,971_1_1,972_1_1,983_190_190,808_64_64,974_0_0,975_?_?,,,,,,,,,,,,,,,,,,,,,,,,,,,,,,,,,
12937,973_10_10,971_1_1,972_1_1,983_190_190,808_64_64,974_0_0,975_?_?,,,,,,,,,,,,,,,,,,,,,,,,,,,,,,,,,
12939,983_-1_-1,,,,,,,,,,,,,,,,,,,,,,,,,,,,,,,,,,,,,,,
12940,983_-1_-1,,,,,,,,,,,,,,,,,,,,,,,,,,,,,,,,,,,,,,,
12941,983_-1_-1,,,,,,,,,,,,,,,,,,,,,,,,,,,,,,,,,,,,,,,
12942,983_-1_-1,,,,,,,,,,,,,,,,,,,,,,,,,,,,,,,,,,,,,,,
12943,983_-1_-1,,,,,,,,,,,,,,,,,,,,,,,,,,,,,,,,,,,,,,,
12944,983_-1_-1,,,,,,,,,,,,,,,,,,,,,,,,,,,,,,,,,,,,,,,
12945,983_-1_-1,,,,,,,,,,,,,,,,,,,,,,,,,,,,,,,,,,,,,,,
12946,983_-1_-1,,,,,,,,,,,,,,,,,,,,,,,,,,,,,,,,,,,,,,,
12947,983_-1_-1,,,,,,,,,,,,,,,,,,,,,,,,,,,,,,,,,,,,,,,
12948,983_-1_-1,,,,,,,,,,,,,,,,,,,,,,,,,,,,,,,,,,,,,,,
12949,983_-1_-1,,,,,,,,,,,,,,,,,,,,,,,,,,,,,,,,,,,,,,,
12950,983_-1_-1,,,,,,,,,,,,,,,,,,,,,,,,,,,,,,,,,,,,,,,
12951,983_-1_-1,,,,,,,,,,,,,,,,,,,,,,,,,,,,,,,,,,,,,,,
12952,983_-1_-1,,,,,,,,,,,,,,,,,,,,,,,,,,,,,,,,,,,,,,,
12953,983_-1_-1,,,,,,,,,,,,,,,,,,,,,,,,,,,,,,,,,,,,,,,
12954,983_190_190,,,,,,,,,,,,,,,,,,,,,,,,,,,,,,,,,,,,,,,
12955,983_-1_-1,,,,,,,,,,,,,,,,,,,,,,,,,,,,,,,,,,,,,,,
12956,983_-1_-1,,,,,,,,,,,,,,,,,,,,,,,,,,,,,,,,,,,,,,,
12957,983_-1_-1,,,,,,,,,,,,,,,,,,,,,,,,,,,,,,,,,,,,,,,
12958,983_?_?,,,,,,,,,,,,,,,,,,,,,,,,,,,,,,,,,,,,,,,
12959,983_?_?,,,,,,,,,,,,,,,,,,,,,,,,,,,,,,,,,,,,,,,
12960,983_?_?,,,,,,,,,,,,,,,,,,,,,,,,,,,,,,,,,,,,,,,
12961,983_-1_-1,,,,,,,,,,,,,,,,,,,,,,,,,,,,,,,,,,,,,,,
12962,983_-1_-1,,,,,,,,,,,,,,,,,,,,,,,,,,,,,,,,,,,,,,,
12963,983_-1_-1,,,,,,,,,,,,,,,,,,,,,,,,,,,,,,,,,,,,,,,
12964,983_64_64,,,,,,,,,,,,,,,,,,,,,,,,,,,,,,,,,,,,,,,
12965,983_64_64,,,,,,,,,,,,,,,,,,,,,,,,,,,,,,,,,,,,,,,
12988,-1_0_0,983_-1_-1,701_1_1,,,,,,,,,,,,,,,,,,,,,,,,,,,,,,,,,,,,,
12989,-1_0_0,983_-1_-1,701_1_1,,,,,,,,,,,,,,,,,,,,,,,,,,,,,,,,,,,,,
13015,983_?_?,,,,,,,,,,,,,,,,,,,,,,,,,,,,,,,,,,,,,,,
13016,983_?_?,,,,,,,,,,,,,,,,,,,,,,,,,,,,,,,,,,,,,,,
13017,983_?_?,,,,,,,,,,,,,,,,,,,,,,,,,,,,,,,,,,,,,,,
13018,983_?_?,,,,,,,,,,,,,,,,,,,,,,,,,,,,,,,,,,,,,,,
13019,983_?_?,,,,,,,,,,,,,,,,,,,,,,,,,,,,,,,,,,,,,,,
13020,983_?_?,,,,,,,,,,,,,,,,,,,,,,,,,,,,,,,,,,,,,,,
13021,983_?_?,,,,,,,,,,,,,,,,,,,,,,,,,,,,,,,,,,,,,,,
13022,983_?_?,,,,,,,,,,,,,,,,,,,,,,,,,,,,,,,,,,,,,,,
13023,983_?_?,,,,,,,,,,,,,,,,,,,,,,,,,,,,,,,,,,,,,,,
13024,983_?_?,,,,,,,,,,,,,,,,,,,,,,,,,,,,,,,,,,,,,,,
13025,983_?_?,,,,,,,,,,,,,,,,,,,,,,,,,,,,,,,,,,,,,,,
13026,983_?_?,,,,,,,,,,,,,,,,,,,,,,,,,,,,,,,,,,,,,,,
13027,983_?_?,,,,,,,,,,,,,,,,,,,,,,,,,,,,,,,,,,,,,,,
13028,983_?_?,,,,,,,,,,,,,,,,,,,,,,,,,,,,,,,,,,,,,,,
13029,983_?_?,,,,,,,,,,,,,,,,,,,,,,,,,,,,,,,,,,,,,,,
13030,983_?_?,,,,,,,,,,,,,,,,,,,,,,,,,,,,,,,,,,,,,,,
13031,983_?_?,,,,,,,,,,,,,,,,,,,,,,,,,,,,,,,,,,,,,,,
13032,983_?_?,,,,,,,,,,,,,,,,,,,,,,,,,,,,,,,,,,,,,,,
13033,983_?_?,,,,,,,,,,,,,,,,,,,,,,,,,,,,,,,,,,,,,,,
13034,983_?_?,,,,,,,,,,,,,,,,,,,,,,,,,,,,,,,,,,,,,,,
13035,983_?_?,,,,,,,,,,,,,,,,,,,,,,,,,,,,,,,,,,,,,,,
13036,983_?_?,,,,,,,,,,,,,,,,,,,,,,,,,,,,,,,,,,,,,,,
13037,983_?_?,,,,,,,,,,,,,,,,,,,,,,,,,,,,,,,,,,,,,,,
13038,983_?_?,,,,,,,,,,,,,,,,,,,,,,,,,,,,,,,,,,,,,,,
13039,100_36_60,983_-1_-1,,,,,,,,,,,,,,,,,,,,,,,,,,,,,,,,,,,,,,
13040,983_-1_-1,,,,,,,,,,,,,,,,,,,,,,,,,,,,,,,,,,,,,,,
13041,983_-1_-1,,,,,,,,,,,,,,,,,,,,,,,,,,,,,,,,,,,,,,,
13042,983_-1_-1,,,,,,,,,,,,,,,,,,,,,,,,,,,,,,,,,,,,,,,
13043,983_-1_-1,,,,,,,,,,,,,,,,,,,,,,,,,,,,,,,,,,,,,,,
13044,983_?_?,,,,,,,,,,,,,,,,,,,,,,,,,,,,,,,,,,,,,,,
13045,983_?_?,,,,,,,,,,,,,,,,,,,,,,,,,,,,,,,,,,,,,,,
13046,983_?_?,,,,,,,,,,,,,,,,,,,,,,,,,,,,,,,,,,,,,,,
13047,800_?_?,808_64_64,983_?_?,,,,,,,,,,,,,,,,,,,,,,,,,,,,,,,,,,,,,
13049,983_?_?,,,,,,,,,,,,,,,,,,,,,,,,,,,,,,,,,,,,,,,
13050,983_?_?,,,,,,,,,,,,,,,,,,,,,,,,,,,,,,,,,,,,,,,
13051,983_?_?,,,,,,,,,,,,,,,,,,,,,,,,,,,,,,,,,,,,,,,
13052,800_?_?,808_64_64,983_?_?,,,,,,,,,,,,,,,,,,,,,,,,,,,,,,,,,,,,,
13054,983_?_?,,,,,,,,,,,,,,,,,,,,,,,,,,,,,,,,,,,,,,,
13055,983_?_?,,,,,,,,,,,,,,,,,,,,,,,,,,,,,,,,,,,,,,,
13056,983_?_?,,,,,,,,,,,,,,,,,,,,,,,,,,,,,,,,,,,,,,,
13057,800_?_?,808_64_64,983_?_?,,,,,,,,,,,,,,,,,,,,,,,,,,,,,,,,,,,,,
13059,983_?_?,,,,,,,,,,,,,,,,,,,,,,,,,,,,,,,,,,,,,,,
13060,983_?_?,,,,,,,,,,,,,,,,,,,,,,,,,,,,,,,,,,,,,,,
13061,983_?_?,,,,,,,,,,,,,,,,,,,,,,,,,,,,,,,,,,,,,,,
13062,800_?_?,808_64_64,983_?_?,,,,,,,,,,,,,,,,,,,,,,,,,,,,,,,,,,,,,
13064,983_?_?,,,,,,,,,,,,,,,,,,,,,,,,,,,,,,,,,,,,,,,
13065,983_?_?,,,,,,,,,,,,,,,,,,,,,,,,,,,,,,,,,,,,,,,
13066,983_?_?,,,,,,,,,,,,,,,,,,,,,,,,,,,,,,,,,,,,,,,
13067,983_?_?,,,,,,,,,,,,,,,,,,,,,,,,,,,,,,,,,,,,,,,
13068,983_190_190,,,,,,,,,,,,,,,,,,,,,,,,,,,,,,,,,,,,,,,
13072,939_?_?,,,,,,,,,,,,,,,,,,,,,,,,,,,,,,,,,,,,,,,
13073,939_?_?,,,,,,,,,,,,,,,,,,,,,,,,,,,,,,,,,,,,,,,
13074,939_3301_3301,,,,,,,,,,,,,,,,,,,,,,,,,,,,,,,,,,,,,,,
13075,939_3306_3306,,,,,,,,,,,,,,,,,,,,,,,,,,,,,,,,,,,,,,,
13081,2146_0_0,521_0_0,983_-1_-1,,,,,,,,,,,,,,,,,,,,,,,,,,,,,,,,,,,,,
13082,2146_0_0,521_0_0,983_-1_-1,,,,,,,,,,,,,,,,,,,,,,,,,,,,,,,,,,,,,
13083,2146_0_0,521_0_0,983_-1_-1,,,,,,,,,,,,,,,,,,,,,,,,,,,,,,,,,,,,,
13084,2146_0_0,521_0_0,983_-1_-1,,,,,,,,,,,,,,,,,,,,,,,,,,,,,,,,,,,,,
13085,2146_0_0,521_0_0,983_-1_-1,,,,,,,,,,,,,,,,,,,,,,,,,,,,,,,,,,,,,
13086,2146_0_0,521_0_0,983_-1_-1,,,,,,,,,,,,,,,,,,,,,,,,,,,,,,,,,,,,,
13087,521_0_0,983_-1_-1,,,,,,,,,,,,,,,,,,,,,,,,,,,,,,,,,,,,,,
13088,521_0_0,983_-1_-1,,,,,,,,,,,,,,,,,,,,,,,,,,,,,,,,,,,,,,
13089,521_0_0,983_-1_-1,,,,,,,,,,,,,,,,,,,,,,,,,,,,,,,,,,,,,,
13090,521_0_0,983_-1_-1,,,,,,,,,,,,,,,,,,,,,,,,,,,,,,,,,,,,,,
13091,521_0_0,983_-1_-1,,,,,,,,,,,,,,,,,,,,,,,,,,,,,,,,,,,,,,
13092,521_0_0,983_-1_-1,,,,,,,,,,,,,,,,,,,,,,,,,,,,,,,,,,,,,,
13093,2146_0_0,521_0_0,983_-1_-1,,,,,,,,,,,,,,,,,,,,,,,,,,,,,,,,,,,,,
13094,521_0_0,983_-1_-1,,,,,,,,,,,,,,,,,,,,,,,,,,,,,,,,,,,,,,
13095,973_11_11,971_1_1,972_1_1,808_64_64,974_0_0,975_6_6,724_46_46,723_6_6,,,,,,,,,,,,,,,,,,,,,,,,,,,,,,,,
13096,983_?_?,,,,,,,,,,,,,,,,,,,,,,,,,,,,,,,,,,,,,,,
13097,983_?_?,,,,,,,,,,,,,,,,,,,,,,,,,,,,,,,,,,,,,,,
13098,983_?_?,,,,,,,,,,,,,,,,,,,,,,,,,,,,,,,,,,,,,,,
13099,983_?_?,,,,,,,,,,,,,,,,,,,,,,,,,,,,,,,,,,,,,,,
13101,239_0_0,811_3_3,,,,,,,,,,,,,,,,,,,,,,,,,,,,,,,,,,,,,,
13102,239_0_0,811_3_3,,,,,,,,,,,,,,,,,,,,,,,,,,,,,,,,,,,,,,
13103,239_0_0,811_3_3,,,,,,,,,,,,,,,,,,,,,,,,,,,,,,,,,,,,,,
13104,239_0_0,811_3_3,,,,,,,,,,,,,,,,,,,,,,,,,,,,,,,,,,,,,,
13105,239_0_0,811_3_3,,,,,,,,,,,,,,,,,,,,,,,,,,,,,,,,,,,,,,
13106,2149_?_?,,,,,,,,,,,,,,,,,,,,,,,,,,,,,,,,,,,,,,,
13107,2149_?_?,,,,,,,,,,,,,,,,,,,,,,,,,,,,,,,,,,,,,,,
13108,2149_?_?,,,,,,,,,,,,,,,,,,,,,,,,,,,,,,,,,,,,,,,
13109,2149_?_?,,,,,,,,,,,,,,,,,,,,,,,,,,,,,,,,,,,,,,,
13110,2149_?_?,,,,,,,,,,,,,,,,,,,,,,,,,,,,,,,,,,,,,,,
13111,2149_?_?,,,,,,,,,,,,,,,,,,,,,,,,,,,,,,,,,,,,,,,
13112,2149_?_?,,,,,,,,,,,,,,,,,,,,,,,,,,,,,,,,,,,,,,,
13113,983_-1_-1,,,,,,,,,,,,,,,,,,,,,,,,,,,,,,,,,,,,,,,
13114,983_?_?,,,,,,,,,,,,,,,,,,,,,,,,,,,,,,,,,,,,,,,
13115,983_?_?,,,,,,,,,,,,,,,,,,,,,,,,,,,,,,,,,,,,,,,
13116,983_?_?,,,,,,,,,,,,,,,,,,,,,,,,,,,,,,,,,,,,,,,
13117,2150_?_?,,,,,,,,,,,,,,,,,,,,,,,,,,,,,,,,,,,,,,,
13118,2150_3340_3340,,,,,,,,,,,,,,,,,,,,,,,,,,,,,,,,,,,,,,,
13119,128_1_1,811_5_5,,,,,,,,,,,,,,,,,,,,,,,,,,,,,,,,,,,,,,
13120,117_2_2,811_5_5,,,,,,,,,,,,,,,,,,,,,,,,,,,,,,,,,,,,,,
13121,983_?_?,,,,,,,,,,,,,,,,,,,,,,,,,,,,,,,,,,,,,,,
13122,983_?_?,,,,,,,,,,,,,,,,,,,,,,,,,,,,,,,,,,,,,,,
13123,983_?_?,,,,,,,,,,,,,,,,,,,,,,,,,,,,,,,,,,,,,,,
13124,983_?_?,,,,,,,,,,,,,,,,,,,,,,,,,,,,,,,,,,,,,,,
13125,983_?_?,,,,,,,,,,,,,,,,,,,,,,,,,,,,,,,,,,,,,,,
13126,983_?_?,,,,,,,,,,,,,,,,,,,,,,,,,,,,,,,,,,,,,,,
13127,601_128_128,193_3347_3347,983_-1_-1,,,,,,,,,,,,,,,,,,,,,,,,,,,,,,,,,,,,,
13128,983_?_?,,,,,,,,,,,,,,,,,,,,,,,,,,,,,,,,,,,,,,,
13129,983_?_?,,,,,,,,,,,,,,,,,,,,,,,,,,,,,,,,,,,,,,,
13130,983_?_?,,,,,,,,,,,,,,,,,,,,,,,,,,,,,,,,,,,,,,,
13131,983_?_?,,,,,,,,,,,,,,,,,,,,,,,,,,,,,,,,,,,,,,,
13132,983_?_?,,,,,,,,,,,,,,,,,,,,,,,,,,,,,,,,,,,,,,,
13133,983_?_?,,,,,,,,,,,,,,,,,,,,,,,,,,,,,,,,,,,,,,,
13134,724_47_47,,,,,,,,,,,,,,,,,,,,,,,,,,,,,,,,,,,,,,,
13135,983_?_?,,,,,,,,,,,,,,,,,,,,,,,,,,,,,,,,,,,,,,,
13136,983_?_?,,,,,,,,,,,,,,,,,,,,,,,,,,,,,,,,,,,,,,,
13137,983_?_?,,,,,,,,,,,,,,,,,,,,,,,,,,,,,,,,,,,,,,,
13138,983_?_?,,,,,,,,,,,,,,,,,,,,,,,,,,,,,,,,,,,,,,,
13139,983_?_?,,,,,,,,,,,,,,,,,,,,,,,,,,,,,,,,,,,,,,,
13140,983_?_?,,,,,,,,,,,,,,,,,,,,,,,,,,,,,,,,,,,,,,,
13141,983_?_?,,,,,,,,,,,,,,,,,,,,,,,,,,,,,,,,,,,,,,,
13142,983_?_?,,,,,,,,,,,,,,,,,,,,,,,,,,,,,,,,,,,,,,,
13143,983_?_?,,,,,,,,,,,,,,,,,,,,,,,,,,,,,,,,,,,,,,,
13144,983_-1_-1,,,,,,,,,,,,,,,,,,,,,,,,,,,,,,,,,,,,,,,
13145,983_-1_-1,,,,,,,,,,,,,,,,,,,,,,,,,,,,,,,,,,,,,,,
13146,983_-1_-1,,,,,,,,,,,,,,,,,,,,,,,,,,,,,,,,,,,,,,,
13147,983_-1_-1,,,,,,,,,,,,,,,,,,,,,,,,,,,,,,,,,,,,,,,
13148,983_-1_-1,,,,,,,,,,,,,,,,,,,,,,,,,,,,,,,,,,,,,,,
13150,724_48_48,,,,,,,,,,,,,,,,,,,,,,,,,,,,,,,,,,,,,,,
13151,983_?_?,,,,,,,,,,,,,,,,,,,,,,,,,,,,,,,,,,,,,,,
13152,983_?_?,,,,,,,,,,,,,,,,,,,,,,,,,,,,,,,,,,,,,,,
13153,983_?_?,,,,,,,,,,,,,,,,,,,,,,,,,,,,,,,,,,,,,,,
13154,983_?_?,,,,,,,,,,,,,,,,,,,,,,,,,,,,,,,,,,,,,,,
13155,983_?_?,,,,,,,,,,,,,,,,,,,,,,,,,,,,,,,,,,,,,,,
13156,983_?_?,,,,,,,,,,,,,,,,,,,,,,,,,,,,,,,,,,,,,,,
13157,724_49_49,,,,,,,,,,,,,,,,,,,,,,,,,,,,,,,,,,,,,,,
13158,983_?_?,,,,,,,,,,,,,,,,,,,,,,,,,,,,,,,,,,,,,,,
13159,724_?_?,,,,,,,,,,,,,,,,,,,,,,,,,,,,,,,,,,,,,,,
13160,724_?_?,983_-1_-1,,,,,,,,,,,,,,,,,,,,,,,,,,,,,,,,,,,,,,
13161,724_?_?,983_-1_-1,,,,,,,,,,,,,,,,,,,,,,,,,,,,,,,,,,,,,,
13166,174_101_150,125_201_250,118_31_50,119_46_65,242_3_5,243_3_5,124_31_40,176_16_25,210_3_5,212_3_5,112_5_7,182_1_1,100_10_17,97_10_17,93_4_6,101_1_1,,,,,,,,,,,,,,,,,,,,,,,,
13167,125_251_300,118_31_50,119_31_50,138_11_20,242_3_5,243_3_5,124_21_30,176_16_25,210_6_10,112_6_10,115_2_4,117_1_1,,,,,,,,,,,,,,,,,,,,,,,,,,,,
13168,125_251_300,118_31_50,119_31_50,124_21_30,176_21_30,213_6_10,112_6_10,182_1_1,115_2_4,117_1_1,111_1_1,,,,,,,,,,,,,,,,,,,,,,,,,,,,,
13169,125_201_250,118_45_65,119_31_50,242_3_5,243_3_5,124_21_35,176_21_30,214_6_10,216_5_5,212_6_10,112_6_10,115_2_4,128_1_1,,,,,,,,,,,,,,,,,,,,,,,,,,,
13170,125_251_300,123_41_60,138_11_20,124_31_40,176_21_30,214_6_10,213_6_10,112_6_10,178_3_5,115_3_5,,,,,,,,,,,,,,,,,,,,,,,,,,,,,,
13171,812_5_5,241_20_20,242_20_20,,,,,,,,,,,,,,,,,,,,,,,,,,,,,,,,,,,,,
13187,110_200_200,,,,,,,,,,,,,,,,,,,,,,,,,,,,,,,,,,,,,,,
13188,110_300_300,,,,,,,,,,,,,,,,,,,,,,,,,,,,,,,,,,,,,,,
13189,110_400_400,,,,,,,,,,,,,,,,,,,,,,,,,,,,,,,,,,,,,,,
13190,608_1_1,110_500_500,,,,,,,,,,,,,,,,,,,,,,,,,,,,,,,,,,,,,,
13192,628_?_?,628_?_?,628_?_?,628_?_?,628_?_?,,,,,,,,,,,,,,,,,,,,,,,,,,,,,,,,,,,
13193,983_?_?,,,,,,,,,,,,,,,,,,,,,,,,,,,,,,,,,,,,,,,
13194,983_?_?,,,,,,,,,,,,,,,,,,,,,,,,,,,,,,,,,,,,,,,
13195,983_?_?,,,,,,,,,,,,,,,,,,,,,,,,,,,,,,,,,,,,,,,
13196,983_?_?,,,,,,,,,,,,,,,,,,,,,,,,,,,,,,,,,,,,,,,
13199,724_?_?,983_-1_-1,,,,,,,,,,,,,,,,,,,,,,,,,,,,,,,,,,,,,,
13200,724_?_?,983_-1_-1,,,,,,,,,,,,,,,,,,,,,,,,,,,,,,,,,,,,,,
13201,724_50_50,983_-1_-1,,,,,,,,,,,,,,,,,,,,,,,,,,,,,,,,,,,,,,
13202,724_51_51,983_-1_-1,,,,,,,,,,,,,,,,,,,,,,,,,,,,,,,,,,,,,,
13203,724_55_55,983_-1_-1,,,,,,,,,,,,,,,,,,,,,,,,,,,,,,,,,,,,,,
13205,100_12_18,101_1_1,983_64_64,,,,,,,,,,,,,,,,,,,,,,,,,,,,,,,,,,,,,
13206,100_12_18,101_1_1,983_64_64,,,,,,,,,,,,,,,,,,,,,,,,,,,,,,,,,,,,,
13207,100_12_18,101_1_1,983_64_64,,,,,,,,,,,,,,,,,,,,,,,,,,,,,,,,,,,,,
13208,100_9_15,101_1_1,983_64_64,,,,,,,,,,,,,,,,,,,,,,,,,,,,,,,,,,,,,
13209,100_12_18,101_1_1,983_64_64,,,,,,,,,,,,,,,,,,,,,,,,,,,,,,,,,,,,,
13210,100_12_18,101_1_1,983_64_64,,,,,,,,,,,,,,,,,,,,,,,,,,,,,,,,,,,,,
13211,100_10_15,101_1_1,983_64_64,,,,,,,,,,,,,,,,,,,,,,,,,,,,,,,,,,,,,
13212,100_12_18,101_1_1,983_64_64,,,,,,,,,,,,,,,,,,,,,,,,,,,,,,,,,,,,,
13213,100_9_14,101_1_1,983_64_64,,,,,,,,,,,,,,,,,,,,,,,,,,,,,,,,,,,,,
13214,100_12_18,101_1_1,983_64_64,,,,,,,,,,,,,,,,,,,,,,,,,,,,,,,,,,,,,
13215,100_9_15,101_1_1,983_64_64,,,,,,,,,,,,,,,,,,,,,,,,,,,,,,,,,,,,,
13216,100_12_18,101_1_1,983_64_64,,,,,,,,,,,,,,,,,,,,,,,,,,,,,,,,,,,,,
13218,724_41_41,,,,,,,,,,,,,,,,,,,,,,,,,,,,,,,,,,,,,,,
13219,724_?_?,,,,,,,,,,,,,,,,,,,,,,,,,,,,,,,,,,,,,,,
13220,724_40_40,,,,,,,,,,,,,,,,,,,,,,,,,,,,,,,,,,,,,,,
13221,229_?_?,983_-1_-1,,,,,,,,,,,,,,,,,,,,,,,,,,,,,,,,,,,,,,
13222,722_?_?,214_5_5,211_5_5,213_5_5,210_5_5,212_5_5,,,,,,,,,,,,,,,,,,,,,,,,,,,,,,,,,,
13224,983_?_?,,,,,,,,,,,,,,,,,,,,,,,,,,,,,,,,,,,,,,,
13225,983_?_?,,,,,,,,,,,,,,,,,,,,,,,,,,,,,,,,,,,,,,,
13226,983_?_?,,,,,,,,,,,,,,,,,,,,,,,,,,,,,,,,,,,,,,,
13227,983_?_?,,,,,,,,,,,,,,,,,,,,,,,,,,,,,,,,,,,,,,,
13228,983_?_?,,,,,,,,,,,,,,,,,,,,,,,,,,,,,,,,,,,,,,,
13229,983_?_?,,,,,,,,,,,,,,,,,,,,,,,,,,,,,,,,,,,,,,,
13230,983_?_?,,,,,,,,,,,,,,,,,,,,,,,,,,,,,,,,,,,,,,,
13231,983_?_?,,,,,,,,,,,,,,,,,,,,,,,,,,,,,,,,,,,,,,,
13232,805_64_64,,,,,,,,,,,,,,,,,,,,,,,,,,,,,,,,,,,,,,,
13233,983_?_?,,,,,,,,,,,,,,,,,,,,,,,,,,,,,,,,,,,,,,,
13234,724_56_56,,,,,,,,,,,,,,,,,,,,,,,,,,,,,,,,,,,,,,,
13235,724_57_57,,,,,,,,,,,,,,,,,,,,,,,,,,,,,,,,,,,,,,,
13236,724_58_58,,,,,,,,,,,,,,,,,,,,,,,,,,,,,,,,,,,,,,,
13237,724_59_59,,,,,,,,,,,,,,,,,,,,,,,,,,,,,,,,,,,,,,,
13240,983_64_64,,,,,,,,,,,,,,,,,,,,,,,,,,,,,,,,,,,,,,,
13241,724_?_?,,,,,,,,,,,,,,,,,,,,,,,,,,,,,,,,,,,,,,,
13242,724_?_?,,,,,,,,,,,,,,,,,,,,,,,,,,,,,,,,,,,,,,,
13243,724_?_?,,,,,,,,,,,,,,,,,,,,,,,,,,,,,,,,,,,,,,,
13244,724_?_?,,,,,,,,,,,,,,,,,,,,,,,,,,,,,,,,,,,,,,,
13245,724_60_60,,,,,,,,,,,,,,,,,,,,,,,,,,,,,,,,,,,,,,,
13246,983_64_64,,,,,,,,,,,,,,,,,,,,,,,,,,,,,,,,,,,,,,,
13247,983_64_64,,,,,,,,,,,,,,,,,,,,,,,,,,,,,,,,,,,,,,,
13248,983_64_64,,,,,,,,,,,,,,,,,,,,,,,,,,,,,,,,,,,,,,,
13249,983_64_64,,,,,,,,,,,,,,,,,,,,,,,,,,,,,,,,,,,,,,,
13250,983_64_64,,,,,,,,,,,,,,,,,,,,,,,,,,,,,,,,,,,,,,,
13255,805_64_64,,,,,,,,,,,,,,,,,,,,,,,,,,,,,,,,,,,,,,,
13260,2151_0_0,,,,,,,,,,,,,,,,,,,,,,,,,,,,,,,,,,,,,,,
13261,2184_1_1,2151_0_0,,,,,,,,,,,,,,,,,,,,,,,,,,,,,,,,,,,,,,
13262,2151_0_0,,,,,,,,,,,,,,,,,,,,,,,,,,,,,,,,,,,,,,,
13263,983_?_?,,,,,,,,,,,,,,,,,,,,,,,,,,,,,,,,,,,,,,,
13264,983_?_?,,,,,,,,,,,,,,,,,,,,,,,,,,,,,,,,,,,,,,,
13265,983_190_190,724_61_61,,,,,,,,,,,,,,,,,,,,,,,,,,,,,,,,,,,,,,
13266,983_190_190,724_61_61,,,,,,,,,,,,,,,,,,,,,,,,,,,,,,,,,,,,,,
13267,983_190_190,,,,,,,,,,,,,,,,,,,,,,,,,,,,,,,,,,,,,,,
13268,983_190_190,,,,,,,,,,,,,,,,,,,,,,,,,,,,,,,,,,,,,,,
13269,983_190_190,,,,,,,,,,,,,,,,,,,,,,,,,,,,,,,,,,,,,,,
13270,983_190_190,,,,,,,,,,,,,,,,,,,,,,,,,,,,,,,,,,,,,,,
13271,983_190_190,,,,,,,,,,,,,,,,,,,,,,,,,,,,,,,,,,,,,,,
13272,983_190_190,,,,,,,,,,,,,,,,,,,,,,,,,,,,,,,,,,,,,,,
13273,983_190_190,,,,,,,,,,,,,,,,,,,,,,,,,,,,,,,,,,,,,,,
13274,983_190_190,,,,,,,,,,,,,,,,,,,,,,,,,,,,,,,,,,,,,,,
13275,983_190_190,,,,,,,,,,,,,,,,,,,,,,,,,,,,,,,,,,,,,,,
13276,983_190_190,,,,,,,,,,,,,,,,,,,,,,,,,,,,,,,,,,,,,,,
13277,983_190_190,,,,,,,,,,,,,,,,,,,,,,,,,,,,,,,,,,,,,,,
13278,983_190_190,,,,,,,,,,,,,,,,,,,,,,,,,,,,,,,,,,,,,,,
13279,983_190_190,724_61_61,,,,,,,,,,,,,,,,,,,,,,,,,,,,,,,,,,,,,,
13280,983_190_190,724_61_61,,,,,,,,,,,,,,,,,,,,,,,,,,,,,,,,,,,,,,
13281,805_64_64,,,,,,,,,,,,,,,,,,,,,,,,,,,,,,,,,,,,,,,
13282,216_2_8,111_1_1,100_3_7,,,,,,,,,,,,,,,,,,,,,,,,,,,,,,,,,,,,,
13283,983_?_?,,,,,,,,,,,,,,,,,,,,,,,,,,,,,,,,,,,,,,,
13284,983_?_?,,,,,,,,,,,,,,,,,,,,,,,,,,,,,,,,,,,,,,,
13285,983_?_?,,,,,,,,,,,,,,,,,,,,,,,,,,,,,,,,,,,,,,,
13286,983_?_?,,,,,,,,,,,,,,,,,,,,,,,,,,,,,,,,,,,,,,,
13287,983_?_?,,,,,,,,,,,,,,,,,,,,,,,,,,,,,,,,,,,,,,,
13288,983_?_?,,,,,,,,,,,,,,,,,,,,,,,,,,,,,,,,,,,,,,,
13289,983_?_?,,,,,,,,,,,,,,,,,,,,,,,,,,,,,,,,,,,,,,,
13290,983_?_?,,,,,,,,,,,,,,,,,,,,,,,,,,,,,,,,,,,,,,,
13291,983_?_?,,,,,,,,,,,,,,,,,,,,,,,,,,,,,,,,,,,,,,,
13292,983_?_?,,,,,,,,,,,,,,,,,,,,,,,,,,,,,,,,,,,,,,,
13293,983_?_?,,,,,,,,,,,,,,,,,,,,,,,,,,,,,,,,,,,,,,,
13294,983_?_?,,,,,,,,,,,,,,,,,,,,,,,,,,,,,,,,,,,,,,,
13295,983_?_?,,,,,,,,,,,,,,,,,,,,,,,,,,,,,,,,,,,,,,,
13297,2050_0_0,,,,,,,,,,,,,,,,,,,,,,,,,,,,,,,,,,,,,,,
13298,2050_0_0,,,,,,,,,,,,,,,,,,,,,,,,,,,,,,,,,,,,,,,
13299,2050_0_0,,,,,,,,,,,,,,,,,,,,,,,,,,,,,,,,,,,,,,,
13300,983_?_?,,,,,,,,,,,,,,,,,,,,,,,,,,,,,,,,,,,,,,,
13301,724_62_62,983_64_64,,,,,,,,,,,,,,,,,,,,,,,,,,,,,,,,,,,,,,
13302,-1_0_0,983_-1_-1,701_1_1,,,,,,,,,,,,,,,,,,,,,,,,,,,,,,,,,,,,,
13304,983_?_?,,,,,,,,,,,,,,,,,,,,,,,,,,,,,,,,,,,,,,,
13306,983_?_?,,,,,,,,,,,,,,,,,,,,,,,,,,,,,,,,,,,,,,,
13307,983_?_?,,,,,,,,,,,,,,,,,,,,,,,,,,,,,,,,,,,,,,,
13308,983_?_?,,,,,,,,,,,,,,,,,,,,,,,,,,,,,,,,,,,,,,,
13309,983_?_?,,,,,,,,,,,,,,,,,,,,,,,,,,,,,,,,,,,,,,,
13346,983_?_?,,,,,,,,,,,,,,,,,,,,,,,,,,,,,,,,,,,,,,,
13349,724_63_63,983_-1_-1,,,,,,,,,,,,,,,,,,,,,,,,,,,,,,,,,,,,,,
13350,983_?_?,,,,,,,,,,,,,,,,,,,,,,,,,,,,,,,,,,,,,,,
13352,983_64_64,,,,,,,,,,,,,,,,,,,,,,,,,,,,,,,,,,,,,,,
13353,983_64_64,,,,,,,,,,,,,,,,,,,,,,,,,,,,,,,,,,,,,,,
14001,2101_1_1,,,,,,,,,,,,,,,,,,,,,,,,,,,,,,,,,,,,,,,
14002,2101_2_2,,,,,,,,,,,,,,,,,,,,,,,,,,,,,,,,,,,,,,,
14003,2101_3_3,,,,,,,,,,,,,,,,,,,,,,,,,,,,,,,,,,,,,,,
14004,2101_4_4,,,,,,,,,,,,,,,,,,,,,,,,,,,,,,,,,,,,,,,
14005,2101_5_5,,,,,,,,,,,,,,,,,,,,,,,,,,,,,,,,,,,,,,,
14006,2101_6_6,,,,,,,,,,,,,,,,,,,,,,,,,,,,,,,,,,,,,,,
14007,2101_7_7,,,,,,,,,,,,,,,,,,,,,,,,,,,,,,,,,,,,,,,
14008,2101_8_8,,,,,,,,,,,,,,,,,,,,,,,,,,,,,,,,,,,,,,,
14009,2101_9_9,,,,,,,,,,,,,,,,,,,,,,,,,,,,,,,,,,,,,,,
14010,2101_?_?,,,,,,,,,,,,,,,,,,,,,,,,,,,,,,,,,,,,,,,
14012,2101_?_?,,,,,,,,,,,,,,,,,,,,,,,,,,,,,,,,,,,,,,,
14013,2101_?_?,,,,,,,,,,,,,,,,,,,,,,,,,,,,,,,,,,,,,,,
14014,2101_?_?,,,,,,,,,,,,,,,,,,,,,,,,,,,,,,,,,,,,,,,
14015,2101_?_?,,,,,,,,,,,,,,,,,,,,,,,,,,,,,,,,,,,,,,,
14016,2101_10_10,,,,,,,,,,,,,,,,,,,,,,,,,,,,,,,,,,,,,,,
14018,2101_12_12,,,,,,,,,,,,,,,,,,,,,,,,,,,,,,,,,,,,,,,
14019,2101_13_13,,,,,,,,,,,,,,,,,,,,,,,,,,,,,,,,,,,,,,,
14020,2101_14_14,,,,,,,,,,,,,,,,,,,,,,,,,,,,,,,,,,,,,,,
14021,2101_15_15,,,,,,,,,,,,,,,,,,,,,,,,,,,,,,,,,,,,,,,
14022,2101_16_16,,,,,,,,,,,,,,,,,,,,,,,,,,,,,,,,,,,,,,,
14023,2101_17_17,,,,,,,,,,,,,,,,,,,,,,,,,,,,,,,,,,,,,,,
14026,2101_?_?,,,,,,,,,,,,,,,,,,,,,,,,,,,,,,,,,,,,,,,
14027,2101_?_?,,,,,,,,,,,,,,,,,,,,,,,,,,,,,,,,,,,,,,,
14028,2101_?_?,,,,,,,,,,,,,,,,,,,,,,,,,,,,,,,,,,,,,,,
14029,2101_?_?,,,,,,,,,,,,,,,,,,,,,,,,,,,,,,,,,,,,,,,
14030,2101_?_?,,,,,,,,,,,,,,,,,,,,,,,,,,,,,,,,,,,,,,,
14031,2101_?_?,,,,,,,,,,,,,,,,,,,,,,,,,,,,,,,,,,,,,,,
14033,2101_21_21,,,,,,,,,,,,,,,,,,,,,,,,,,,,,,,,,,,,,,,
14034,2101_22_22,,,,,,,,,,,,,,,,,,,,,,,,,,,,,,,,,,,,,,,
14035,2101_23_23,,,,,,,,,,,,,,,,,,,,,,,,,,,,,,,,,,,,,,,
14036,2101_24_24,,,,,,,,,,,,,,,,,,,,,,,,,,,,,,,,,,,,,,,
14037,2101_25_25,,,,,,,,,,,,,,,,,,,,,,,,,,,,,,,,,,,,,,,
14038,2101_26_26,,,,,,,,,,,,,,,,,,,,,,,,,,,,,,,,,,,,,,,
14039,2101_27_27,,,,,,,,,,,,,,,,,,,,,,,,,,,,,,,,,,,,,,,
14040,2101_28_28,,,,,,,,,,,,,,,,,,,,,,,,,,,,,,,,,,,,,,,
14041,2101_29_29,,,,,,,,,,,,,,,,,,,,,,,,,,,,,,,,,,,,,,,
14042,2101_?_?,,,,,,,,,,,,,,,,,,,,,,,,,,,,,,,,,,,,,,,
14043,2101_?_?,,,,,,,,,,,,,,,,,,,,,,,,,,,,,,,,,,,,,,,
14044,2101_?_?,,,,,,,,,,,,,,,,,,,,,,,,,,,,,,,,,,,,,,,
14045,2101_?_?,,,,,,,,,,,,,,,,,,,,,,,,,,,,,,,,,,,,,,,
14046,2101_?_?,,,,,,,,,,,,,,,,,,,,,,,,,,,,,,,,,,,,,,,
14047,2101_?_?,,,,,,,,,,,,,,,,,,,,,,,,,,,,,,,,,,,,,,,
14048,2101_30_30,,,,,,,,,,,,,,,,,,,,,,,,,,,,,,,,,,,,,,,
14049,2101_31_31,,,,,,,,,,,,,,,,,,,,,,,,,,,,,,,,,,,,,,,
14050,2107_1_1,,,,,,,,,,,,,,,,,,,,,,,,,,,,,,,,,,,,,,,
14051,2107_2_2,,,,,,,,,,,,,,,,,,,,,,,,,,,,,,,,,,,,,,,
14052,2107_3_3,,,,,,,,,,,,,,,,,,,,,,,,,,,,,,,,,,,,,,,
14053,2107_4_4,,,,,,,,,,,,,,,,,,,,,,,,,,,,,,,,,,,,,,,
15001,2102_1_1,,,,,,,,,,,,,,,,,,,,,,,,,,,,,,,,,,,,,,,
15002,2102_2_2,,,,,,,,,,,,,,,,,,,,,,,,,,,,,,,,,,,,,,,
15003,2102_3_3,,,,,,,,,,,,,,,,,,,,,,,,,,,,,,,,,,,,,,,
15004,2102_4_4,,,,,,,,,,,,,,,,,,,,,,,,,,,,,,,,,,,,,,,
15005,2102_5_5,,,,,,,,,,,,,,,,,,,,,,,,,,,,,,,,,,,,,,,
15006,2102_6_6,,,,,,,,,,,,,,,,,,,,,,,,,,,,,,,,,,,,,,,
15007,2102_7_7,,,,,,,,,,,,,,,,,,,,,,,,,,,,,,,,,,,,,,,
15008,2102_8_8,,,,,,,,,,,,,,,,,,,,,,,,,,,,,,,,,,,,,,,
15009,2102_9_9,,,,,,,,,,,,,,,,,,,,,,,,,,,,,,,,,,,,,,,
15010,2102_?_?,,,,,,,,,,,,,,,,,,,,,,,,,,,,,,,,,,,,,,,
15011,2102_?_?,,,,,,,,,,,,,,,,,,,,,,,,,,,,,,,,,,,,,,,
15012,2102_?_?,,,,,,,,,,,,,,,,,,,,,,,,,,,,,,,,,,,,,,,
15013,2102_?_?,,,,,,,,,,,,,,,,,,,,,,,,,,,,,,,,,,,,,,,
15014,2102_?_?,,,,,,,,,,,,,,,,,,,,,,,,,,,,,,,,,,,,,,,
15015,2102_?_?,,,,,,,,,,,,,,,,,,,,,,,,,,,,,,,,,,,,,,,
15016,2102_10_10,,,,,,,,,,,,,,,,,,,,,,,,,,,,,,,,,,,,,,,
15017,2102_11_11,,,,,,,,,,,,,,,,,,,,,,,,,,,,,,,,,,,,,,,
15018,2102_12_12,,,,,,,,,,,,,,,,,,,,,,,,,,,,,,,,,,,,,,,
15019,2102_13_13,,,,,,,,,,,,,,,,,,,,,,,,,,,,,,,,,,,,,,,
15020,2102_14_14,,,,,,,,,,,,,,,,,,,,,,,,,,,,,,,,,,,,,,,
15021,2102_15_15,,,,,,,,,,,,,,,,,,,,,,,,,,,,,,,,,,,,,,,
15022,2102_16_16,,,,,,,,,,,,,,,,,,,,,,,,,,,,,,,,,,,,,,,
15023,2102_17_17,,,,,,,,,,,,,,,,,,,,,,,,,,,,,,,,,,,,,,,
15024,2102_18_18,,,,,,,,,,,,,,,,,,,,,,,,,,,,,,,,,,,,,,,
15025,2102_19_19,,,,,,,,,,,,,,,,,,,,,,,,,,,,,,,,,,,,,,,
15026,2102_?_?,,,,,,,,,,,,,,,,,,,,,,,,,,,,,,,,,,,,,,,
15027,2102_?_?,,,,,,,,,,,,,,,,,,,,,,,,,,,,,,,,,,,,,,,
15028,2102_?_?,,,,,,,,,,,,,,,,,,,,,,,,,,,,,,,,,,,,,,,
15029,2102_?_?,,,,,,,,,,,,,,,,,,,,,,,,,,,,,,,,,,,,,,,
15030,2102_?_?,,,,,,,,,,,,,,,,,,,,,,,,,,,,,,,,,,,,,,,
15031,2102_?_?,,,,,,,,,,,,,,,,,,,,,,,,,,,,,,,,,,,,,,,
15032,2102_20_20,,,,,,,,,,,,,,,,,,,,,,,,,,,,,,,,,,,,,,,
15033,2102_21_21,,,,,,,,,,,,,,,,,,,,,,,,,,,,,,,,,,,,,,,
15034,2102_22_22,,,,,,,,,,,,,,,,,,,,,,,,,,,,,,,,,,,,,,,
15035,2102_23_23,,,,,,,,,,,,,,,,,,,,,,,,,,,,,,,,,,,,,,,
15036,2102_24_24,,,,,,,,,,,,,,,,,,,,,,,,,,,,,,,,,,,,,,,
15037,2102_25_25,,,,,,,,,,,,,,,,,,,,,,,,,,,,,,,,,,,,,,,
15038,2102_26_26,,,,,,,,,,,,,,,,,,,,,,,,,,,,,,,,,,,,,,,
15039,2102_27_27,,,,,,,,,,,,,,,,,,,,,,,,,,,,,,,,,,,,,,,
15040,2102_28_28,,,,,,,,,,,,,,,,,,,,,,,,,,,,,,,,,,,,,,,
15041,2102_29_29,,,,,,,,,,,,,,,,,,,,,,,,,,,,,,,,,,,,,,,
15042,2102_?_?,,,,,,,,,,,,,,,,,,,,,,,,,,,,,,,,,,,,,,,
15043,2102_?_?,,,,,,,,,,,,,,,,,,,,,,,,,,,,,,,,,,,,,,,
15044,2102_?_?,,,,,,,,,,,,,,,,,,,,,,,,,,,,,,,,,,,,,,,
15045,2102_?_?,,,,,,,,,,,,,,,,,,,,,,,,,,,,,,,,,,,,,,,
15046,2102_?_?,,,,,,,,,,,,,,,,,,,,,,,,,,,,,,,,,,,,,,,
15047,2102_?_?,,,,,,,,,,,,,,,,,,,,,,,,,,,,,,,,,,,,,,,
15048,2102_30_30,,,,,,,,,,,,,,,,,,,,,,,,,,,,,,,,,,,,,,,
15049,2102_31_31,,,,,,,,,,,,,,,,,,,,,,,,,,,,,,,,,,,,,,,
15050,2102_32_32,,,,,,,,,,,,,,,,,,,,,,,,,,,,,,,,,,,,,,,
15051,2102_33_33,,,,,,,,,,,,,,,,,,,,,,,,,,,,,,,,,,,,,,,
15052,2102_34_34,,,,,,,,,,,,,,,,,,,,,,,,,,,,,,,,,,,,,,,
15053,2102_35_35,,,,,,,,,,,,,,,,,,,,,,,,,,,,,,,,,,,,,,,
15054,2102_36_36,,,,,,,,,,,,,,,,,,,,,,,,,,,,,,,,,,,,,,,
15055,2102_37_37,,,,,,,,,,,,,,,,,,,,,,,,,,,,,,,,,,,,,,,
15056,2102_38_38,,,,,,,,,,,,,,,,,,,,,,,,,,,,,,,,,,,,,,,
15057,2102_39_39,,,,,,,,,,,,,,,,,,,,,,,,,,,,,,,,,,,,,,,
15058,2102_?_?,,,,,,,,,,,,,,,,,,,,,,,,,,,,,,,,,,,,,,,
15059,2102_?_?,,,,,,,,,,,,,,,,,,,,,,,,,,,,,,,,,,,,,,,
15060,2102_?_?,,,,,,,,,,,,,,,,,,,,,,,,,,,,,,,,,,,,,,,
15061,2102_?_?,,,,,,,,,,,,,,,,,,,,,,,,,,,,,,,,,,,,,,,
15062,2102_?_?,,,,,,,,,,,,,,,,,,,,,,,,,,,,,,,,,,,,,,,
15063,2102_?_?,,,,,,,,,,,,,,,,,,,,,,,,,,,,,,,,,,,,,,,
15064,2102_40_40,,,,,,,,,,,,,,,,,,,,,,,,,,,,,,,,,,,,,,,
15065,2102_41_41,,,,,,,,,,,,,,,,,,,,,,,,,,,,,,,,,,,,,,,
15066,2102_42_42,,,,,,,,,,,,,,,,,,,,,,,,,,,,,,,,,,,,,,,
15067,2102_43_43,,,,,,,,,,,,,,,,,,,,,,,,,,,,,,,,,,,,,,,
15068,2102_44_44,,,,,,,,,,,,,,,,,,,,,,,,,,,,,,,,,,,,,,,
15069,2102_45_45,,,,,,,,,,,,,,,,,,,,,,,,,,,,,,,,,,,,,,,
15070,2102_46_46,,,,,,,,,,,,,,,,,,,,,,,,,,,,,,,,,,,,,,,
15071,2102_47_47,,,,,,,,,,,,,,,,,,,,,,,,,,,,,,,,,,,,,,,
15072,2102_48_48,,,,,,,,,,,,,,,,,,,,,,,,,,,,,,,,,,,,,,,
15073,2102_49_49,,,,,,,,,,,,,,,,,,,,,,,,,,,,,,,,,,,,,,,
15074,2102_?_?,,,,,,,,,,,,,,,,,,,,,,,,,,,,,,,,,,,,,,,
15075,2102_?_?,,,,,,,,,,,,,,,,,,,,,,,,,,,,,,,,,,,,,,,
15076,2102_?_?,,,,,,,,,,,,,,,,,,,,,,,,,,,,,,,,,,,,,,,
15077,2102_?_?,,,,,,,,,,,,,,,,,,,,,,,,,,,,,,,,,,,,,,,
15078,2102_?_?,,,,,,,,,,,,,,,,,,,,,,,,,,,,,,,,,,,,,,,
15079,2102_?_?,,,,,,,,,,,,,,,,,,,,,,,,,,,,,,,,,,,,,,,
15080,2102_50_50,,,,,,,,,,,,,,,,,,,,,,,,,,,,,,,,,,,,,,,
15081,2102_51_51,,,,,,,,,,,,,,,,,,,,,,,,,,,,,,,,,,,,,,,
15082,2102_52_52,,,,,,,,,,,,,,,,,,,,,,,,,,,,,,,,,,,,,,,
15083,2102_53_53,,,,,,,,,,,,,,,,,,,,,,,,,,,,,,,,,,,,,,,
15084,2102_54_54,,,,,,,,,,,,,,,,,,,,,,,,,,,,,,,,,,,,,,,
15085,2102_55_55,,,,,,,,,,,,,,,,,,,,,,,,,,,,,,,,,,,,,,,
15086,2102_56_56,,,,,,,,,,,,,,,,,,,,,,,,,,,,,,,,,,,,,,,
15087,2102_57_57,,,,,,,,,,,,,,,,,,,,,,,,,,,,,,,,,,,,,,,
15088,2102_58_58,,,,,,,,,,,,,,,,,,,,,,,,,,,,,,,,,,,,,,,
15089,2102_59_59,,,,,,,,,,,,,,,,,,,,,,,,,,,,,,,,,,,,,,,
15090,2102_?_?,,,,,,,,,,,,,,,,,,,,,,,,,,,,,,,,,,,,,,,
15091,2102_?_?,,,,,,,,,,,,,,,,,,,,,,,,,,,,,,,,,,,,,,,
15092,2102_?_?,,,,,,,,,,,,,,,,,,,,,,,,,,,,,,,,,,,,,,,
15093,2102_?_?,,,,,,,,,,,,,,,,,,,,,,,,,,,,,,,,,,,,,,,
15094,2102_?_?,,,,,,,,,,,,,,,,,,,,,,,,,,,,,,,,,,,,,,,
15095,2102_?_?,,,,,,,,,,,,,,,,,,,,,,,,,,,,,,,,,,,,,,,
15096,2102_60_60,,,,,,,,,,,,,,,,,,,,,,,,,,,,,,,,,,,,,,,
15097,2102_61_61,,,,,,,,,,,,,,,,,,,,,,,,,,,,,,,,,,,,,,,
15098,2102_62_62,,,,,,,,,,,,,,,,,,,,,,,,,,,,,,,,,,,,,,,
15099,2102_63_63,,,,,,,,,,,,,,,,,,,,,,,,,,,,,,,,,,,,,,,
15100,2102_64_64,,,,,,,,,,,,,,,,,,,,,,,,,,,,,,,,,,,,,,,
15101,2102_65_65,,,,,,,,,,,,,,,,,,,,,,,,,,,,,,,,,,,,,,,
15102,2102_66_66,,,,,,,,,,,,,,,,,,,,,,,,,,,,,,,,,,,,,,,
15103,2102_67_67,,,,,,,,,,,,,,,,,,,,,,,,,,,,,,,,,,,,,,,
15104,2102_68_68,,,,,,,,,,,,,,,,,,,,,,,,,,,,,,,,,,,,,,,
15105,2102_69_69,,,,,,,,,,,,,,,,,,,,,,,,,,,,,,,,,,,,,,,
15106,2102_?_?,,,,,,,,,,,,,,,,,,,,,,,,,,,,,,,,,,,,,,,
15107,2102_?_?,,,,,,,,,,,,,,,,,,,,,,,,,,,,,,,,,,,,,,,
15108,2102_?_?,,,,,,,,,,,,,,,,,,,,,,,,,,,,,,,,,,,,,,,
15109,2102_?_?,,,,,,,,,,,,,,,,,,,,,,,,,,,,,,,,,,,,,,,
15110,2102_?_?,,,,,,,,,,,,,,,,,,,,,,,,,,,,,,,,,,,,,,,
15111,2102_?_?,,,,,,,,,,,,,,,,,,,,,,,,,,,,,,,,,,,,,,,
15112,2102_70_70,,,,,,,,,,,,,,,,,,,,,,,,,,,,,,,,,,,,,,,
15113,2102_71_71,,,,,,,,,,,,,,,,,,,,,,,,,,,,,,,,,,,,,,,
15114,2102_72_72,,,,,,,,,,,,,,,,,,,,,,,,,,,,,,,,,,,,,,,
15115,2102_73_73,,,,,,,,,,,,,,,,,,,,,,,,,,,,,,,,,,,,,,,
15116,2102_74_74,,,,,,,,,,,,,,,,,,,,,,,,,,,,,,,,,,,,,,,
15117,2102_75_75,,,,,,,,,,,,,,,,,,,,,,,,,,,,,,,,,,,,,,,
15118,2102_76_76,,,,,,,,,,,,,,,,,,,,,,,,,,,,,,,,,,,,,,,
15119,2102_77_77,,,,,,,,,,,,,,,,,,,,,,,,,,,,,,,,,,,,,,,
15120,2102_78_78,,,,,,,,,,,,,,,,,,,,,,,,,,,,,,,,,,,,,,,
15121,2102_79_79,,,,,,,,,,,,,,,,,,,,,,,,,,,,,,,,,,,,,,,
15122,2102_?_?,,,,,,,,,,,,,,,,,,,,,,,,,,,,,,,,,,,,,,,
15123,2102_?_?,,,,,,,,,,,,,,,,,,,,,,,,,,,,,,,,,,,,,,,
15124,2102_?_?,,,,,,,,,,,,,,,,,,,,,,,,,,,,,,,,,,,,,,,
15125,2102_?_?,,,,,,,,,,,,,,,,,,,,,,,,,,,,,,,,,,,,,,,
15126,2102_?_?,,,,,,,,,,,,,,,,,,,,,,,,,,,,,,,,,,,,,,,
15127,2102_?_?,,,,,,,,,,,,,,,,,,,,,,,,,,,,,,,,,,,,,,,
15128,2102_80_80,,,,,,,,,,,,,,,,,,,,,,,,,,,,,,,,,,,,,,,
15129,2102_81_81,,,,,,,,,,,,,,,,,,,,,,,,,,,,,,,,,,,,,,,
15130,2102_82_82,,,,,,,,,,,,,,,,,,,,,,,,,,,,,,,,,,,,,,,
15131,2102_83_83,,,,,,,,,,,,,,,,,,,,,,,,,,,,,,,,,,,,,,,
15132,2102_84_84,,,,,,,,,,,,,,,,,,,,,,,,,,,,,,,,,,,,,,,
15133,2102_85_85,,,,,,,,,,,,,,,,,,,,,,,,,,,,,,,,,,,,,,,
15134,2102_86_86,,,,,,,,,,,,,,,,,,,,,,,,,,,,,,,,,,,,,,,
15135,2102_87_87,,,,,,,,,,,,,,,,,,,,,,,,,,,,,,,,,,,,,,,
15136,2102_88_88,,,,,,,,,,,,,,,,,,,,,,,,,,,,,,,,,,,,,,,
15137,2102_89_89,,,,,,,,,,,,,,,,,,,,,,,,,,,,,,,,,,,,,,,
15138,2102_?_?,,,,,,,,,,,,,,,,,,,,,,,,,,,,,,,,,,,,,,,
15139,2102_?_?,,,,,,,,,,,,,,,,,,,,,,,,,,,,,,,,,,,,,,,
15140,2102_?_?,,,,,,,,,,,,,,,,,,,,,,,,,,,,,,,,,,,,,,,
15141,2102_?_?,,,,,,,,,,,,,,,,,,,,,,,,,,,,,,,,,,,,,,,
15142,2102_?_?,,,,,,,,,,,,,,,,,,,,,,,,,,,,,,,,,,,,,,,
15143,2102_?_?,,,,,,,,,,,,,,,,,,,,,,,,,,,,,,,,,,,,,,,
15144,2102_90_90,,,,,,,,,,,,,,,,,,,,,,,,,,,,,,,,,,,,,,,
15145,2102_91_91,,,,,,,,,,,,,,,,,,,,,,,,,,,,,,,,,,,,,,,
15146,2102_92_92,,,,,,,,,,,,,,,,,,,,,,,,,,,,,,,,,,,,,,,
15147,2102_93_93,,,,,,,,,,,,,,,,,,,,,,,,,,,,,,,,,,,,,,,
15148,2102_94_94,,,,,,,,,,,,,,,,,,,,,,,,,,,,,,,,,,,,,,,
15149,2102_95_95,,,,,,,,,,,,,,,,,,,,,,,,,,,,,,,,,,,,,,,
15150,2102_96_96,,,,,,,,,,,,,,,,,,,,,,,,,,,,,,,,,,,,,,,
15151,2102_97_97,,,,,,,,,,,,,,,,,,,,,,,,,,,,,,,,,,,,,,,
15152,2102_98_98,,,,,,,,,,,,,,,,,,,,,,,,,,,,,,,,,,,,,,,
15153,2102_99_99,,,,,,,,,,,,,,,,,,,,,,,,,,,,,,,,,,,,,,,
15154,2102_?_?,,,,,,,,,,,,,,,,,,,,,,,,,,,,,,,,,,,,,,,
15155,2102_?_?,,,,,,,,,,,,,,,,,,,,,,,,,,,,,,,,,,,,,,,
15156,2102_?_?,,,,,,,,,,,,,,,,,,,,,,,,,,,,,,,,,,,,,,,
15157,2102_?_?,,,,,,,,,,,,,,,,,,,,,,,,,,,,,,,,,,,,,,,
15158,2102_?_?,,,,,,,,,,,,,,,,,,,,,,,,,,,,,,,,,,,,,,,
15159,2102_?_?,,,,,,,,,,,,,,,,,,,,,,,,,,,,,,,,,,,,,,,
15160,2102_?_?,,,,,,,,,,,,,,,,,,,,,,,,,,,,,,,,,,,,,,,
15161,2102_?_?,,,,,,,,,,,,,,,,,,,,,,,,,,,,,,,,,,,,,,,
15162,2102_?_?,,,,,,,,,,,,,,,,,,,,,,,,,,,,,,,,,,,,,,,
15163,2102_?_?,,,,,,,,,,,,,,,,,,,,,,,,,,,,,,,,,,,,,,,
15164,2102_?_?,,,,,,,,,,,,,,,,,,,,,,,,,,,,,,,,,,,,,,,
15165,2102_?_?,,,,,,,,,,,,,,,,,,,,,,,,,,,,,,,,,,,,,,,
15166,2102_?_?,,,,,,,,,,,,,,,,,,,,,,,,,,,,,,,,,,,,,,,
15167,2102_?_?,,,,,,,,,,,,,,,,,,,,,,,,,,,,,,,,,,,,,,,
15168,2102_?_?,,,,,,,,,,,,,,,,,,,,,,,,,,,,,,,,,,,,,,,
15169,2102_?_?,,,,,,,,,,,,,,,,,,,,,,,,,,,,,,,,,,,,,,,
15170,2102_?_?,,,,,,,,,,,,,,,,,,,,,,,,,,,,,,,,,,,,,,,
15171,2102_?_?,,,,,,,,,,,,,,,,,,,,,,,,,,,,,,,,,,,,,,,
15172,2102_?_?,,,,,,,,,,,,,,,,,,,,,,,,,,,,,,,,,,,,,,,
15173,2102_?_?,,,,,,,,,,,,,,,,,,,,,,,,,,,,,,,,,,,,,,,
15174,2102_?_?,,,,,,,,,,,,,,,,,,,,,,,,,,,,,,,,,,,,,,,
15175,2102_?_?,,,,,,,,,,,,,,,,,,,,,,,,,,,,,,,,,,,,,,,
15176,2102_?_?,,,,,,,,,,,,,,,,,,,,,,,,,,,,,,,,,,,,,,,
15177,2102_?_?,,,,,,,,,,,,,,,,,,,,,,,,,,,,,,,,,,,,,,,
15178,2102_?_?,,,,,,,,,,,,,,,,,,,,,,,,,,,,,,,,,,,,,,,
15179,2102_?_?,,,,,,,,,,,,,,,,,,,,,,,,,,,,,,,,,,,,,,,
15180,2102_?_?,,,,,,,,,,,,,,,,,,,,,,,,,,,,,,,,,,,,,,,
15181,2102_?_?,,,,,,,,,,,,,,,,,,,,,,,,,,,,,,,,,,,,,,,
15182,2102_?_?,,,,,,,,,,,,,,,,,,,,,,,,,,,,,,,,,,,,,,,
15183,2102_?_?,,,,,,,,,,,,,,,,,,,,,,,,,,,,,,,,,,,,,,,
15184,2102_?_?,,,,,,,,,,,,,,,,,,,,,,,,,,,,,,,,,,,,,,,
15185,2102_?_?,,,,,,,,,,,,,,,,,,,,,,,,,,,,,,,,,,,,,,,
15186,2102_?_?,,,,,,,,,,,,,,,,,,,,,,,,,,,,,,,,,,,,,,,
15187,2102_?_?,,,,,,,,,,,,,,,,,,,,,,,,,,,,,,,,,,,,,,,
15188,2102_?_?,,,,,,,,,,,,,,,,,,,,,,,,,,,,,,,,,,,,,,,
15189,2102_?_?,,,,,,,,,,,,,,,,,,,,,,,,,,,,,,,,,,,,,,,
15190,2102_?_?,,,,,,,,,,,,,,,,,,,,,,,,,,,,,,,,,,,,,,,
15191,2102_?_?,,,,,,,,,,,,,,,,,,,,,,,,,,,,,,,,,,,,,,,
15192,2102_?_?,,,,,,,,,,,,,,,,,,,,,,,,,,,,,,,,,,,,,,,
15193,2102_?_?,,,,,,,,,,,,,,,,,,,,,,,,,,,,,,,,,,,,,,,
15194,2102_?_?,,,,,,,,,,,,,,,,,,,,,,,,,,,,,,,,,,,,,,,
15195,2102_?_?,,,,,,,,,,,,,,,,,,,,,,,,,,,,,,,,,,,,,,,
15196,2102_?_?,,,,,,,,,,,,,,,,,,,,,,,,,,,,,,,,,,,,,,,
15197,2102_?_?,,,,,,,,,,,,,,,,,,,,,,,,,,,,,,,,,,,,,,,
15198,2102_?_?,,,,,,,,,,,,,,,,,,,,,,,,,,,,,,,,,,,,,,,
15199,2102_?_?,,,,,,,,,,,,,,,,,,,,,,,,,,,,,,,,,,,,,,,
15200,2102_?_?,,,,,,,,,,,,,,,,,,,,,,,,,,,,,,,,,,,,,,,
15201,2102_?_?,,,,,,,,,,,,,,,,,,,,,,,,,,,,,,,,,,,,,,,
15202,2102_?_?,,,,,,,,,,,,,,,,,,,,,,,,,,,,,,,,,,,,,,,
15203,2102_?_?,,,,,,,,,,,,,,,,,,,,,,,,,,,,,,,,,,,,,,,
15204,2102_?_?,,,,,,,,,,,,,,,,,,,,,,,,,,,,,,,,,,,,,,,
15205,2102_?_?,,,,,,,,,,,,,,,,,,,,,,,,,,,,,,,,,,,,,,,
15206,2102_?_?,,,,,,,,,,,,,,,,,,,,,,,,,,,,,,,,,,,,,,,
15207,2102_?_?,,,,,,,,,,,,,,,,,,,,,,,,,,,,,,,,,,,,,,,
15208,2102_?_?,,,,,,,,,,,,,,,,,,,,,,,,,,,,,,,,,,,,,,,
15209,2102_?_?,,,,,,,,,,,,,,,,,,,,,,,,,,,,,,,,,,,,,,,
15210,2102_?_?,,,,,,,,,,,,,,,,,,,,,,,,,,,,,,,,,,,,,,,
15211,2102_?_?,,,,,,,,,,,,,,,,,,,,,,,,,,,,,,,,,,,,,,,
15212,2102_?_?,,,,,,,,,,,,,,,,,,,,,,,,,,,,,,,,,,,,,,,
15213,2102_?_?,,,,,,,,,,,,,,,,,,,,,,,,,,,,,,,,,,,,,,,
15214,2102_?_?,,,,,,,,,,,,,,,,,,,,,,,,,,,,,,,,,,,,,,,
15215,2102_?_?,,,,,,,,,,,,,,,,,,,,,,,,,,,,,,,,,,,,,,,
15216,2102_?_?,,,,,,,,,,,,,,,,,,,,,,,,,,,,,,,,,,,,,,,
15217,2102_?_?,,,,,,,,,,,,,,,,,,,,,,,,,,,,,,,,,,,,,,,
15218,2102_?_?,,,,,,,,,,,,,,,,,,,,,,,,,,,,,,,,,,,,,,,
15219,2102_?_?,,,,,,,,,,,,,,,,,,,,,,,,,,,,,,,,,,,,,,,
15220,2102_?_?,,,,,,,,,,,,,,,,,,,,,,,,,,,,,,,,,,,,,,,
15221,2102_?_?,,,,,,,,,,,,,,,,,,,,,,,,,,,,,,,,,,,,,,,
15222,2102_?_?,,,,,,,,,,,,,,,,,,,,,,,,,,,,,,,,,,,,,,,
15223,2102_?_?,,,,,,,,,,,,,,,,,,,,,,,,,,,,,,,,,,,,,,,
15224,2102_?_?,,,,,,,,,,,,,,,,,,,,,,,,,,,,,,,,,,,,,,,
15225,2102_?_?,,,,,,,,,,,,,,,,,,,,,,,,,,,,,,,,,,,,,,,
15226,2102_?_?,,,,,,,,,,,,,,,,,,,,,,,,,,,,,,,,,,,,,,,
15227,2102_?_?,,,,,,,,,,,,,,,,,,,,,,,,,,,,,,,,,,,,,,,
15228,2102_?_?,,,,,,,,,,,,,,,,,,,,,,,,,,,,,,,,,,,,,,,
15229,2102_?_?,,,,,,,,,,,,,,,,,,,,,,,,,,,,,,,,,,,,,,,
15230,2102_?_?,,,,,,,,,,,,,,,,,,,,,,,,,,,,,,,,,,,,,,,
15231,2102_?_?,,,,,,,,,,,,,,,,,,,,,,,,,,,,,,,,,,,,,,,
15232,2102_?_?,,,,,,,,,,,,,,,,,,,,,,,,,,,,,,,,,,,,,,,
15233,2102_?_?,,,,,,,,,,,,,,,,,,,,,,,,,,,,,,,,,,,,,,,
15234,2102_?_?,,,,,,,,,,,,,,,,,,,,,,,,,,,,,,,,,,,,,,,
15235,2102_?_?,,,,,,,,,,,,,,,,,,,,,,,,,,,,,,,,,,,,,,,
15236,2102_?_?,,,,,,,,,,,,,,,,,,,,,,,,,,,,,,,,,,,,,,,
15237,2102_?_?,,,,,,,,,,,,,,,,,,,,,,,,,,,,,,,,,,,,,,,
15238,2102_?_?,,,,,,,,,,,,,,,,,,,,,,,,,,,,,,,,,,,,,,,
15239,2102_?_?,,,,,,,,,,,,,,,,,,,,,,,,,,,,,,,,,,,,,,,
15240,2102_?_?,,,,,,,,,,,,,,,,,,,,,,,,,,,,,,,,,,,,,,,
15241,2102_?_?,,,,,,,,,,,,,,,,,,,,,,,,,,,,,,,,,,,,,,,
15242,2102_?_?,,,,,,,,,,,,,,,,,,,,,,,,,,,,,,,,,,,,,,,
15243,2102_?_?,,,,,,,,,,,,,,,,,,,,,,,,,,,,,,,,,,,,,,,
15244,2102_?_?,,,,,,,,,,,,,,,,,,,,,,,,,,,,,,,,,,,,,,,
15245,2102_?_?,,,,,,,,,,,,,,,,,,,,,,,,,,,,,,,,,,,,,,,
15246,2102_?_?,,,,,,,,,,,,,,,,,,,,,,,,,,,,,,,,,,,,,,,
15247,2102_?_?,,,,,,,,,,,,,,,,,,,,,,,,,,,,,,,,,,,,,,,
15248,2102_?_?,,,,,,,,,,,,,,,,,,,,,,,,,,,,,,,,,,,,,,,
15249,2102_?_?,,,,,,,,,,,,,,,,,,,,,,,,,,,,,,,,,,,,,,,
15250,2102_?_?,,,,,,,,,,,,,,,,,,,,,,,,,,,,,,,,,,,,,,,
15251,2102_?_?,,,,,,,,,,,,,,,,,,,,,,,,,,,,,,,,,,,,,,,
15252,2102_?_?,,,,,,,,,,,,,,,,,,,,,,,,,,,,,,,,,,,,,,,
15253,2102_?_?,,,,,,,,,,,,,,,,,,,,,,,,,,,,,,,,,,,,,,,
15254,2102_?_?,,,,,,,,,,,,,,,,,,,,,,,,,,,,,,,,,,,,,,,
15255,2102_?_?,,,,,,,,,,,,,,,,,,,,,,,,,,,,,,,,,,,,,,,
15256,2102_100_100,,,,,,,,,,,,,,,,,,,,,,,,,,,,,,,,,,,,,,,
15257,2102_101_101,,,,,,,,,,,,,,,,,,,,,,,,,,,,,,,,,,,,,,,
15258,2102_102_102,,,,,,,,,,,,,,,,,,,,,,,,,,,,,,,,,,,,,,,
15259,2102_103_103,,,,,,,,,,,,,,,,,,,,,,,,,,,,,,,,,,,,,,,
15260,2102_104_104,,,,,,,,,,,,,,,,,,,,,,,,,,,,,,,,,,,,,,,
15261,2102_105_105,,,,,,,,,,,,,,,,,,,,,,,,,,,,,,,,,,,,,,,
15262,2102_106_106,,,,,,,,,,,,,,,,,,,,,,,,,,,,,,,,,,,,,,,
15263,2102_107_107,,,,,,,,,,,,,,,,,,,,,,,,,,,,,,,,,,,,,,,
15264,2102_108_108,,,,,,,,,,,,,,,,,,,,,,,,,,,,,,,,,,,,,,,
15265,2102_109_109,,,,,,,,,,,,,,,,,,,,,,,,,,,,,,,,,,,,,,,
15266,2102_?_?,,,,,,,,,,,,,,,,,,,,,,,,,,,,,,,,,,,,,,,
15267,2102_?_?,,,,,,,,,,,,,,,,,,,,,,,,,,,,,,,,,,,,,,,
15268,2102_?_?,,,,,,,,,,,,,,,,,,,,,,,,,,,,,,,,,,,,,,,
15269,2102_?_?,,,,,,,,,,,,,,,,,,,,,,,,,,,,,,,,,,,,,,,
15270,2102_?_?,,,,,,,,,,,,,,,,,,,,,,,,,,,,,,,,,,,,,,,
15271,2102_?_?,,,,,,,,,,,,,,,,,,,,,,,,,,,,,,,,,,,,,,,
15272,2102_110_110,,,,,,,,,,,,,,,,,,,,,,,,,,,,,,,,,,,,,,,
15273,2102_111_111,,,,,,,,,,,,,,,,,,,,,,,,,,,,,,,,,,,,,,,
15274,2102_112_112,,,,,,,,,,,,,,,,,,,,,,,,,,,,,,,,,,,,,,,
15275,2102_113_113,,,,,,,,,,,,,,,,,,,,,,,,,,,,,,,,,,,,,,,
15276,2102_114_114,,,,,,,,,,,,,,,,,,,,,,,,,,,,,,,,,,,,,,,
15277,2102_115_115,,,,,,,,,,,,,,,,,,,,,,,,,,,,,,,,,,,,,,,
15278,2102_116_116,,,,,,,,,,,,,,,,,,,,,,,,,,,,,,,,,,,,,,,
15279,2102_117_117,,,,,,,,,,,,,,,,,,,,,,,,,,,,,,,,,,,,,,,
15280,2102_118_118,,,,,,,,,,,,,,,,,,,,,,,,,,,,,,,,,,,,,,,
15281,2102_119_119,,,,,,,,,,,,,,,,,,,,,,,,,,,,,,,,,,,,,,,
15282,2102_?_?,,,,,,,,,,,,,,,,,,,,,,,,,,,,,,,,,,,,,,,
15283,2102_?_?,,,,,,,,,,,,,,,,,,,,,,,,,,,,,,,,,,,,,,,
15284,2102_?_?,,,,,,,,,,,,,,,,,,,,,,,,,,,,,,,,,,,,,,,
15285,2102_?_?,,,,,,,,,,,,,,,,,,,,,,,,,,,,,,,,,,,,,,,
15286,2102_?_?,,,,,,,,,,,,,,,,,,,,,,,,,,,,,,,,,,,,,,,
15287,2102_?_?,,,,,,,,,,,,,,,,,,,,,,,,,,,,,,,,,,,,,,,
15288,2102_120_120,,,,,,,,,,,,,,,,,,,,,,,,,,,,,,,,,,,,,,,
15289,2102_121_121,,,,,,,,,,,,,,,,,,,,,,,,,,,,,,,,,,,,,,,
15290,2102_122_122,,,,,,,,,,,,,,,,,,,,,,,,,,,,,,,,,,,,,,,
15291,2102_123_123,,,,,,,,,,,,,,,,,,,,,,,,,,,,,,,,,,,,,,,
15292,2102_124_124,,,,,,,,,,,,,,,,,,,,,,,,,,,,,,,,,,,,,,,
15293,2102_125_125,,,,,,,,,,,,,,,,,,,,,,,,,,,,,,,,,,,,,,,
15294,2102_126_126,,,,,,,,,,,,,,,,,,,,,,,,,,,,,,,,,,,,,,,
15295,2102_127_127,,,,,,,,,,,,,,,,,,,,,,,,,,,,,,,,,,,,,,,
15296,2102_128_128,,,,,,,,,,,,,,,,,,,,,,,,,,,,,,,,,,,,,,,
15297,2102_129_129,,,,,,,,,,,,,,,,,,,,,,,,,,,,,,,,,,,,,,,
15298,2102_?_?,,,,,,,,,,,,,,,,,,,,,,,,,,,,,,,,,,,,,,,
15299,2102_?_?,,,,,,,,,,,,,,,,,,,,,,,,,,,,,,,,,,,,,,,
15300,2102_?_?,,,,,,,,,,,,,,,,,,,,,,,,,,,,,,,,,,,,,,,
15301,2102_?_?,,,,,,,,,,,,,,,,,,,,,,,,,,,,,,,,,,,,,,,
15302,2102_?_?,,,,,,,,,,,,,,,,,,,,,,,,,,,,,,,,,,,,,,,
15303,2102_?_?,,,,,,,,,,,,,,,,,,,,,,,,,,,,,,,,,,,,,,,
15304,2102_130_130,,,,,,,,,,,,,,,,,,,,,,,,,,,,,,,,,,,,,,,
15305,2102_131_131,,,,,,,,,,,,,,,,,,,,,,,,,,,,,,,,,,,,,,,
15306,2102_132_132,,,,,,,,,,,,,,,,,,,,,,,,,,,,,,,,,,,,,,,
15307,2102_133_133,,,,,,,,,,,,,,,,,,,,,,,,,,,,,,,,,,,,,,,
15308,2102_134_134,,,,,,,,,,,,,,,,,,,,,,,,,,,,,,,,,,,,,,,
15309,2102_135_135,,,,,,,,,,,,,,,,,,,,,,,,,,,,,,,,,,,,,,,
15310,2102_136_136,,,,,,,,,,,,,,,,,,,,,,,,,,,,,,,,,,,,,,,
15311,2102_137_137,,,,,,,,,,,,,,,,,,,,,,,,,,,,,,,,,,,,,,,
15312,2102_138_138,,,,,,,,,,,,,,,,,,,,,,,,,,,,,,,,,,,,,,,
15313,2102_139_139,,,,,,,,,,,,,,,,,,,,,,,,,,,,,,,,,,,,,,,
15314,2102_?_?,,,,,,,,,,,,,,,,,,,,,,,,,,,,,,,,,,,,,,,
15315,2102_?_?,,,,,,,,,,,,,,,,,,,,,,,,,,,,,,,,,,,,,,,
15316,2102_?_?,,,,,,,,,,,,,,,,,,,,,,,,,,,,,,,,,,,,,,,
15317,2102_?_?,,,,,,,,,,,,,,,,,,,,,,,,,,,,,,,,,,,,,,,
15318,2102_?_?,,,,,,,,,,,,,,,,,,,,,,,,,,,,,,,,,,,,,,,
15319,2102_?_?,,,,,,,,,,,,,,,,,,,,,,,,,,,,,,,,,,,,,,,
15320,2102_140_140,,,,,,,,,,,,,,,,,,,,,,,,,,,,,,,,,,,,,,,
15321,2102_141_141,,,,,,,,,,,,,,,,,,,,,,,,,,,,,,,,,,,,,,,
15322,2102_142_142,,,,,,,,,,,,,,,,,,,,,,,,,,,,,,,,,,,,,,,
15323,2102_143_143,,,,,,,,,,,,,,,,,,,,,,,,,,,,,,,,,,,,,,,
15324,2102_144_144,,,,,,,,,,,,,,,,,,,,,,,,,,,,,,,,,,,,,,,
15325,2102_145_145,,,,,,,,,,,,,,,,,,,,,,,,,,,,,,,,,,,,,,,
15326,2102_146_146,,,,,,,,,,,,,,,,,,,,,,,,,,,,,,,,,,,,,,,
15327,2102_147_147,,,,,,,,,,,,,,,,,,,,,,,,,,,,,,,,,,,,,,,
15328,2102_148_148,,,,,,,,,,,,,,,,,,,,,,,,,,,,,,,,,,,,,,,
15329,2102_149_149,,,,,,,,,,,,,,,,,,,,,,,,,,,,,,,,,,,,,,,
15330,2102_?_?,,,,,,,,,,,,,,,,,,,,,,,,,,,,,,,,,,,,,,,
15331,2102_?_?,,,,,,,,,,,,,,,,,,,,,,,,,,,,,,,,,,,,,,,
15332,2102_?_?,,,,,,,,,,,,,,,,,,,,,,,,,,,,,,,,,,,,,,,
15333,2102_?_?,,,,,,,,,,,,,,,,,,,,,,,,,,,,,,,,,,,,,,,
15334,2102_?_?,,,,,,,,,,,,,,,,,,,,,,,,,,,,,,,,,,,,,,,
15335,2102_?_?,,,,,,,,,,,,,,,,,,,,,,,,,,,,,,,,,,,,,,,
15336,2102_150_150,,,,,,,,,,,,,,,,,,,,,,,,,,,,,,,,,,,,,,,
15337,2102_151_151,,,,,,,,,,,,,,,,,,,,,,,,,,,,,,,,,,,,,,,
15338,2102_152_152,,,,,,,,,,,,,,,,,,,,,,,,,,,,,,,,,,,,,,,
15339,2102_153_153,,,,,,,,,,,,,,,,,,,,,,,,,,,,,,,,,,,,,,,
15340,2102_154_154,,,,,,,,,,,,,,,,,,,,,,,,,,,,,,,,,,,,,,,
15341,2102_155_155,,,,,,,,,,,,,,,,,,,,,,,,,,,,,,,,,,,,,,,
15342,2102_156_156,,,,,,,,,,,,,,,,,,,,,,,,,,,,,,,,,,,,,,,
15343,2102_157_157,,,,,,,,,,,,,,,,,,,,,,,,,,,,,,,,,,,,,,,
15344,2102_158_158,,,,,,,,,,,,,,,,,,,,,,,,,,,,,,,,,,,,,,,
15345,2102_159_159,,,,,,,,,,,,,,,,,,,,,,,,,,,,,,,,,,,,,,,
15346,2102_?_?,,,,,,,,,,,,,,,,,,,,,,,,,,,,,,,,,,,,,,,
15347,2102_?_?,,,,,,,,,,,,,,,,,,,,,,,,,,,,,,,,,,,,,,,
15348,2102_?_?,,,,,,,,,,,,,,,,,,,,,,,,,,,,,,,,,,,,,,,
15349,2102_?_?,,,,,,,,,,,,,,,,,,,,,,,,,,,,,,,,,,,,,,,
15350,2102_?_?,,,,,,,,,,,,,,,,,,,,,,,,,,,,,,,,,,,,,,,
15351,2102_?_?,,,,,,,,,,,,,,,,,,,,,,,,,,,,,,,,,,,,,,,
15352,2102_160_160,,,,,,,,,,,,,,,,,,,,,,,,,,,,,,,,,,,,,,,
15353,2102_161_161,,,,,,,,,,,,,,,,,,,,,,,,,,,,,,,,,,,,,,,
15354,2102_162_162,,,,,,,,,,,,,,,,,,,,,,,,,,,,,,,,,,,,,,,
15355,2102_163_163,,,,,,,,,,,,,,,,,,,,,,,,,,,,,,,,,,,,,,,
15356,2102_164_164,,,,,,,,,,,,,,,,,,,,,,,,,,,,,,,,,,,,,,,
15357,2102_165_165,,,,,,,,,,,,,,,,,,,,,,,,,,,,,,,,,,,,,,,
15358,2102_166_166,,,,,,,,,,,,,,,,,,,,,,,,,,,,,,,,,,,,,,,
15359,2102_167_167,,,,,,,,,,,,,,,,,,,,,,,,,,,,,,,,,,,,,,,
15360,2102_168_168,,,,,,,,,,,,,,,,,,,,,,,,,,,,,,,,,,,,,,,
15361,2102_169_169,,,,,,,,,,,,,,,,,,,,,,,,,,,,,,,,,,,,,,,
15362,2102_?_?,,,,,,,,,,,,,,,,,,,,,,,,,,,,,,,,,,,,,,,
15363,2102_?_?,,,,,,,,,,,,,,,,,,,,,,,,,,,,,,,,,,,,,,,
15364,2102_?_?,,,,,,,,,,,,,,,,,,,,,,,,,,,,,,,,,,,,,,,
15365,2102_?_?,,,,,,,,,,,,,,,,,,,,,,,,,,,,,,,,,,,,,,,
15366,2102_?_?,,,,,,,,,,,,,,,,,,,,,,,,,,,,,,,,,,,,,,,
15367,2102_?_?,,,,,,,,,,,,,,,,,,,,,,,,,,,,,,,,,,,,,,,
15368,2102_170_170,,,,,,,,,,,,,,,,,,,,,,,,,,,,,,,,,,,,,,,
15369,2102_171_171,,,,,,,,,,,,,,,,,,,,,,,,,,,,,,,,,,,,,,,
15370,2102_172_172,,,,,,,,,,,,,,,,,,,,,,,,,,,,,,,,,,,,,,,
15371,2102_173_173,,,,,,,,,,,,,,,,,,,,,,,,,,,,,,,,,,,,,,,
15372,2102_174_174,,,,,,,,,,,,,,,,,,,,,,,,,,,,,,,,,,,,,,,
15373,2102_175_175,,,,,,,,,,,,,,,,,,,,,,,,,,,,,,,,,,,,,,,
15374,2102_176_176,,,,,,,,,,,,,,,,,,,,,,,,,,,,,,,,,,,,,,,
15375,2102_177_177,,,,,,,,,,,,,,,,,,,,,,,,,,,,,,,,,,,,,,,
15376,2102_178_178,,,,,,,,,,,,,,,,,,,,,,,,,,,,,,,,,,,,,,,
15377,2102_179_179,,,,,,,,,,,,,,,,,,,,,,,,,,,,,,,,,,,,,,,
15378,2102_?_?,,,,,,,,,,,,,,,,,,,,,,,,,,,,,,,,,,,,,,,
15379,2102_?_?,,,,,,,,,,,,,,,,,,,,,,,,,,,,,,,,,,,,,,,
15380,2102_?_?,,,,,,,,,,,,,,,,,,,,,,,,,,,,,,,,,,,,,,,
15381,2102_?_?,,,,,,,,,,,,,,,,,,,,,,,,,,,,,,,,,,,,,,,
15382,2102_?_?,,,,,,,,,,,,,,,,,,,,,,,,,,,,,,,,,,,,,,,
15383,2102_?_?,,,,,,,,,,,,,,,,,,,,,,,,,,,,,,,,,,,,,,,
15384,2102_180_180,,,,,,,,,,,,,,,,,,,,,,,,,,,,,,,,,,,,,,,
15385,2102_181_181,,,,,,,,,,,,,,,,,,,,,,,,,,,,,,,,,,,,,,,
15386,2102_182_182,,,,,,,,,,,,,,,,,,,,,,,,,,,,,,,,,,,,,,,
15387,2102_183_183,,,,,,,,,,,,,,,,,,,,,,,,,,,,,,,,,,,,,,,
15388,2102_184_184,,,,,,,,,,,,,,,,,,,,,,,,,,,,,,,,,,,,,,,
15389,2102_185_185,,,,,,,,,,,,,,,,,,,,,,,,,,,,,,,,,,,,,,,
15390,2102_186_186,,,,,,,,,,,,,,,,,,,,,,,,,,,,,,,,,,,,,,,
15391,2102_187_187,,,,,,,,,,,,,,,,,,,,,,,,,,,,,,,,,,,,,,,
15392,2102_188_188,,,,,,,,,,,,,,,,,,,,,,,,,,,,,,,,,,,,,,,
15393,2102_189_189,,,,,,,,,,,,,,,,,,,,,,,,,,,,,,,,,,,,,,,
15394,2102_?_?,,,,,,,,,,,,,,,,,,,,,,,,,,,,,,,,,,,,,,,
15395,2102_?_?,,,,,,,,,,,,,,,,,,,,,,,,,,,,,,,,,,,,,,,
15396,2102_?_?,,,,,,,,,,,,,,,,,,,,,,,,,,,,,,,,,,,,,,,
15397,2102_?_?,,,,,,,,,,,,,,,,,,,,,,,,,,,,,,,,,,,,,,,
15398,2102_?_?,,,,,,,,,,,,,,,,,,,,,,,,,,,,,,,,,,,,,,,
15399,2102_?_?,,,,,,,,,,,,,,,,,,,,,,,,,,,,,,,,,,,,,,,
15400,2102_190_190,,,,,,,,,,,,,,,,,,,,,,,,,,,,,,,,,,,,,,,
15401,2102_191_191,,,,,,,,,,,,,,,,,,,,,,,,,,,,,,,,,,,,,,,
15402,2102_192_192,,,,,,,,,,,,,,,,,,,,,,,,,,,,,,,,,,,,,,,
15403,2102_193_193,,,,,,,,,,,,,,,,,,,,,,,,,,,,,,,,,,,,,,,
15404,2102_194_194,,,,,,,,,,,,,,,,,,,,,,,,,,,,,,,,,,,,,,,
15405,2102_195_195,,,,,,,,,,,,,,,,,,,,,,,,,,,,,,,,,,,,,,,
15406,2102_196_196,,,,,,,,,,,,,,,,,,,,,,,,,,,,,,,,,,,,,,,
15407,2102_197_197,,,,,,,,,,,,,,,,,,,,,,,,,,,,,,,,,,,,,,,
15408,2102_198_198,,,,,,,,,,,,,,,,,,,,,,,,,,,,,,,,,,,,,,,
15409,2102_199_199,,,,,,,,,,,,,,,,,,,,,,,,,,,,,,,,,,,,,,,
15410,2102_?_?,,,,,,,,,,,,,,,,,,,,,,,,,,,,,,,,,,,,,,,
15411,2102_?_?,,,,,,,,,,,,,,,,,,,,,,,,,,,,,,,,,,,,,,,
15412,2102_?_?,,,,,,,,,,,,,,,,,,,,,,,,,,,,,,,,,,,,,,,
15413,2102_?_?,,,,,,,,,,,,,,,,,,,,,,,,,,,,,,,,,,,,,,,
15414,2102_?_?,,,,,,,,,,,,,,,,,,,,,,,,,,,,,,,,,,,,,,,
15415,2102_?_?,,,,,,,,,,,,,,,,,,,,,,,,,,,,,,,,,,,,,,,
15416,2102_?_?,,,,,,,,,,,,,,,,,,,,,,,,,,,,,,,,,,,,,,,
15417,2102_?_?,,,,,,,,,,,,,,,,,,,,,,,,,,,,,,,,,,,,,,,
15418,2102_?_?,,,,,,,,,,,,,,,,,,,,,,,,,,,,,,,,,,,,,,,
15419,2102_?_?,,,,,,,,,,,,,,,,,,,,,,,,,,,,,,,,,,,,,,,
15420,2102_?_?,,,,,,,,,,,,,,,,,,,,,,,,,,,,,,,,,,,,,,,
15421,2102_?_?,,,,,,,,,,,,,,,,,,,,,,,,,,,,,,,,,,,,,,,
15422,2102_?_?,,,,,,,,,,,,,,,,,,,,,,,,,,,,,,,,,,,,,,,
15423,2102_?_?,,,,,,,,,,,,,,,,,,,,,,,,,,,,,,,,,,,,,,,
15424,2102_?_?,,,,,,,,,,,,,,,,,,,,,,,,,,,,,,,,,,,,,,,
15425,2102_?_?,,,,,,,,,,,,,,,,,,,,,,,,,,,,,,,,,,,,,,,
15426,2102_?_?,,,,,,,,,,,,,,,,,,,,,,,,,,,,,,,,,,,,,,,
15427,2102_?_?,,,,,,,,,,,,,,,,,,,,,,,,,,,,,,,,,,,,,,,
15428,2102_?_?,,,,,,,,,,,,,,,,,,,,,,,,,,,,,,,,,,,,,,,
15429,2102_?_?,,,,,,,,,,,,,,,,,,,,,,,,,,,,,,,,,,,,,,,
15430,2102_?_?,,,,,,,,,,,,,,,,,,,,,,,,,,,,,,,,,,,,,,,
15431,2102_?_?,,,,,,,,,,,,,,,,,,,,,,,,,,,,,,,,,,,,,,,
15432,2102_?_?,,,,,,,,,,,,,,,,,,,,,,,,,,,,,,,,,,,,,,,
15433,2102_?_?,,,,,,,,,,,,,,,,,,,,,,,,,,,,,,,,,,,,,,,
15434,2102_?_?,,,,,,,,,,,,,,,,,,,,,,,,,,,,,,,,,,,,,,,
15435,2102_?_?,,,,,,,,,,,,,,,,,,,,,,,,,,,,,,,,,,,,,,,
15436,2102_?_?,,,,,,,,,,,,,,,,,,,,,,,,,,,,,,,,,,,,,,,
15437,2102_?_?,,,,,,,,,,,,,,,,,,,,,,,,,,,,,,,,,,,,,,,
15438,2102_?_?,,,,,,,,,,,,,,,,,,,,,,,,,,,,,,,,,,,,,,,
15439,2102_?_?,,,,,,,,,,,,,,,,,,,,,,,,,,,,,,,,,,,,,,,
15440,2102_?_?,,,,,,,,,,,,,,,,,,,,,,,,,,,,,,,,,,,,,,,
15441,2102_?_?,,,,,,,,,,,,,,,,,,,,,,,,,,,,,,,,,,,,,,,
15442,2102_?_?,,,,,,,,,,,,,,,,,,,,,,,,,,,,,,,,,,,,,,,
15443,2102_?_?,,,,,,,,,,,,,,,,,,,,,,,,,,,,,,,,,,,,,,,
15444,2102_?_?,,,,,,,,,,,,,,,,,,,,,,,,,,,,,,,,,,,,,,,
15445,2102_?_?,,,,,,,,,,,,,,,,,,,,,,,,,,,,,,,,,,,,,,,
15446,2102_?_?,,,,,,,,,,,,,,,,,,,,,,,,,,,,,,,,,,,,,,,
15447,2102_?_?,,,,,,,,,,,,,,,,,,,,,,,,,,,,,,,,,,,,,,,
15448,2102_?_?,,,,,,,,,,,,,,,,,,,,,,,,,,,,,,,,,,,,,,,
15449,2102_?_?,,,,,,,,,,,,,,,,,,,,,,,,,,,,,,,,,,,,,,,
15450,2102_?_?,,,,,,,,,,,,,,,,,,,,,,,,,,,,,,,,,,,,,,,
15451,2102_?_?,,,,,,,,,,,,,,,,,,,,,,,,,,,,,,,,,,,,,,,
15452,2102_?_?,,,,,,,,,,,,,,,,,,,,,,,,,,,,,,,,,,,,,,,
15453,2102_?_?,,,,,,,,,,,,,,,,,,,,,,,,,,,,,,,,,,,,,,,
15454,2102_?_?,,,,,,,,,,,,,,,,,,,,,,,,,,,,,,,,,,,,,,,
15455,2102_?_?,,,,,,,,,,,,,,,,,,,,,,,,,,,,,,,,,,,,,,,
15456,2102_?_?,,,,,,,,,,,,,,,,,,,,,,,,,,,,,,,,,,,,,,,
15457,2102_?_?,,,,,,,,,,,,,,,,,,,,,,,,,,,,,,,,,,,,,,,
15458,2102_?_?,,,,,,,,,,,,,,,,,,,,,,,,,,,,,,,,,,,,,,,
15459,2102_?_?,,,,,,,,,,,,,,,,,,,,,,,,,,,,,,,,,,,,,,,
15460,2102_?_?,,,,,,,,,,,,,,,,,,,,,,,,,,,,,,,,,,,,,,,
15461,2102_?_?,,,,,,,,,,,,,,,,,,,,,,,,,,,,,,,,,,,,,,,
15462,2102_?_?,,,,,,,,,,,,,,,,,,,,,,,,,,,,,,,,,,,,,,,
15463,2102_?_?,,,,,,,,,,,,,,,,,,,,,,,,,,,,,,,,,,,,,,,
15464,2102_?_?,,,,,,,,,,,,,,,,,,,,,,,,,,,,,,,,,,,,,,,
16002,111_1_1,,,,,,,,,,,,,,,,,,,,,,,,,,,,,,,,,,,,,,,
16003,128_1_1,,,,,,,,,,,,,,,,,,,,,,,,,,,,,,,,,,,,,,,
16004,125_500_500,,,,,,,,,,,,,,,,,,,,,,,,,,,,,,,,,,,,,,,
16005,118_150_150,,,,,,,,,,,,,,,,,,,,,,,,,,,,,,,,,,,,,,,
16006,126_150_150,,,,,,,,,,,,,,,,,,,,,,,,,,,,,,,,,,,,,,,
16007,123_150_150,,,,,,,,,,,,,,,,,,,,,,,,,,,,,,,,,,,,,,,
16008,119_150_150,,,,,,,,,,,,,,,,,,,,,,,,,,,,,,,,,,,,,,,
16009,115_15_15,,,,,,,,,,,,,,,,,,,,,,,,,,,,,,,,,,,,,,,
16010,112_15_15,,,,,,,,,,,,,,,,,,,,,,,,,,,,,,,,,,,,,,,
16011,138_100_100,,,,,,,,,,,,,,,,,,,,,,,,,,,,,,,,,,,,,,,
16012,210_10_10,214_10_10,211_10_10,212_10_10,213_10_10,,,,,,,,,,,,,,,,,,,,,,,,,,,,,,,,,,,
16013,111_2_2,127_1_1,,,,,,,,,,,,,,,,,,,,,,,,,,,,,,,,,,,,,,
16014,128_2_2,2100_1_1,,,,,,,,,,,,,,,,,,,,,,,,,,,,,,,,,,,,,,
16015,125_1000_1000,215_10_10,219_10_10,216_10_10,217_10_10,218_10_10,,,,,,,,,,,,,,,,,,,,,,,,,,,,,,,,,,
16016,118_300_300,154_150_150,,,,,,,,,,,,,,,,,,,,,,,,,,,,,,,,,,,,,,
16017,152_150_150,126_300_300,,,,,,,,,,,,,,,,,,,,,,,,,,,,,,,,,,,,,,
16018,155_150_150,123_300_300,,,,,,,,,,,,,,,,,,,,,,,,,,,,,,,,,,,,,,
16019,157_150_150,119_300_300,,,,,,,,,,,,,,,,,,,,,,,,,,,,,,,,,,,,,,
16020,115_30_30,186_100_100,,,,,,,,,,,,,,,,,,,,,,,,,,,,,,,,,,,,,,
16021,186_100_100,112_30_30,,,,,,,,,,,,,,,,,,,,,,,,,,,,,,,,,,,,,,
16022,145_15_15,138_200_200,,,,,,,,,,,,,,,,,,,,,,,,,,,,,,,,,,,,,,
16023,210_15_15,214_15_15,211_15_15,212_15_15,213_15_15,153_500_500,,,,,,,,,,,,,,,,,,,,,,,,,,,,,,,,,,
16024,128_1_1,111_1_1,,,,,,,,,,,,,,,,,,,,,,,,,,,,,,,,,,,,,,
16025,138_100_100,112_15_15,,,,,,,,,,,,,,,,,,,,,,,,,,,,,,,,,,,,,,
16026,125_1000_1000,,,,,,,,,,,,,,,,,,,,,,,,,,,,,,,,,,,,,,,
16027,287_?_?,281_4_4,,,,,,,,,,,,,,,,,,,,,,,,,,,,,,,,,,,,,,
16028,289_1_1,287_?_?,291_1_1,,,,,,,,,,,,,,,,,,,,,,,,,,,,,,,,,,,,,
16029,283_28_28,285_1_1,281_1_1,,,,,,,,,,,,,,,,,,,,,,,,,,,,,,,,,,,,,
16030,285_1_1,286_2_2,,,,,,,,,,,,,,,,,,,,,,,,,,,,,,,,,,,,,,
16031,285_1_1,286_1_1,,,,,,,,,,,,,,,,,,,,,,,,,,,,,,,,,,,,,,
16032,287_?_?,281_4_4,,,,,,,,,,,,,,,,,,,,,,,,,,,,,,,,,,,,,,
16033,285_1_1,281_4_4,,,,,,,,,,,,,,,,,,,,,,,,,,,,,,,,,,,,,,
16034,281_1_1,291_2_2,,,,,,,,,,,,,,,,,,,,,,,,,,,,,,,,,,,,,,
16035,288_1_1,283_?_?,,,,,,,,,,,,,,,,,,,,,,,,,,,,,,,,,,,,,,
16036,281_1_1,288_1_1,286_1_1,,,,,,,,,,,,,,,,,,,,,,,,,,,,,,,,,,,,,
16037,285_1_1,286_1_1,,,,,,,,,,,,,,,,,,,,,,,,,,,,,,,,,,,,,,
16038,281_1_1,290_1_1,,,,,,,,,,,,,,,,,,,,,,,,,,,,,,,,,,,,,,
16039,281_1_1,288_1_1,286_2_2,,,,,,,,,,,,,,,,,,,,,,,,,,,,,,,,,,,,,
16040,287_?_?,281_4_4,,,,,,,,,,,,,,,,,,,,,,,,,,,,,,,,,,,,,,
16041,289_1_1,285_1_1,,,,,,,,,,,,,,,,,,,,,,,,,,,,,,,,,,,,,,
16042,281_1_1,286_2_2,,,,,,,,,,,,,,,,,,,,,,,,,,,,,,,,,,,,,,
16043,285_1_1,286_1_1,,,,,,,,,,,,,,,,,,,,,,,,,,,,,,,,,,,,,,
16044,287_?_?,281_4_4,,,,,,,,,,,,,,,,,,,,,,,,,,,,,,,,,,,,,,
16045,287_?_?,291_2_2,,,,,,,,,,,,,,,,,,,,,,,,,,,,,,,,,,,,,,
16046,286_1_1,285_1_1,,,,,,,,,,,,,,,,,,,,,,,,,,,,,,,,,,,,,,
16047,287_14_14,285_1_1,,,,,,,,,,,,,,,,,,,,,,,,,,,,,,,,,,,,,,
16048,286_3_3,287_14_14,,,,,,,,,,,,,,,,,,,,,,,,,,,,,,,,,,,,,,
16049,287_19_19,286_1_1,,,,,,,,,,,,,,,,,,,,,,,,,,,,,,,,,,,,,,
16050,283_14_14,287_19_19,,,,,,,,,,,,,,,,,,,,,,,,,,,,,,,,,,,,,,
16051,284_?_?,289_1_1,,,,,,,,,,,,,,,,,,,,,,,,,,,,,,,,,,,,,,
16052,286_3_3,281_4_4,,,,,,,,,,,,,,,,,,,,,,,,,,,,,,,,,,,,,,
16053,287_19_19,286_2_2,,,,,,,,,,,,,,,,,,,,,,,,,,,,,,,,,,,,,,
16054,287_?_?,286_2_2,,,,,,,,,,,,,,,,,,,,,,,,,,,,,,,,,,,,,,
16055,287_19_19,286_2_2,,,,,,,,,,,,,,,,,,,,,,,,,,,,,,,,,,,,,,
16056,290_1_1,291_2_2,,,,,,,,,,,,,,,,,,,,,,,,,,,,,,,,,,,,,,
16057,285_1_1,281_3_3,,,,,,,,,,,,,,,,,,,,,,,,,,,,,,,,,,,,,,
16058,287_19_19,286_1_1,,,,,,,,,,,,,,,,,,,,,,,,,,,,,,,,,,,,,,
16059,283_28_28,289_1_1,,,,,,,,,,,,,,,,,,,,,,,,,,,,,,,,,,,,,,
16060,285_1_1,281_2_2,,,,,,,,,,,,,,,,,,,,,,,,,,,,,,,,,,,,,,
16061,281_2_2,286_1_1,,,,,,,,,,,,,,,,,,,,,,,,,,,,,,,,,,,,,,
16062,281_1_1,287_?_?,,,,,,,,,,,,,,,,,,,,,,,,,,,,,,,,,,,,,,
16063,289_1_1,288_1_1,,,,,,,,,,,,,,,,,,,,,,,,,,,,,,,,,,,,,,
16064,285_1_1,281_3_3,,,,,,,,,,,,,,,,,,,,,,,,,,,,,,,,,,,,,,
16065,286_1_1,281_3_3,,,,,,,,,,,,,,,,,,,,,,,,,,,,,,,,,,,,,,
16066,281_1_1,286_1_1,,,,,,,,,,,,,,,,,,,,,,,,,,,,,,,,,,,,,,
16067,281_4_4,286_1_1,,,,,,,,,,,,,,,,,,,,,,,,,,,,,,,,,,,,,,
16068,286_2_2,287_?_?,281_5_5,,,,,,,,,,,,,,,,,,,,,,,,,,,,,,,,,,,,,
16069,287_14_14,285_1_1,,,,,,,,,,,,,,,,,,,,,,,,,,,,,,,,,,,,,,
16070,287_19_19,285_1_1,,,,,,,,,,,,,,,,,,,,,,,,,,,,,,,,,,,,,,
16071,286_1_1,287_?_?,,,,,,,,,,,,,,,,,,,,,,,,,,,,,,,,,,,,,,
16072,287_19_19,291_2_2,,,,,,,,,,,,,,,,,,,,,,,,,,,,,,,,,,,,,,
16073,284_?_?,286_1_1,,,,,,,,,,,,,,,,,,,,,,,,,,,,,,,,,,,,,,
16074,283_28_28,289_1_1,,,,,,,,,,,,,,,,,,,,,,,,,,,,,,,,,,,,,,
16075,283_28_28,285_1_1,,,,,,,,,,,,,,,,,,,,,,,,,,,,,,,,,,,,,,
16076,281_1_1,291_1_1,,,,,,,,,,,,,,,,,,,,,,,,,,,,,,,,,,,,,,
16077,283_14_14,291_3_3,,,,,,,,,,,,,,,,,,,,,,,,,,,,,,,,,,,,,,
16078,285_1_1,286_3_3,,,,,,,,,,,,,,,,,,,,,,,,,,,,,,,,,,,,,,
16079,281_1_1,291_1_1,,,,,,,,,,,,,,,,,,,,,,,,,,,,,,,,,,,,,,
16080,285_1_1,286_3_3,,,,,,,,,,,,,,,,,,,,,,,,,,,,,,,,,,,,,,
16081,287_?_?,286_2_2,,,,,,,,,,,,,,,,,,,,,,,,,,,,,,,,,,,,,,
16082,283_28_28,285_1_1,,,,,,,,,,,,,,,,,,,,,,,,,,,,,,,,,,,,,,
16083,281_6_6,286_1_1,,,,,,,,,,,,,,,,,,,,,,,,,,,,,,,,,,,,,,
16084,287_?_?,291_1_1,,,,,,,,,,,,,,,,,,,,,,,,,,,,,,,,,,,,,,
16085,285_1_1,281_3_3,,,,,,,,,,,,,,,,,,,,,,,,,,,,,,,,,,,,,,
16086,285_2_2,281_?_?,289_1_1,,,,,,,,,,,,,,,,,,,,,,,,,,,,,,,,,,,,,
16087,283_14_14,289_1_1,,,,,,,,,,,,,,,,,,,,,,,,,,,,,,,,,,,,,,
16088,286_2_2,281_4_4,,,,,,,,,,,,,,,,,,,,,,,,,,,,,,,,,,,,,,
16089,283_?_?,281_1_1,,,,,,,,,,,,,,,,,,,,,,,,,,,,,,,,,,,,,,
16090,285_1_1,286_1_1,,,,,,,,,,,,,,,,,,,,,,,,,,,,,,,,,,,,,,
16091,281_3_3,285_1_1,,,,,,,,,,,,,,,,,,,,,,,,,,,,,,,,,,,,,,
16092,287_?_?,291_1_1,,,,,,,,,,,,,,,,,,,,,,,,,,,,,,,,,,,,,,
16093,281_1_1,285_1_1,,,,,,,,,,,,,,,,,,,,,,,,,,,,,,,,,,,,,,
16094,287_?_?,281_2_2,,,,,,,,,,,,,,,,,,,,,,,,,,,,,,,,,,,,,,
16095,285_1_1,288_1_1,,,,,,,,,,,,,,,,,,,,,,,,,,,,,,,,,,,,,,
16096,281_2_2,291_1_1,,,,,,,,,,,,,,,,,,,,,,,,,,,,,,,,,,,,,,
16097,285_1_1,281_2_2,,,,,,,,,,,,,,,,,,,,,,,,,,,,,,,,,,,,,,
16098,286_1_1,285_1_1,,,,,,,,,,,,,,,,,,,,,,,,,,,,,,,,,,,,,,
16099,285_1_1,290_2_2,286_1_1,,,,,,,,,,,,,,,,,,,,,,,,,,,,,,,,,,,,,
16100,281_1_1,288_1_1,,,,,,,,,,,,,,,,,,,,,,,,,,,,,,,,,,,,,,
16101,286_1_1,281_4_4,,,,,,,,,,,,,,,,,,,,,,,,,,,,,,,,,,,,,,
16102,281_1_1,287_19_19,,,,,,,,,,,,,,,,,,,,,,,,,,,,,,,,,,,,,,
16103,288_1_1,290_1_1,,,,,,,,,,,,,,,,,,,,,,,,,,,,,,,,,,,,,,
16104,285_1_1,286_1_1,,,,,,,,,,,,,,,,,,,,,,,,,,,,,,,,,,,,,,
16105,281_2_2,290_1_1,,,,,,,,,,,,,,,,,,,,,,,,,,,,,,,,,,,,,,
16106,288_1_1,290_1_1,,,,,,,,,,,,,,,,,,,,,,,,,,,,,,,,,,,,,,
16107,291_1_1,281_2_2,,,,,,,,,,,,,,,,,,,,,,,,,,,,,,,,,,,,,,
16108,286_1_1,281_3_3,,,,,,,,,,,,,,,,,,,,,,,,,,,,,,,,,,,,,,
16109,283_?_?,289_1_1,,,,,,,,,,,,,,,,,,,,,,,,,,,,,,,,,,,,,,
16110,291_1_1,283_?_?,,,,,,,,,,,,,,,,,,,,,,,,,,,,,,,,,,,,,,
16111,285_1_1,289_1_1,,,,,,,,,,,,,,,,,,,,,,,,,,,,,,,,,,,,,,
16112,282_1_1,281_3_3,,,,,,,,,,,,,,,,,,,,,,,,,,,,,,,,,,,,,,
16113,291_1_1,281_3_3,,,,,,,,,,,,,,,,,,,,,,,,,,,,,,,,,,,,,,
16114,286_5_5,285_1_1,,,,,,,,,,,,,,,,,,,,,,,,,,,,,,,,,,,,,,
16115,286_1_1,281_4_4,,,,,,,,,,,,,,,,,,,,,,,,,,,,,,,,,,,,,,
16116,290_1_1,281_1_1,,,,,,,,,,,,,,,,,,,,,,,,,,,,,,,,,,,,,,
16117,281_1_1,291_1_1,,,,,,,,,,,,,,,,,,,,,,,,,,,,,,,,,,,,,,
16118,287_?_?,288_1_1,,,,,,,,,,,,,,,,,,,,,,,,,,,,,,,,,,,,,,
16119,288_1_1,283_?_?,,,,,,,,,,,,,,,,,,,,,,,,,,,,,,,,,,,,,,
16120,281_3_3,286_2_2,,,,,,,,,,,,,,,,,,,,,,,,,,,,,,,,,,,,,,
16121,287_19_19,281_2_2,,,,,,,,,,,,,,,,,,,,,,,,,,,,,,,,,,,,,,
16122,287_19_19,285_1_1,,,,,,,,,,,,,,,,,,,,,,,,,,,,,,,,,,,,,,
16123,281_3_3,286_1_1,,,,,,,,,,,,,,,,,,,,,,,,,,,,,,,,,,,,,,
16124,281_2_2,291_1_1,,,,,,,,,,,,,,,,,,,,,,,,,,,,,,,,,,,,,,
16125,285_1_1,286_5_5,,,,,,,,,,,,,,,,,,,,,,,,,,,,,,,,,,,,,,
16126,287_?_?,283_?_?,,,,,,,,,,,,,,,,,,,,,,,,,,,,,,,,,,,,,,
16127,286_1_1,290_1_1,,,,,,,,,,,,,,,,,,,,,,,,,,,,,,,,,,,,,,
16128,287_19_19,281_3_3,283_14_14,,,,,,,,,,,,,,,,,,,,,,,,,,,,,,,,,,,,,
16129,285_1_1,286_2_2,,,,,,,,,,,,,,,,,,,,,,,,,,,,,,,,,,,,,,
16130,281_4_4,286_2_2,,,,,,,,,,,,,,,,,,,,,,,,,,,,,,,,,,,,,,
16131,290_1_1,281_1_1,,,,,,,,,,,,,,,,,,,,,,,,,,,,,,,,,,,,,,
16132,281_4_4,286_2_2,,,,,,,,,,,,,,,,,,,,,,,,,,,,,,,,,,,,,,
16133,283_32_32,287_19_19,281_1_1,,,,,,,,,,,,,,,,,,,,,,,,,,,,,,,,,,,,,
16134,281_1_1,291_1_1,,,,,,,,,,,,,,,,,,,,,,,,,,,,,,,,,,,,,,
16135,287_19_19,281_2_2,,,,,,,,,,,,,,,,,,,,,,,,,,,,,,,,,,,,,,
16136,287_?_?,290_1_1,,,,,,,,,,,,,,,,,,,,,,,,,,,,,,,,,,,,,,
16137,286_1_1,281_4_4,,,,,,,,,,,,,,,,,,,,,,,,,,,,,,,,,,,,,,
16138,287_14_14,281_1_1,,,,,,,,,,,,,,,,,,,,,,,,,,,,,,,,,,,,,,
16139,285_1_1,286_1_1,,,,,,,,,,,,,,,,,,,,,,,,,,,,,,,,,,,,,,
16140,283_?_?,281_2_2,,,,,,,,,,,,,,,,,,,,,,,,,,,,,,,,,,,,,,
16141,285_1_1,281_4_4,,,,,,,,,,,,,,,,,,,,,,,,,,,,,,,,,,,,,,
16142,289_1_1,287_?_?,,,,,,,,,,,,,,,,,,,,,,,,,,,,,,,,,,,,,,
16143,285_1_1,286_1_1,,,,,,,,,,,,,,,,,,,,,,,,,,,,,,,,,,,,,,
16144,281_4_4,286_2_2,,,,,,,,,,,,,,,,,,,,,,,,,,,,,,,,,,,,,,
16145,285_1_1,281_5_5,,,,,,,,,,,,,,,,,,,,,,,,,,,,,,,,,,,,,,
16146,283_?_?,281_1_1,,,,,,,,,,,,,,,,,,,,,,,,,,,,,,,,,,,,,,
16147,287_14_14,285_1_1,,,,,,,,,,,,,,,,,,,,,,,,,,,,,,,,,,,,,,
16148,283_?_?,287_19_19,,,,,,,,,,,,,,,,,,,,,,,,,,,,,,,,,,,,,,
16149,287_23_23,291_1_1,,,,,,,,,,,,,,,,,,,,,,,,,,,,,,,,,,,,,,
16150,284_?_?,291_1_1,,,,,,,,,,,,,,,,,,,,,,,,,,,,,,,,,,,,,,
16151,281_1_1,289_1_1,,,,,,,,,,,,,,,,,,,,,,,,,,,,,,,,,,,,,,
16152,287_23_23,281_4_4,,,,,,,,,,,,,,,,,,,,,,,,,,,,,,,,,,,,,,
16153,281_2_2,286_2_2,,,,,,,,,,,,,,,,,,,,,,,,,,,,,,,,,,,,,,
16154,281_1_1,289_1_1,,,,,,,,,,,,,,,,,,,,,,,,,,,,,,,,,,,,,,
16155,281_2_2,286_2_2,,,,,,,,,,,,,,,,,,,,,,,,,,,,,,,,,,,,,,
16156,289_1_1,290_1_1,,,,,,,,,,,,,,,,,,,,,,,,,,,,,,,,,,,,,,
16157,281_2_2,291_1_1,,,,,,,,,,,,,,,,,,,,,,,,,,,,,,,,,,,,,,
16158,281_4_4,288_1_1,,,,,,,,,,,,,,,,,,,,,,,,,,,,,,,,,,,,,,
16159,285_1_1,289_1_1,,,,,,,,,,,,,,,,,,,,,,,,,,,,,,,,,,,,,,
16160,287_?_?,291_1_1,,,,,,,,,,,,,,,,,,,,,,,,,,,,,,,,,,,,,,
16161,284_32_32,291_1_1,,,,,,,,,,,,,,,,,,,,,,,,,,,,,,,,,,,,,,
16162,289_1_1,286_2_2,,,,,,,,,,,,,,,,,,,,,,,,,,,,,,,,,,,,,,
16163,281_4_4,290_1_1,291_1_1,,,,,,,,,,,,,,,,,,,,,,,,,,,,,,,,,,,,,
16164,281_2_2,285_1_1,,,,,,,,,,,,,,,,,,,,,,,,,,,,,,,,,,,,,,
16165,285_1_1,287_19_19,,,,,,,,,,,,,,,,,,,,,,,,,,,,,,,,,,,,,,
16166,288_1_1,286_1_1,,,,,,,,,,,,,,,,,,,,,,,,,,,,,,,,,,,,,,
16167,281_1_1,283_32_32,,,,,,,,,,,,,,,,,,,,,,,,,,,,,,,,,,,,,,
16168,281_1_1,285_1_1,,,,,,,,,,,,,,,,,,,,,,,,,,,,,,,,,,,,,,
16169,281_1_1,289_1_1,283_28_28,,,,,,,,,,,,,,,,,,,,,,,,,,,,,,,,,,,,,
16170,285_1_1,281_3_3,,,,,,,,,,,,,,,,,,,,,,,,,,,,,,,,,,,,,,
16171,287_19_19,281_3_3,,,,,,,,,,,,,,,,,,,,,,,,,,,,,,,,,,,,,,
16172,287_19_19,283_28_28,,,,,,,,,,,,,,,,,,,,,,,,,,,,,,,,,,,,,,
16173,286_1_1,287_19_19,,,,,,,,,,,,,,,,,,,,,,,,,,,,,,,,,,,,,,
16174,281_3_3,291_1_1,,,,,,,,,,,,,,,,,,,,,,,,,,,,,,,,,,,,,,
16175,287_?_?,285_1_1,290_2_2,,,,,,,,,,,,,,,,,,,,,,,,,,,,,,,,,,,,,
16176,281_3_3,289_1_1,,,,,,,,,,,,,,,,,,,,,,,,,,,,,,,,,,,,,,
16177,281_3_3,286_1_1,,,,,,,,,,,,,,,,,,,,,,,,,,,,,,,,,,,,,,
16178,282_1_1,283_?_?,,,,,,,,,,,,,,,,,,,,,,,,,,,,,,,,,,,,,,
16179,285_1_1,286_1_1,281_2_2,,,,,,,,,,,,,,,,,,,,,,,,,,,,,,,,,,,,,
16180,285_1_1,281_2_2,,,,,,,,,,,,,,,,,,,,,,,,,,,,,,,,,,,,,,
16181,286_1_1,281_3_3,,,,,,,,,,,,,,,,,,,,,,,,,,,,,,,,,,,,,,
16182,289_1_1,291_1_1,,,,,,,,,,,,,,,,,,,,,,,,,,,,,,,,,,,,,,
16183,289_1_1,283_?_?,,,,,,,,,,,,,,,,,,,,,,,,,,,,,,,,,,,,,,
16184,283_32_32,291_1_1,,,,,,,,,,,,,,,,,,,,,,,,,,,,,,,,,,,,,,
16185,285_1_1,283_28_28,,,,,,,,,,,,,,,,,,,,,,,,,,,,,,,,,,,,,,
16186,283_?_?,288_1_1,,,,,,,,,,,,,,,,,,,,,,,,,,,,,,,,,,,,,,
16187,285_1_1,291_1_1,,,,,,,,,,,,,,,,,,,,,,,,,,,,,,,,,,,,,,
16188,286_1_1,287_14_14,,,,,,,,,,,,,,,,,,,,,,,,,,,,,,,,,,,,,,
16189,291_1_1,283_?_?,,,,,,,,,,,,,,,,,,,,,,,,,,,,,,,,,,,,,,
16190,289_1_1,291_1_1,,,,,,,,,,,,,,,,,,,,,,,,,,,,,,,,,,,,,,
16191,285_1_1,290_1_1,,,,,,,,,,,,,,,,,,,,,,,,,,,,,,,,,,,,,,
16192,286_1_1,285_1_1,,,,,,,,,,,,,,,,,,,,,,,,,,,,,,,,,,,,,,
16193,285_1_1,283_14_14,,,,,,,,,,,,,,,,,,,,,,,,,,,,,,,,,,,,,,
16194,285_1_1,286_1_1,,,,,,,,,,,,,,,,,,,,,,,,,,,,,,,,,,,,,,
16195,285_1_1,291_1_1,,,,,,,,,,,,,,,,,,,,,,,,,,,,,,,,,,,,,,
16196,291_1_1,283_?_?,,,,,,,,,,,,,,,,,,,,,,,,,,,,,,,,,,,,,,
16197,285_1_1,283_14_14,,,,,,,,,,,,,,,,,,,,,,,,,,,,,,,,,,,,,,
16198,285_1_1,281_2_2,286_1_1,,,,,,,,,,,,,,,,,,,,,,,,,,,,,,,,,,,,,
16199,285_1_1,291_1_1,,,,,,,,,,,,,,,,,,,,,,,,,,,,,,,,,,,,,,
16200,285_1_1,283_?_?,,,,,,,,,,,,,,,,,,,,,,,,,,,,,,,,,,,,,,
16201,287_?_?,291_1_1,,,,,,,,,,,,,,,,,,,,,,,,,,,,,,,,,,,,,,
16202,287_?_?,283_?_?,,,,,,,,,,,,,,,,,,,,,,,,,,,,,,,,,,,,,,
16203,288_1_1,287_?_?,,,,,,,,,,,,,,,,,,,,,,,,,,,,,,,,,,,,,,
16204,287_19_19,283_?_?,,,,,,,,,,,,,,,,,,,,,,,,,,,,,,,,,,,,,,
16205,287_?_?,290_1_1,,,,,,,,,,,,,,,,,,,,,,,,,,,,,,,,,,,,,,
16206,286_1_1,285_1_1,,,,,,,,,,,,,,,,,,,,,,,,,,,,,,,,,,,,,,
16207,281_3_3,287_19_19,,,,,,,,,,,,,,,,,,,,,,,,,,,,,,,,,,,,,,
16208,281_3_3,286_1_1,290_1_1,,,,,,,,,,,,,,,,,,,,,,,,,,,,,,,,,,,,,
16209,283_?_?,291_1_1,,,,,,,,,,,,,,,,,,,,,,,,,,,,,,,,,,,,,,
16210,283_14_14,289_1_1,,,,,,,,,,,,,,,,,,,,,,,,,,,,,,,,,,,,,,
16211,288_1_1,290_1_1,,,,,,,,,,,,,,,,,,,,,,,,,,,,,,,,,,,,,,
16212,285_2_2,281_3_3,,,,,,,,,,,,,,,,,,,,,,,,,,,,,,,,,,,,,,
16213,286_1_1,281_3_3,,,,,,,,,,,,,,,,,,,,,,,,,,,,,,,,,,,,,,
16214,286_1_1,285_1_1,,,,,,,,,,,,,,,,,,,,,,,,,,,,,,,,,,,,,,
16215,282_1_1,281_3_3,,,,,,,,,,,,,,,,,,,,,,,,,,,,,,,,,,,,,,
16216,281_3_3,285_1_1,,,,,,,,,,,,,,,,,,,,,,,,,,,,,,,,,,,,,,
16217,290_1_1,283_14_14,,,,,,,,,,,,,,,,,,,,,,,,,,,,,,,,,,,,,,
16218,284_64_64,289_1_1,,,,,,,,,,,,,,,,,,,,,,,,,,,,,,,,,,,,,,
16219,281_2_2,286_1_1,290_1_1,,,,,,,,,,,,,,,,,,,,,,,,,,,,,,,,,,,,,
16220,287_?_?,291_1_1,,,,,,,,,,,,,,,,,,,,,,,,,,,,,,,,,,,,,,
16221,287_?_?,289_1_1,,,,,,,,,,,,,,,,,,,,,,,,,,,,,,,,,,,,,,
16222,281_3_3,287_19_19,,,,,,,,,,,,,,,,,,,,,,,,,,,,,,,,,,,,,,
16223,281_4_4,286_1_1,,,,,,,,,,,,,,,,,,,,,,,,,,,,,,,,,,,,,,
16224,281_2_2,290_1_1,,,,,,,,,,,,,,,,,,,,,,,,,,,,,,,,,,,,,,
16225,286_3_3,281_4_4,,,,,,,,,,,,,,,,,,,,,,,,,,,,,,,,,,,,,,
16226,289_1_1,287_?_?,,,,,,,,,,,,,,,,,,,,,,,,,,,,,,,,,,,,,,
16227,285_1_1,287_?_?,286_1_1,,,,,,,,,,,,,,,,,,,,,,,,,,,,,,,,,,,,,
16228,281_2_2,283_28_28,,,,,,,,,,,,,,,,,,,,,,,,,,,,,,,,,,,,,,
16229,285_1_1,287_?_?,286_1_1,,,,,,,,,,,,,,,,,,,,,,,,,,,,,,,,,,,,,
16230,291_1_1,289_1_1,,,,,,,,,,,,,,,,,,,,,,,,,,,,,,,,,,,,,,
16231,281_2_2,285_1_1,,,,,,,,,,,,,,,,,,,,,,,,,,,,,,,,,,,,,,
16232,289_1_1,281_2_2,,,,,,,,,,,,,,,,,,,,,,,,,,,,,,,,,,,,,,
16233,285_1_1,287_?_?,286_1_1,,,,,,,,,,,,,,,,,,,,,,,,,,,,,,,,,,,,,
16234,281_4_4,286_2_2,,,,,,,,,,,,,,,,,,,,,,,,,,,,,,,,,,,,,,
16235,290_1_1,283_28_28,,,,,,,,,,,,,,,,,,,,,,,,,,,,,,,,,,,,,,
16236,286_1_1,281_2_2,,,,,,,,,,,,,,,,,,,,,,,,,,,,,,,,,,,,,,
16237,285_1_1,287_?_?,286_1_1,,,,,,,,,,,,,,,,,,,,,,,,,,,,,,,,,,,,,
16238,281_2_2,291_1_1,,,,,,,,,,,,,,,,,,,,,,,,,,,,,,,,,,,,,,
16239,285_1_1,287_?_?,286_1_1,,,,,,,,,,,,,,,,,,,,,,,,,,,,,,,,,,,,,
16240,281_3_3,286_1_1,,,,,,,,,,,,,,,,,,,,,,,,,,,,,,,,,,,,,,
16241,286_1_1,281_4_4,,,,,,,,,,,,,,,,,,,,,,,,,,,,,,,,,,,,,,
16242,287_?_?,286_1_1,,,,,,,,,,,,,,,,,,,,,,,,,,,,,,,,,,,,,,
16243,281_1_1,283_?_?,,,,,,,,,,,,,,,,,,,,,,,,,,,,,,,,,,,,,,
16244,286_1_1,288_1_1,,,,,,,,,,,,,,,,,,,,,,,,,,,,,,,,,,,,,,
16245,281_1_1,290_2_2,,,,,,,,,,,,,,,,,,,,,,,,,,,,,,,,,,,,,,
16246,287_?_?,290_1_1,291_1_1,,,,,,,,,,,,,,,,,,,,,,,,,,,,,,,,,,,,,
16247,287_?_?,,,,,,,,,,,,,,,,,,,,,,,,,,,,,,,,,,,,,,,
16248,283_?_?,281_1_1,,,,,,,,,,,,,,,,,,,,,,,,,,,,,,,,,,,,,,
16249,289_1_1,281_2_2,,,,,,,,,,,,,,,,,,,,,,,,,,,,,,,,,,,,,,
16250,291_1_1,281_2_2,,,,,,,,,,,,,,,,,,,,,,,,,,,,,,,,,,,,,,
16251,283_14_14,281_2_2,,,,,,,,,,,,,,,,,,,,,,,,,,,,,,,,,,,,,,
16252,289_1_1,281_2_2,,,,,,,,,,,,,,,,,,,,,,,,,,,,,,,,,,,,,,
16253,287_23_23,281_1_1,,,,,,,,,,,,,,,,,,,,,,,,,,,,,,,,,,,,,,
16254,281_1_1,,,,,,,,,,,,,,,,,,,,,,,,,,,,,,,,,,,,,,,
16255,289_1_1,281_2_2,,,,,,,,,,,,,,,,,,,,,,,,,,,,,,,,,,,,,,
16256,289_1_1,286_1_1,,,,,,,,,,,,,,,,,,,,,,,,,,,,,,,,,,,,,,
16257,281_1_1,288_1_1,,,,,,,,,,,,,,,,,,,,,,,,,,,,,,,,,,,,,,
16258,289_1_1,281_2_2,,,,,,,,,,,,,,,,,,,,,,,,,,,,,,,,,,,,,,
16259,281_1_1,287_?_?,,,,,,,,,,,,,,,,,,,,,,,,,,,,,,,,,,,,,,
16261,287_19_19,283_32_32,,,,,,,,,,,,,,,,,,,,,,,,,,,,,,,,,,,,,,
16262,285_1_1,286_2_2,,,,,,,,,,,,,,,,,,,,,,,,,,,,,,,,,,,,,,
16263,287_?_?,283_?_?,,,,,,,,,,,,,,,,,,,,,,,,,,,,,,,,,,,,,,
16264,287_?_?,289_1_1,,,,,,,,,,,,,,,,,,,,,,,,,,,,,,,,,,,,,,
16265,289_1_1,287_?_?,,,,,,,,,,,,,,,,,,,,,,,,,,,,,,,,,,,,,,
16266,286_3_3,288_1_1,,,,,,,,,,,,,,,,,,,,,,,,,,,,,,,,,,,,,,
16269,2161_1_1,,,,,,,,,,,,,,,,,,,,,,,,,,,,,,,,,,,,,,,
16270,2161_2_2,,,,,,,,,,,,,,,,,,,,,,,,,,,,,,,,,,,,,,,
16271,2161_3_3,,,,,,,,,,,,,,,,,,,,,,,,,,,,,,,,,,,,,,,
16275,2163_1_1,,,,,,,,,,,,,,,,,,,,,,,,,,,,,,,,,,,,,,,
16276,2163_2_2,,,,,,,,,,,,,,,,,,,,,,,,,,,,,,,,,,,,,,,
16277,2163_3_3,,,,,,,,,,,,,,,,,,,,,,,,,,,,,,,,,,,,,,,
16278,2164_1_1,,,,,,,,,,,,,,,,,,,,,,,,,,,,,,,,,,,,,,,
16279,2164_2_2,,,,,,,,,,,,,,,,,,,,,,,,,,,,,,,,,,,,,,,
16280,2164_3_3,,,,,,,,,,,,,,,,,,,,,,,,,,,,,,,,,,,,,,,
16281,126_100_100,,,,,,,,,,,,,,,,,,,,,,,,,,,,,,,,,,,,,,,
16282,126_150_150,,,,,,,,,,,,,,,,,,,,,,,,,,,,,,,,,,,,,,,
16283,126_225_225,,,,,,,,,,,,,,,,,,,,,,,,,,,,,,,,,,,,,,,
16284,123_100_100,,,,,,,,,,,,,,,,,,,,,,,,,,,,,,,,,,,,,,,
16285,123_150_150,,,,,,,,,,,,,,,,,,,,,,,,,,,,,,,,,,,,,,,
16286,123_225_225,,,,,,,,,,,,,,,,,,,,,,,,,,,,,,,,,,,,,,,
16287,118_100_100,,,,,,,,,,,,,,,,,,,,,,,,,,,,,,,,,,,,,,,
16288,118_150_150,,,,,,,,,,,,,,,,,,,,,,,,,,,,,,,,,,,,,,,
16289,118_225_225,,,,,,,,,,,,,,,,,,,,,,,,,,,,,,,,,,,,,,,
16290,119_100_100,,,,,,,,,,,,,,,,,,,,,,,,,,,,,,,,,,,,,,,
16291,119_150_150,,,,,,,,,,,,,,,,,,,,,,,,,,,,,,,,,,,,,,,
16292,119_225_225,,,,,,,,,,,,,,,,,,,,,,,,,,,,,,,,,,,,,,,
16293,125_200_200,,,,,,,,,,,,,,,,,,,,,,,,,,,,,,,,,,,,,,,
16294,125_350_350,,,,,,,,,,,,,,,,,,,,,,,,,,,,,,,,,,,,,,,
16295,125_500_500,,,,,,,,,,,,,,,,,,,,,,,,,,,,,,,,,,,,,,,
16296,112_20_20,,,,,,,,,,,,,,,,,,,,,,,,,,,,,,,,,,,,,,,
16297,112_30_30,,,,,,,,,,,,,,,,,,,,,,,,,,,,,,,,,,,,,,,
16298,112_45_45,,,,,,,,,,,,,,,,,,,,,,,,,,,,,,,,,,,,,,,
16299,126_150_150,,,,,,,,,,,,,,,,,,,,,,,,,,,,,,,,,,,,,,,
16300,126_225_225,,,,,,,,,,,,,,,,,,,,,,,,,,,,,,,,,,,,,,,
16301,126_330_330,,,,,,,,,,,,,,,,,,,,,,,,,,,,,,,,,,,,,,,
16302,123_150_150,,,,,,,,,,,,,,,,,,,,,,,,,,,,,,,,,,,,,,,
16303,123_225_225,,,,,,,,,,,,,,,,,,,,,,,,,,,,,,,,,,,,,,,
16304,123_330_330,,,,,,,,,,,,,,,,,,,,,,,,,,,,,,,,,,,,,,,
16305,118_150_150,,,,,,,,,,,,,,,,,,,,,,,,,,,,,,,,,,,,,,,
16306,118_225_225,,,,,,,,,,,,,,,,,,,,,,,,,,,,,,,,,,,,,,,
16307,118_330_330,,,,,,,,,,,,,,,,,,,,,,,,,,,,,,,,,,,,,,,
16308,119_150_150,,,,,,,,,,,,,,,,,,,,,,,,,,,,,,,,,,,,,,,
16309,119_225_225,,,,,,,,,,,,,,,,,,,,,,,,,,,,,,,,,,,,,,,
16310,119_330_330,,,,,,,,,,,,,,,,,,,,,,,,,,,,,,,,,,,,,,,
16311,125_300_300,214_10_10,213_10_10,212_10_10,211_10_10,210_10_10,,,,,,,,,,,,,,,,,,,,,,,,,,,,,,,,,,
16312,125_450_450,214_12_12,213_12_12,212_12_12,211_12_12,210_12_12,,,,,,,,,,,,,,,,,,,,,,,,,,,,,,,,,,
16313,125_600_600,214_15_15,213_15_15,212_15_15,211_15_15,210_15_15,,,,,,,,,,,,,,,,,,,,,,,,,,,,,,,,,,
16314,138_100_100,115_10_10,,,,,,,,,,,,,,,,,,,,,,,,,,,,,,,,,,,,,,
16315,138_150_150,115_20_20,,,,,,,,,,,,,,,,,,,,,,,,,,,,,,,,,,,,,,
16316,138_230_230,115_30_30,,,,,,,,,,,,,,,,,,,,,,,,,,,,,,,,,,,,,,
16317,126_225_225,2008_5_5,,,,,,,,,,,,,,,,,,,,,,,,,,,,,,,,,,,,,,
16318,126_330_330,2008_8_8,,,,,,,,,,,,,,,,,,,,,,,,,,,,,,,,,,,,,,
16319,126_550_550,2008_12_12,,,,,,,,,,,,,,,,,,,,,,,,,,,,,,,,,,,,,,
16320,123_225_225,2008_5_5,,,,,,,,,,,,,,,,,,,,,,,,,,,,,,,,,,,,,,
16321,123_330_330,2008_8_8,,,,,,,,,,,,,,,,,,,,,,,,,,,,,,,,,,,,,,
16322,123_550_550,2008_12_12,,,,,,,,,,,,,,,,,,,,,,,,,,,,,,,,,,,,,,
16323,118_225_225,2008_5_5,,,,,,,,,,,,,,,,,,,,,,,,,,,,,,,,,,,,,,
16324,118_330_330,2008_8_8,,,,,,,,,,,,,,,,,,,,,,,,,,,,,,,,,,,,,,
16325,118_550_550,2008_12_12,,,,,,,,,,,,,,,,,,,,,,,,,,,,,,,,,,,,,,
16326,119_225_225,2008_5_5,,,,,,,,,,,,,,,,,,,,,,,,,,,,,,,,,,,,,,
16327,119_330_330,2008_8_8,,,,,,,,,,,,,,,,,,,,,,,,,,,,,,,,,,,,,,
16328,119_550_550,2008_12_12,,,,,,,,,,,,,,,,,,,,,,,,,,,,,,,,,,,,,,
16329,125_450_450,214_10_10,213_10_10,212_10_10,211_10_10,210_10_10,,,,,,,,,,,,,,,,,,,,,,,,,,,,,,,,,,
16330,125_600_600,214_15_15,213_15_15,212_15_15,211_15_15,210_15_15,,,,,,,,,,,,,,,,,,,,,,,,,,,,,,,,,,
16331,125_750_750,214_20_20,213_20_20,212_20_20,211_20_20,210_20_20,,,,,,,,,,,,,,,,,,,,,,,,,,,,,,,,,,
16332,138_150_150,115_15_15,,,,,,,,,,,,,,,,,,,,,,,,,,,,,,,,,,,,,,
16333,138_230_230,115_17_17,,,,,,,,,,,,,,,,,,,,,,,,,,,,,,,,,,,,,,
16334,138_350_350,115_20_20,,,,,,,,,,,,,,,,,,,,,,,,,,,,,,,,,,,,,,
16335,115_10_10,,,,,,,,,,,,,,,,,,,,,,,,,,,,,,,,,,,,,,,
16336,115_20_20,,,,,,,,,,,,,,,,,,,,,,,,,,,,,,,,,,,,,,,
16337,115_30_30,,,,,,,,,,,,,,,,,,,,,,,,,,,,,,,,,,,,,,,
16338,111_1_1,,,,,,,,,,,,,,,,,,,,,,,,,,,,,,,,,,,,,,,
16339,111_2_2,,,,,,,,,,,,,,,,,,,,,,,,,,,,,,,,,,,,,,,
16340,111_3_3,,,,,,,,,,,,,,,,,,,,,,,,,,,,,,,,,,,,,,,
16341,128_1_1,,,,,,,,,,,,,,,,,,,,,,,,,,,,,,,,,,,,,,,
16342,128_2_2,,,,,,,,,,,,,,,,,,,,,,,,,,,,,,,,,,,,,,,
16343,128_3_3,,,,,,,,,,,,,,,,,,,,,,,,,,,,,,,,,,,,,,,
16344,138_75_75,,,,,,,,,,,,,,,,,,,,,,,,,,,,,,,,,,,,,,,
16345,138_120_120,,,,,,,,,,,,,,,,,,,,,,,,,,,,,,,,,,,,,,,
16346,138_180_180,,,,,,,,,,,,,,,,,,,,,,,,,,,,,,,,,,,,,,,
16347,214_15_15,213_15_15,212_15_15,211_15_15,210_15_15,,,,,,,,,,,,,,,,,,,,,,,,,,,,,,,,,,,
16348,214_20_20,213_20_20,212_20_20,211_20_20,210_20_20,,,,,,,,,,,,,,,,,,,,,,,,,,,,,,,,,,,
16349,214_25_25,213_25_25,212_25_25,211_25_25,210_25_25,,,,,,,,,,,,,,,,,,,,,,,,,,,,,,,,,,,
16350,2165_?_?,,,,,,,,,,,,,,,,,,,,,,,,,,,,,,,,,,,,,,,
16351,2165_?_?,,,,,,,,,,,,,,,,,,,,,,,,,,,,,,,,,,,,,,,
16352,2165_?_?,,,,,,,,,,,,,,,,,,,,,,,,,,,,,,,,,,,,,,,
16353,2165_?_?,,,,,,,,,,,,,,,,,,,,,,,,,,,,,,,,,,,,,,,
16354,2165_?_?,,,,,,,,,,,,,,,,,,,,,,,,,,,,,,,,,,,,,,,
16355,2165_?_?,,,,,,,,,,,,,,,,,,,,,,,,,,,,,,,,,,,,,,,
16356,2165_?_?,,,,,,,,,,,,,,,,,,,,,,,,,,,,,,,,,,,,,,,
16357,2165_?_?,,,,,,,,,,,,,,,,,,,,,,,,,,,,,,,,,,,,,,,
16358,2165_?_?,,,,,,,,,,,,,,,,,,,,,,,,,,,,,,,,,,,,,,,
16359,2165_?_?,,,,,,,,,,,,,,,,,,,,,,,,,,,,,,,,,,,,,,,
16360,2165_?_?,,,,,,,,,,,,,,,,,,,,,,,,,,,,,,,,,,,,,,,
16361,2165_?_?,,,,,,,,,,,,,,,,,,,,,,,,,,,,,,,,,,,,,,,
16362,2166_32_32,,,,,,,,,,,,,,,,,,,,,,,,,,,,,,,,,,,,,,,
16363,2166_64_64,,,,,,,,,,,,,,,,,,,,,,,,,,,,,,,,,,,,,,,
16364,2166_?_?,,,,,,,,,,,,,,,,,,,,,,,,,,,,,,,,,,,,,,,
16365,2166_32_32,,,,,,,,,,,,,,,,,,,,,,,,,,,,,,,,,,,,,,,
16366,2166_64_64,,,,,,,,,,,,,,,,,,,,,,,,,,,,,,,,,,,,,,,
16367,2166_?_?,,,,,,,,,,,,,,,,,,,,,,,,,,,,,,,,,,,,,,,
16368,2166_32_32,,,,,,,,,,,,,,,,,,,,,,,,,,,,,,,,,,,,,,,
16369,2166_64_64,,,,,,,,,,,,,,,,,,,,,,,,,,,,,,,,,,,,,,,
16370,2166_?_?,,,,,,,,,,,,,,,,,,,,,,,,,,,,,,,,,,,,,,,
16371,2166_32_32,,,,,,,,,,,,,,,,,,,,,,,,,,,,,,,,,,,,,,,
16372,2166_64_64,,,,,,,,,,,,,,,,,,,,,,,,,,,,,,,,,,,,,,,
16373,2166_?_?,,,,,,,,,,,,,,,,,,,,,,,,,,,,,,,,,,,,,,,
16374,722_?_?,,,,,,,,,,,,,,,,,,,,,,,,,,,,,,,,,,,,,,,
16375,722_?_?,,,,,,,,,,,,,,,,,,,,,,,,,,,,,,,,,,,,,,,
16376,722_?_?,,,,,,,,,,,,,,,,,,,,,,,,,,,,,,,,,,,,,,,
16377,722_?_?,,,,,,,,,,,,,,,,,,,,,,,,,,,,,,,,,,,,,,,
16378,2161_2_2,,,,,,,,,,,,,,,,,,,,,,,,,,,,,,,,,,,,,,,
16379,2161_5_5,,,,,,,,,,,,,,,,,,,,,,,,,,,,,,,,,,,,,,,
16380,2162_1_1,,,,,,,,,,,,,,,,,,,,,,,,,,,,,,,,,,,,,,,
16381,2162_2_2,,,,,,,,,,,,,,,,,,,,,,,,,,,,,,,,,,,,,,,
16382,722_?_?,,,,,,,,,,,,,,,,,,,,,,,,,,,,,,,,,,,,,,,
16383,722_?_?,,,,,,,,,,,,,,,,,,,,,,,,,,,,,,,,,,,,,,,
16384,722_?_?,,,,,,,,,,,,,,,,,,,,,,,,,,,,,,,,,,,,,,,
16385,722_?_?,,,,,,,,,,,,,,,,,,,,,,,,,,,,,,,,,,,,,,,
16386,722_?_?,,,,,,,,,,,,,,,,,,,,,,,,,,,,,,,,,,,,,,,
16387,722_?_?,,,,,,,,,,,,,,,,,,,,,,,,,,,,,,,,,,,,,,,
16388,722_?_?,,,,,,,,,,,,,,,,,,,,,,,,,,,,,,,,,,,,,,,
16389,722_?_?,,,,,,,,,,,,,,,,,,,,,,,,,,,,,,,,,,,,,,,
16390,722_?_?,,,,,,,,,,,,,,,,,,,,,,,,,,,,,,,,,,,,,,,
16391,722_?_?,,,,,,,,,,,,,,,,,,,,,,,,,,,,,,,,,,,,,,,
16392,722_?_?,,,,,,,,,,,,,,,,,,,,,,,,,,,,,,,,,,,,,,,
16393,722_?_?,,,,,,,,,,,,,,,,,,,,,,,,,,,,,,,,,,,,,,,
16394,722_?_?,,,,,,,,,,,,,,,,,,,,,,,,,,,,,,,,,,,,,,,
16395,722_?_?,,,,,,,,,,,,,,,,,,,,,,,,,,,,,,,,,,,,,,,
16396,722_?_?,,,,,,,,,,,,,,,,,,,,,,,,,,,,,,,,,,,,,,,
16397,722_?_?,,,,,,,,,,,,,,,,,,,,,,,,,,,,,,,,,,,,,,,
16501,2172_1004_1004,,,,,,,,,,,,,,,,,,,,,,,,,,,,,,,,,,,,,,,
16502,2172_?_?,,,,,,,,,,,,,,,,,,,,,,,,,,,,,,,,,,,,,,,
16503,2172_1035_1035,,,,,,,,,,,,,,,,,,,,,,,,,,,,,,,,,,,,,,,
16504,2172_?_?,,,,,,,,,,,,,,,,,,,,,,,,,,,,,,,,,,,,,,,
16505,2172_1034_1034,,,,,,,,,,,,,,,,,,,,,,,,,,,,,,,,,,,,,,,
16506,2172_?_?,,,,,,,,,,,,,,,,,,,,,,,,,,,,,,,,,,,,,,,
16507,2172_?_?,,,,,,,,,,,,,,,,,,,,,,,,,,,,,,,,,,,,,,,
16508,2173_?_?,,,,,,,,,,,,,,,,,,,,,,,,,,,,,,,,,,,,,,,
16509,2172_?_?,,,,,,,,,,,,,,,,,,,,,,,,,,,,,,,,,,,,,,,
16510,2173_?_?,,,,,,,,,,,,,,,,,,,,,,,,,,,,,,,,,,,,,,,
16511,2172_1026_1026,,,,,,,,,,,,,,,,,,,,,,,,,,,,,,,,,,,,,,,
16512,2173_1026_1026,,,,,,,,,,,,,,,,,,,,,,,,,,,,,,,,,,,,,,,
16513,2172_1017_1017,,,,,,,,,,,,,,,,,,,,,,,,,,,,,,,,,,,,,,,
16514,2173_1017_1017,,,,,,,,,,,,,,,,,,,,,,,,,,,,,,,,,,,,,,,
16515,2172_?_?,,,,,,,,,,,,,,,,,,,,,,,,,,,,,,,,,,,,,,,
16516,2173_?_?,,,,,,,,,,,,,,,,,,,,,,,,,,,,,,,,,,,,,,,
16517,2172_?_?,,,,,,,,,,,,,,,,,,,,,,,,,,,,,,,,,,,,,,,
16518,2173_?_?,,,,,,,,,,,,,,,,,,,,,,,,,,,,,,,,,,,,,,,
16519,2172_?_?,,,,,,,,,,,,,,,,,,,,,,,,,,,,,,,,,,,,,,,
16520,2172_?_?,,,,,,,,,,,,,,,,,,,,,,,,,,,,,,,,,,,,,,,
16521,2172_?_?,,,,,,,,,,,,,,,,,,,,,,,,,,,,,,,,,,,,,,,
16522,2173_?_?,,,,,,,,,,,,,,,,,,,,,,,,,,,,,,,,,,,,,,,
16523,2172_?_?,,,,,,,,,,,,,,,,,,,,,,,,,,,,,,,,,,,,,,,
16524,2173_?_?,,,,,,,,,,,,,,,,,,,,,,,,,,,,,,,,,,,,,,,
16525,2172_?_?,,,,,,,,,,,,,,,,,,,,,,,,,,,,,,,,,,,,,,,
16526,2173_?_?,,,,,,,,,,,,,,,,,,,,,,,,,,,,,,,,,,,,,,,
16527,2172_?_?,,,,,,,,,,,,,,,,,,,,,,,,,,,,,,,,,,,,,,,
16528,2173_?_?,,,,,,,,,,,,,,,,,,,,,,,,,,,,,,,,,,,,,,,
16529,2172_?_?,,,,,,,,,,,,,,,,,,,,,,,,,,,,,,,,,,,,,,,
16530,2172_?_?,,,,,,,,,,,,,,,,,,,,,,,,,,,,,,,,,,,,,,,
16531,2173_?_?,,,,,,,,,,,,,,,,,,,,,,,,,,,,,,,,,,,,,,,
16532,2172_1030_1030,,,,,,,,,,,,,,,,,,,,,,,,,,,,,,,,,,,,,,,
16533,2173_1030_1030,,,,,,,,,,,,,,,,,,,,,,,,,,,,,,,,,,,,,,,
16534,2172_?_?,,,,,,,,,,,,,,,,,,,,,,,,,,,,,,,,,,,,,,,
16535,2173_?_?,,,,,,,,,,,,,,,,,,,,,,,,,,,,,,,,,,,,,,,
16536,2172_?_?,,,,,,,,,,,,,,,,,,,,,,,,,,,,,,,,,,,,,,,
16537,2173_?_?,,,,,,,,,,,,,,,,,,,,,,,,,,,,,,,,,,,,,,,
16538,2172_?_?,,,,,,,,,,,,,,,,,,,,,,,,,,,,,,,,,,,,,,,
16539,2173_?_?,,,,,,,,,,,,,,,,,,,,,,,,,,,,,,,,,,,,,,,
16540,2172_?_?,,,,,,,,,,,,,,,,,,,,,,,,,,,,,,,,,,,,,,,
16541,2173_?_?,,,,,,,,,,,,,,,,,,,,,,,,,,,,,,,,,,,,,,,
16542,2172_?_?,,,,,,,,,,,,,,,,,,,,,,,,,,,,,,,,,,,,,,,
16543,2173_?_?,,,,,,,,,,,,,,,,,,,,,,,,,,,,,,,,,,,,,,,
16544,2172_?_?,,,,,,,,,,,,,,,,,,,,,,,,,,,,,,,,,,,,,,,
16545,2172_?_?,,,,,,,,,,,,,,,,,,,,,,,,,,,,,,,,,,,,,,,
16546,2172_?_?,,,,,,,,,,,,,,,,,,,,,,,,,,,,,,,,,,,,,,,
16547,2173_?_?,,,,,,,,,,,,,,,,,,,,,,,,,,,,,,,,,,,,,,,
16548,2172_?_?,,,,,,,,,,,,,,,,,,,,,,,,,,,,,,,,,,,,,,,
16549,2173_?_?,,,,,,,,,,,,,,,,,,,,,,,,,,,,,,,,,,,,,,,
16550,2172_?_?,,,,,,,,,,,,,,,,,,,,,,,,,,,,,,,,,,,,,,,
16551,2172_?_?,,,,,,,,,,,,,,,,,,,,,,,,,,,,,,,,,,,,,,,
16552,2173_?_?,,,,,,,,,,,,,,,,,,,,,,,,,,,,,,,,,,,,,,,
16553,2172_?_?,,,,,,,,,,,,,,,,,,,,,,,,,,,,,,,,,,,,,,,
16554,2172_?_?,,,,,,,,,,,,,,,,,,,,,,,,,,,,,,,,,,,,,,,
16555,2172_1000_1000,,,,,,,,,,,,,,,,,,,,,,,,,,,,,,,,,,,,,,,
16556,2173_1000_1000,,,,,,,,,,,,,,,,,,,,,,,,,,,,,,,,,,,,,,,
16557,2172_1001_1001,,,,,,,,,,,,,,,,,,,,,,,,,,,,,,,,,,,,,,,
16558,2173_1001_1001,,,,,,,,,,,,,,,,,,,,,,,,,,,,,,,,,,,,,,,
16559,2172_?_?,,,,,,,,,,,,,,,,,,,,,,,,,,,,,,,,,,,,,,,
16560,2173_?_?,,,,,,,,,,,,,,,,,,,,,,,,,,,,,,,,,,,,,,,
16561,2172_1032_1032,,,,,,,,,,,,,,,,,,,,,,,,,,,,,,,,,,,,,,,
16562,2172_?_?,,,,,,,,,,,,,,,,,,,,,,,,,,,,,,,,,,,,,,,
16563,2173_?_?,,,,,,,,,,,,,,,,,,,,,,,,,,,,,,,,,,,,,,,
16564,2172_1022_1022,,,,,,,,,,,,,,,,,,,,,,,,,,,,,,,,,,,,,,,
16565,2173_1022_1022,,,,,,,,,,,,,,,,,,,,,,,,,,,,,,,,,,,,,,,
16566,2172_?_?,,,,,,,,,,,,,,,,,,,,,,,,,,,,,,,,,,,,,,,
16567,2173_?_?,,,,,,,,,,,,,,,,,,,,,,,,,,,,,,,,,,,,,,,
16568,2172_1023_1023,,,,,,,,,,,,,,,,,,,,,,,,,,,,,,,,,,,,,,,
16569,2173_1023_1023,,,,,,,,,,,,,,,,,,,,,,,,,,,,,,,,,,,,,,,
16570,2172_?_?,,,,,,,,,,,,,,,,,,,,,,,,,,,,,,,,,,,,,,,
16571,2173_?_?,,,,,,,,,,,,,,,,,,,,,,,,,,,,,,,,,,,,,,,
16572,2172_1025_1025,,,,,,,,,,,,,,,,,,,,,,,,,,,,,,,,,,,,,,,
16573,2173_1025_1025,,,,,,,,,,,,,,,,,,,,,,,,,,,,,,,,,,,,,,,
16574,2172_?_?,,,,,,,,,,,,,,,,,,,,,,,,,,,,,,,,,,,,,,,
16575,2173_?_?,,,,,,,,,,,,,,,,,,,,,,,,,,,,,,,,,,,,,,,
16576,2172_?_?,,,,,,,,,,,,,,,,,,,,,,,,,,,,,,,,,,,,,,,
16577,2173_?_?,,,,,,,,,,,,,,,,,,,,,,,,,,,,,,,,,,,,,,,
16578,2172_1002_1002,,,,,,,,,,,,,,,,,,,,,,,,,,,,,,,,,,,,,,,
16579,2173_1002_1002,,,,,,,,,,,,,,,,,,,,,,,,,,,,,,,,,,,,,,,
16580,2172_1006_1006,,,,,,,,,,,,,,,,,,,,,,,,,,,,,,,,,,,,,,,
16581,2172_?_?,,,,,,,,,,,,,,,,,,,,,,,,,,,,,,,,,,,,,,,
16582,2173_?_?,,,,,,,,,,,,,,,,,,,,,,,,,,,,,,,,,,,,,,,
16583,2172_1014_1014,,,,,,,,,,,,,,,,,,,,,,,,,,,,,,,,,,,,,,,
16584,2172_?_?,,,,,,,,,,,,,,,,,,,,,,,,,,,,,,,,,,,,,,,
16585,2172_1027_1027,,,,,,,,,,,,,,,,,,,,,,,,,,,,,,,,,,,,,,,
16586,2172_?_?,,,,,,,,,,,,,,,,,,,,,,,,,,,,,,,,,,,,,,,
16587,2172_?_?,,,,,,,,,,,,,,,,,,,,,,,,,,,,,,,,,,,,,,,
16588,2173_?_?,,,,,,,,,,,,,,,,,,,,,,,,,,,,,,,,,,,,,,,
16589,2172_?_?,,,,,,,,,,,,,,,,,,,,,,,,,,,,,,,,,,,,,,,
16590,2172_?_?,,,,,,,,,,,,,,,,,,,,,,,,,,,,,,,,,,,,,,,
16591,2173_?_?,,,,,,,,,,,,,,,,,,,,,,,,,,,,,,,,,,,,,,,
16592,2172_?_?,,,,,,,,,,,,,,,,,,,,,,,,,,,,,,,,,,,,,,,
16593,2173_?_?,,,,,,,,,,,,,,,,,,,,,,,,,,,,,,,,,,,,,,,
16594,2172_?_?,,,,,,,,,,,,,,,,,,,,,,,,,,,,,,,,,,,,,,,
16595,2173_?_?,,,,,,,,,,,,,,,,,,,,,,,,,,,,,,,,,,,,,,,
16596,2172_?_?,,,,,,,,,,,,,,,,,,,,,,,,,,,,,,,,,,,,,,,
16597,2173_?_?,,,,,,,,,,,,,,,,,,,,,,,,,,,,,,,,,,,,,,,
16598,2172_?_?,,,,,,,,,,,,,,,,,,,,,,,,,,,,,,,,,,,,,,,
16599,2172_?_?,,,,,,,,,,,,,,,,,,,,,,,,,,,,,,,,,,,,,,,
16600,2172_?_?,,,,,,,,,,,,,,,,,,,,,,,,,,,,,,,,,,,,,,,
16601,2173_?_?,,,,,,,,,,,,,,,,,,,,,,,,,,,,,,,,,,,,,,,
16602,2172_?_?,,,,,,,,,,,,,,,,,,,,,,,,,,,,,,,,,,,,,,,
16603,2173_?_?,,,,,,,,,,,,,,,,,,,,,,,,,,,,,,,,,,,,,,,
16604,2172_?_?,,,,,,,,,,,,,,,,,,,,,,,,,,,,,,,,,,,,,,,
16605,2172_?_?,,,,,,,,,,,,,,,,,,,,,,,,,,,,,,,,,,,,,,,
16606,2173_?_?,,,,,,,,,,,,,,,,,,,,,,,,,,,,,,,,,,,,,,,
16607,2172_?_?,,,,,,,,,,,,,,,,,,,,,,,,,,,,,,,,,,,,,,,
16608,2173_?_?,,,,,,,,,,,,,,,,,,,,,,,,,,,,,,,,,,,,,,,
16609,2172_1007_1007,,,,,,,,,,,,,,,,,,,,,,,,,,,,,,,,,,,,,,,
16610,2172_?_?,,,,,,,,,,,,,,,,,,,,,,,,,,,,,,,,,,,,,,,
16611,2173_?_?,,,,,,,,,,,,,,,,,,,,,,,,,,,,,,,,,,,,,,,
16612,2172_?_?,,,,,,,,,,,,,,,,,,,,,,,,,,,,,,,,,,,,,,,
16613,2173_?_?,,,,,,,,,,,,,,,,,,,,,,,,,,,,,,,,,,,,,,,
16614,2172_1010_1010,,,,,,,,,,,,,,,,,,,,,,,,,,,,,,,,,,,,,,,
16615,2173_1010_1010,,,,,,,,,,,,,,,,,,,,,,,,,,,,,,,,,,,,,,,
16616,2172_1015_1015,,,,,,,,,,,,,,,,,,,,,,,,,,,,,,,,,,,,,,,
16617,2173_1015_1015,,,,,,,,,,,,,,,,,,,,,,,,,,,,,,,,,,,,,,,
16618,2172_?_?,,,,,,,,,,,,,,,,,,,,,,,,,,,,,,,,,,,,,,,
16619,2173_?_?,,,,,,,,,,,,,,,,,,,,,,,,,,,,,,,,,,,,,,,
16620,2172_?_?,,,,,,,,,,,,,,,,,,,,,,,,,,,,,,,,,,,,,,,
16621,2173_?_?,,,,,,,,,,,,,,,,,,,,,,,,,,,,,,,,,,,,,,,
16622,2172_?_?,,,,,,,,,,,,,,,,,,,,,,,,,,,,,,,,,,,,,,,
16623,2172_1020_1020,,,,,,,,,,,,,,,,,,,,,,,,,,,,,,,,,,,,,,,
16624,2172_1021_1021,,,,,,,,,,,,,,,,,,,,,,,,,,,,,,,,,,,,,,,
16625,2173_1021_1021,,,,,,,,,,,,,,,,,,,,,,,,,,,,,,,,,,,,,,,
16626,2172_?_?,,,,,,,,,,,,,,,,,,,,,,,,,,,,,,,,,,,,,,,
16627,2172_?_?,,,,,,,,,,,,,,,,,,,,,,,,,,,,,,,,,,,,,,,
16628,2172_1024_1024,,,,,,,,,,,,,,,,,,,,,,,,,,,,,,,,,,,,,,,
16629,2173_1024_1024,,,,,,,,,,,,,,,,,,,,,,,,,,,,,,,,,,,,,,,
16630,2172_?_?,,,,,,,,,,,,,,,,,,,,,,,,,,,,,,,,,,,,,,,
16631,2172_1005_1005,,,,,,,,,,,,,,,,,,,,,,,,,,,,,,,,,,,,,,,
16632,2172_?_?,,,,,,,,,,,,,,,,,,,,,,,,,,,,,,,,,,,,,,,
16633,2172_1029_1029,,,,,,,,,,,,,,,,,,,,,,,,,,,,,,,,,,,,,,,
16634,2172_1033_1033,,,,,,,,,,,,,,,,,,,,,,,,,,,,,,,,,,,,,,,
16635,2172_1039_1039,,,,,,,,,,,,,,,,,,,,,,,,,,,,,,,,,,,,,,,
16636,2173_1039_1039,,,,,,,,,,,,,,,,,,,,,,,,,,,,,,,,,,,,,,,
16637,2172_?_?,,,,,,,,,,,,,,,,,,,,,,,,,,,,,,,,,,,,,,,
16638,2173_?_?,,,,,,,,,,,,,,,,,,,,,,,,,,,,,,,,,,,,,,,
16639,2172_?_?,,,,,,,,,,,,,,,,,,,,,,,,,,,,,,,,,,,,,,,
16640,2173_?_?,,,,,,,,,,,,,,,,,,,,,,,,,,,,,,,,,,,,,,,
16641,2172_?_?,,,,,,,,,,,,,,,,,,,,,,,,,,,,,,,,,,,,,,,
16642,2172_1040_1040,,,,,,,,,,,,,,,,,,,,,,,,,,,,,,,,,,,,,,,
16643,2172_1041_1041,,,,,,,,,,,,,,,,,,,,,,,,,,,,,,,,,,,,,,,
16644,2172_1042_1042,,,,,,,,,,,,,,,,,,,,,,,,,,,,,,,,,,,,,,,
16645,2172_?_?,,,,,,,,,,,,,,,,,,,,,,,,,,,,,,,,,,,,,,,
16646,2173_?_?,,,,,,,,,,,,,,,,,,,,,,,,,,,,,,,,,,,,,,,
16647,2172_?_?,,,,,,,,,,,,,,,,,,,,,,,,,,,,,,,,,,,,,,,
16648,2173_?_?,,,,,,,,,,,,,,,,,,,,,,,,,,,,,,,,,,,,,,,
16649,2172_?_?,,,,,,,,,,,,,,,,,,,,,,,,,,,,,,,,,,,,,,,
16650,2172_?_?,,,,,,,,,,,,,,,,,,,,,,,,,,,,,,,,,,,,,,,
16651,2173_?_?,,,,,,,,,,,,,,,,,,,,,,,,,,,,,,,,,,,,,,,
16652,2172_?_?,,,,,,,,,,,,,,,,,,,,,,,,,,,,,,,,,,,,,,,
16653,2172_1012_1012,,,,,,,,,,,,,,,,,,,,,,,,,,,,,,,,,,,,,,,
16654,2172_1013_1013,,,,,,,,,,,,,,,,,,,,,,,,,,,,,,,,,,,,,,,
16655,2172_?_?,,,,,,,,,,,,,,,,,,,,,,,,,,,,,,,,,,,,,,,
16656,2172_?_?,,,,,,,,,,,,,,,,,,,,,,,,,,,,,,,,,,,,,,,
16657,2173_?_?,,,,,,,,,,,,,,,,,,,,,,,,,,,,,,,,,,,,,,,
16658,2172_?_?,,,,,,,,,,,,,,,,,,,,,,,,,,,,,,,,,,,,,,,
16659,2173_?_?,,,,,,,,,,,,,,,,,,,,,,,,,,,,,,,,,,,,,,,
16660,2172_?_?,,,,,,,,,,,,,,,,,,,,,,,,,,,,,,,,,,,,,,,
16661,2173_?_?,,,,,,,,,,,,,,,,,,,,,,,,,,,,,,,,,,,,,,,
16662,2172_?_?,,,,,,,,,,,,,,,,,,,,,,,,,,,,,,,,,,,,,,,
16663,2173_?_?,,,,,,,,,,,,,,,,,,,,,,,,,,,,,,,,,,,,,,,
16664,2172_?_?,,,,,,,,,,,,,,,,,,,,,,,,,,,,,,,,,,,,,,,
16665,2173_?_?,,,,,,,,,,,,,,,,,,,,,,,,,,,,,,,,,,,,,,,
16666,2172_?_?,,,,,,,,,,,,,,,,,,,,,,,,,,,,,,,,,,,,,,,
16667,2172_?_?,,,,,,,,,,,,,,,,,,,,,,,,,,,,,,,,,,,,,,,
16668,2172_?_?,,,,,,,,,,,,,,,,,,,,,,,,,,,,,,,,,,,,,,,
16669,2173_?_?,,,,,,,,,,,,,,,,,,,,,,,,,,,,,,,,,,,,,,,
16670,2172_?_?,,,,,,,,,,,,,,,,,,,,,,,,,,,,,,,,,,,,,,,
16671,2172_?_?,,,,,,,,,,,,,,,,,,,,,,,,,,,,,,,,,,,,,,,
16672,2173_?_?,,,,,,,,,,,,,,,,,,,,,,,,,,,,,,,,,,,,,,,
16673,2172_1031_1031,,,,,,,,,,,,,,,,,,,,,,,,,,,,,,,,,,,,,,,
16674,2173_1031_1031,,,,,,,,,,,,,,,,,,,,,,,,,,,,,,,,,,,,,,,
16675,2172_1011_1011,,,,,,,,,,,,,,,,,,,,,,,,,,,,,,,,,,,,,,,
16676,2172_?_?,,,,,,,,,,,,,,,,,,,,,,,,,,,,,,,,,,,,,,,
16677,2173_?_?,,,,,,,,,,,,,,,,,,,,,,,,,,,,,,,,,,,,,,,
16678,2172_1016_1016,,,,,,,,,,,,,,,,,,,,,,,,,,,,,,,,,,,,,,,
16679,2173_1016_1016,,,,,,,,,,,,,,,,,,,,,,,,,,,,,,,,,,,,,,,
16680,2172_1003_1003,,,,,,,,,,,,,,,,,,,,,,,,,,,,,,,,,,,,,,,
16681,2173_1003_1003,,,,,,,,,,,,,,,,,,,,,,,,,,,,,,,,,,,,,,,
16682,2172_1018_1018,,,,,,,,,,,,,,,,,,,,,,,,,,,,,,,,,,,,,,,
16683,2173_1018_1018,,,,,,,,,,,,,,,,,,,,,,,,,,,,,,,,,,,,,,,
16684,2172_?_?,,,,,,,,,,,,,,,,,,,,,,,,,,,,,,,,,,,,,,,
16685,2172_?_?,,,,,,,,,,,,,,,,,,,,,,,,,,,,,,,,,,,,,,,
16686,2173_?_?,,,,,,,,,,,,,,,,,,,,,,,,,,,,,,,,,,,,,,,
16687,2172_?_?,,,,,,,,,,,,,,,,,,,,,,,,,,,,,,,,,,,,,,,
16688,2173_?_?,,,,,,,,,,,,,,,,,,,,,,,,,,,,,,,,,,,,,,,
16689,2172_?_?,,,,,,,,,,,,,,,,,,,,,,,,,,,,,,,,,,,,,,,
16690,2173_?_?,,,,,,,,,,,,,,,,,,,,,,,,,,,,,,,,,,,,,,,
16691,2172_?_?,,,,,,,,,,,,,,,,,,,,,,,,,,,,,,,,,,,,,,,
16692,2173_?_?,,,,,,,,,,,,,,,,,,,,,,,,,,,,,,,,,,,,,,,
20098,983_190_190,,,,,,,,,,,,,,,,,,,,,,,,,,,,,,,,,,,,,,,
20252,973_11_11,971_1_1,972_1_1,983_190_190,808_64_64,974_0_0,975_7_7,,,,,,,,,,,,,,,,,,,,,,,,,,,,,,,,,
20253,973_10_10,971_1_1,972_1_1,983_190_190,808_64_64,974_0_0,975_7_7,,,,,,,,,,,,,,,,,,,,,,,,,,,,,,,,,
20254,973_52_52,971_1_1,972_1_1,983_190_190,808_64_64,974_0_0,975_7_7,,,,,,,,,,,,,,,,,,,,,,,,,,,,,,,,,
